user_id,name,total_income,total_expense,total_investment,current_investment_value,total_target_amount,current_savings,total_budget,net_savings,savings_rate,investment_rate,budget_utilization,investment_profit,goal_completion,saving_score,investment_score,goal_score,profit_score,budget_score,financial_health_score,health_category
1,Kala Parmer,914897.0,468702.0,1702677.0,1949589.91,1105102.0,415564.0,120792.0,446195.0,48.77,186.11,388.0240413272402,246912.91000000012,37.6,78.28593689131283,39.65017682900848,38.69905310827501,33.05666723023376,97.34465328985326,61.93,Good
2,Daksha Sharma,3001232.0,1565376.0,233148.0,370916.96,513626.0,152856.0,160115.0,1435856.0,47.84,7.77,977.6573088092932,137768.96000000002,29.76,77.56135566809506,1.6553751757637736,30.62988884314533,22.601720108952037,93.30964362486931,50.65,Average
3,Hemang Trivedi,3692675.0,1385141.0,2112124.0,2162186.97,1575415.0,867433.0,192697.0,2307534.0,62.49,57.2,718.8181445481766,50062.96999999974,55.06,88.97545773276198,12.18628829519792,56.66941128036229,14.200324633805081,95.0809455290682,60.9,Good
4,Benjamin Sehgal,1857175.0,994930.0,270758.0,255054.14,330906.0,248181.0,86946.0,862245.0,46.43,14.58,1144.307961263313,-15703.859999999986,75.0,76.46279703934555,3.106225233286463,77.19226018937835,7.900490973906196,92.16921103666174,58.22,Average
5,Riya Rai,2622864.0,1227223.0,1508406.0,1906478.91,2532059.0,1273180.0,95765.0,1395641.0,53.21,57.51,1281.4942828799665,398072.91000000015,50.28,81.7452278924815,12.252332864629938,51.74969123095925,47.536350317138194,91.2304103207682,60.32,Good
6,Sachi Johal,2663065.0,1132668.0,303619.0,439367.07,2462664.0,1197853.0,91526.0,1530397.0,57.47,11.4,1237.5368747678256,135748.07,48.64,85.06427736657578,2.4287357791128725,50.06175380815151,22.40813816430071,91.53122198856565,56.56,Average
7,Gaurangi Sachar,817986.0,372931.0,277169.0,338061.63,2240934.0,1018890.0,157562.0,445055.0,54.41,33.88,236.6884147192851,60892.630000000005,45.47,82.68017140631088,7.218032297924923,46.79909427748045,15.237702542900935,98.38028128049761,56.81,Average
8,Pooja Chandran,2072340.0,1012041.0,744226.0,687104.6000000001,472387.0,278469.0,116745.0,1060299.0,51.16,35.91,866.8816651676732,-57121.39999999991,58.95,80.148032723023,7.650517704205548,60.673116508851386,3.9330865452267383,94.06770938775871,56.92,Average
9,Chaaya Nadig,2596581.0,1059910.0,786616.0,973929.99,1657379.0,1229289.0,146210.0,1536671.0,59.18,30.29,724.9230558785308,187313.99,74.17,86.39657187378263,6.453193574502534,76.3379991766159,27.347660390317298,95.03916807589457,64.22,Good
10,Simon Lad,2390168.0,742000.0,1417747.0,1835316.6,1217400.0,699889.0,124349.0,1648168.0,68.96,59.32,596.7076534592156,417569.5999999999,57.49,94.01636151149201,12.637947931313647,59.17044051049815,49.403946853547396,95.9165785214941,66.69,Good
11,Darsh Shanker,2870320.0,1004118.0,748746.0,1028089.95,254290.0,128754.0,21717.0,1866202.0,65.02,26.09,4623.649675369526,279343.95000000007,50.63,90.94663030775224,5.558396182197793,52.10992177850968,36.163250859359984,68.35919518705961,56.11,Average
12,Varsha Roy,796967.0,422236.0,378343.0,439181.71,786930.0,389436.0,30224.0,374731.0,47.02,47.47,1397.022233986236,60838.71000000002,49.49,76.92247760031165,10.113341003025267,50.93659942363112,15.232537522313178,90.43982331525503,54.9,Average
13,Maya Kalita,2385580.0,1549296.0,1360799.0,1718688.24,993710.0,611429.0,137099.0,836284.0,35.06,57.04,1130.0563826140233,357889.24,61.53,67.60420724581225,12.152200775491073,63.328530259366,43.687138840102264,92.26673819593606,58.2,Average
14,Gavin Prabhakar,1125937.0,405267.0,416975.0,517564.63,1684283.0,645005.0,140117.0,720670.0,64.01,37.03,289.23471099152846,100589.63,38.3,90.15971951694586,7.889130342153479,39.41951420337587,19.040295685933785,98.0206936774727,58.02,Average
15,Sai Jayaraman,3524495.0,1510742.0,1238277.0,1619265.74,1826176.0,1531448.0,90414.0,2013753.0,57.14,35.13,1670.9160085827416,380988.74,83.86,84.8071679002727,7.484341045634668,86.31123919308358,45.89985013585477,88.56549890273453,66.5,Good
16,Chanakya Char,1112967.0,537767.0,2111919.0,2406705.13,1338013.0,1027679.0,170761.0,575200.0,51.68,189.76,314.9237823624832,294786.1299999999,76.81,80.55317491234905,40.427798372320936,79.05516673528201,37.642464094150476,97.84489686107374,71.4,Good
17,Kashvi Behl,1182749.0,571727.0,1051197.0,1493452.12,175142.0,21485.0,192476.0,611022.0,51.66,88.88,297.0380722791413,442255.1200000001,12.27,80.5375925204519,18.935617197153693,12.628653766982298,51.76858370480066,97.96729330142314,55.24,Average
18,Ryan Dewan,729344.0,504307.0,1044261.0,1176760.1,2226919.0,434125.0,94396.0,225037.0,30.85,143.18,534.246154498072,132499.1000000001,19.49,64.32411375146086,30.504069197665007,20.059695347879785,22.096917894660205,96.34401836571095,50.89,Average
19,Logan Behl,1025001.0,533028.0,1007289.0,1113281.66,5024261.0,2387932.0,216816.0,491973.0,48.0,98.27,245.84348018596413,105992.66000000016,47.53,77.68601480327231,20.936128509949295,48.919308357348704,19.557854313275936,98.31763085068152,58.9,Average
20,Henry Borah,2964750.0,1418547.0,1003514.0,1163953.9,269713.0,47500.0,94425.0,1546203.0,52.15,33.85,1502.3002382843526,160439.8999999999,17.61,80.91936112193223,7.21164088797989,18.124742692466036,24.773379453237716,89.71937928965389,49.76,Average
21,Ojasvi Vaidya,2335546.0,1755239.0,267502.0,311935.79000000004,991302.0,820515.0,229200.0,580307.0,24.85,11.45,765.8110820244328,44433.79000000004,82.77,59.649396182313986,2.4393881290212622,85.18937834499795,13.661102998192906,94.75936096564556,55.74,Average
22,Odika Mody,2106726.0,823729.0,659455.0,887510.96,2030712.0,646867.0,106134.0,1282997.0,60.9,31.3,776.1216952154823,228055.96,31.85,87.73665757693806,6.668371042652009,32.78097982708934,31.250351670657118,94.68880283032281,56.27,Average
23,Nimrat Chada,1062721.0,468485.0,997667.0,1384054.44,1673061.0,1341303.0,61794.0,594236.0,55.92,93.88,758.1399488623491,386387.44,80.17,83.85664199454617,20.00085218799267,82.51337999176617,46.416993990586654,94.81185647116982,69.26,Good
24,Divya Bahl,540379.0,400165.0,1194964.0,1309759.7,0.0,0.0,118503.0,140214.0,25.95,221.13,337.68343417466224,114795.69999999995,0.0,60.50642773665758,47.111082704844684,0.0,20.40110139849253,97.68914680404934,49.15,Average
25,Tripti Pandey,2409022.0,1334690.0,1321376.0,1630909.5,2812958.0,862938.0,165518.0,1074332.0,44.6,54.85,806.3715124639012,309533.5,30.68,75.03700818075575,11.6856278495036,31.57678056813504,39.055121172513296,94.48179567571873,53.97,Average
26,Tanish Gupta,2040557.0,977233.0,868904.0,1045800.73,1554091.0,767365.0,273757.0,1063324.0,52.11,42.58,356.9709632995686,176896.72999999998,49.38,80.8881963381379,9.071541181984745,50.82338410868671,26.34978645915901,97.55715736124704,58.39,Average
27,Eta Biswas,1713379.0,1092248.0,755735.0,1010555.0,2422091.0,1468574.0,72174.0,621131.0,36.25,44.11,1513.3538393327235,254820.0,60.63,68.53135956369304,9.397503089181473,62.40222313709346,33.81409086968618,89.64373670039919,56.23,Average
28,Naksh Badal,1958297.0,972778.0,539347.0,700018.58,4052991.0,2450183.0,228964.0,985519.0,50.33,27.54,424.8606767876173,160671.57999999996,60.45,79.501363459291,5.867314329541096,62.21696171263895,24.795572182647447,97.0925708713309,59.37,Average
29,Indira Keer,1713924.0,1012942.0,2884770.0,3077147.91,793549.0,101447.0,237368.0,700982.0,40.9,168.31,426.73907182097,192377.91000000012,12.78,72.15426567978184,35.857940261621714,13.15356113627007,27.832735521155072,97.07971653876145,53.65,Average
30,Warda Oommen,1295048.0,472707.0,1019297.0,975768.62,106523.0,42031.0,152952.0,822341.0,63.5,78.71,309.0557822061824,-43528.380000000005,39.46,89.76236852356838,16.768929225787208,40.6134211609716,5.23516792782764,97.88505307112938,58.51,Average
31,Eiravati Palla,2990251.0,1619113.0,452875.0,434311.07,1522622.0,402077.0,11080.0,1371138.0,45.85,15.15,14612.93321299639,-18563.93000000005,26.41,76.01090767432801,3.227662022242107,27.181967888019763,7.626523606835782,0.0,29.65,Poor
32,Bahadurjit Mander,2186781.0,1665783.0,733237.0,635056.3200000001,1007161.0,681216.0,211144.0,520998.0,23.82,33.53,788.9321979312697,-98180.67999999992,67.64,58.84690299961044,7.143465848566194,69.61712638946068,0.0,94.60113731834747,51.93,Average
33,Aditya Sharaf,1628824.0,540705.0,157124.0,199400.51,820332.0,569840.0,94032.0,1088119.0,66.8,9.65,575.0223328228687,42276.51000000001,69.46,92.33346318659915,2.0559035323192294,71.49032523672292,13.45445619527072,96.06497665840655,62.97,Good
34,Vanya Bose,951063.0,511659.0,116474.0,112562.43,2021612.0,330111.0,223021.0,439404.0,46.2,12.25,229.4218930055914,-3911.570000000007,16.33,76.28359953252824,2.609825727555499,16.807328118567312,9.030079635383254,98.43000792748748,47.36,Average
35,Bhavini Ahluwalia,2428163.0,1727691.0,1815932.0,2512369.38,2721591.0,1485854.0,215933.0,700472.0,28.85,74.79,800.1051252008725,696437.3799999999,54.6,62.76587456174523,15.93378499296945,56.19596541786744,76.1168145271951,94.52467814956358,59.77,Average
36,Dominic Nagar,689395.0,401019.0,1126454.0,1468297.74,0.0,0.0,112160.0,288376.0,41.83,163.4,357.54190442225394,341843.74,0.0,72.87884690299961,34.811879500617835,0.0,42.15013331634647,97.55325026665923,52.55,Average
37,Aryan Nath,383329.0,574873.0,1074219.0,1312462.8199999998,412188.0,70271.0,249018.0,-191544.0,-49.97,280.23,230.8560023773382,238243.81999999983,17.05,1.3556680950525921,59.70216029656142,17.548373816385347,32.22625127461152,98.42019395413358,38.76,Poor
38,Vamakshi Sahota,1333388.0,483318.0,1103238.0,1202253.62,1417951.0,1041121.0,15761.0,850070.0,63.75,82.74,3066.544001015164,99015.62000000013,73.42,89.95714842228283,17.627508628403422,75.5660765747221,18.889520573631476,79.0148633657762,63.32,Good
39,Tamanna Nadig,3358864.0,1545636.0,938785.0,1270754.91,1494987.0,345240.0,97887.0,1813228.0,53.98,27.95,1579.000275828251,331969.9099999999,23.09,82.34514998052201,5.954663598789893,23.76492383696995,41.204314784631926,89.194501522638,52.61,Average
40,Hemal Behl,3312329.0,1327140.0,774467.0,988512.44,868648.0,658991.0,123645.0,1985189.0,59.93,23.38,1073.3470823729224,214045.4400000001,75.86,86.980911569926,4.981038817163066,78.07739810621655,29.908277778868715,92.65481428863089,64.23,Good
41,Yadavi Krishnan,2057094.0,904153.0,664579.0,923689.56,886153.0,535942.0,298864.0,1152941.0,56.05,32.31,302.5299132715884,259110.56000000008,60.48,83.95792754187768,6.883548510801483,62.2478386167147,34.225085504942534,97.9297112437185,62.02,Good
42,Upadhriti Saini,895276.0,459929.0,410813.0,637523.74,2466863.0,1140248.0,122405.0,435347.0,48.63,45.89,375.74363792328745,226710.74,46.22,78.17686014803273,9.77672674592015,47.57101687937423,31.12149245338955,97.42869119808807,57.52,Average
43,Sanaya Varty,777420.0,506161.0,1024329.0,1252473.3,668529.0,514368.0,41345.0,271259.0,34.89,131.76,1224.2375136050307,228144.30000000005,76.94,67.4717569146864,28.071072478588775,79.18896665294359,31.25881379822988,91.62223288260687,63.14,Good
44,Jason Yogi,1146814.0,825211.0,216234.0,307902.9,1789990.0,945299.0,134492.0,321603.0,28.04,18.86,613.5762721946287,91668.90000000002,52.81,62.13478768991041,4.018066385444629,54.35364347468094,18.18577502369615,95.80114229462892,51.29,Average
45,Azaan Sachar,626609.0,582644.0,164033.0,206141.19,390241.0,330309.0,80448.0,43965.0,7.02,26.18,724.2492044550518,42108.19,84.64,45.757693805999224,5.577570412032895,87.11403869905311,13.438332748213377,95.04377941171371,52.62,Average
46,Jagrati Samra,2341263.0,1312929.0,1979105.0,2199994.16,1947405.0,1106239.0,57276.0,1028334.0,43.92,84.53,2292.2847265870523,220889.16000000012,56.81,74.50720685625244,18.00886275512378,58.47056401811446,30.563840736896697,84.3133155186917,57.57,Average
47,Dhruv Varkey,3649810.0,1656354.0,964804.0,1177481.93,335271.0,139999.0,87353.0,1993456.0,54.62,26.43,1896.1615514063628,212677.92999999996,41.76,82.84378652123101,5.630832161574843,42.98065047344586,29.77728339266751,87.02408665140574,54.96,Average
48,Ansh Saraf,2491590.0,1170476.0,1144587.0,1194261.03,511582.0,217498.0,195991.0,1321114.0,53.02,45.94,597.2090555178554,49674.03000000003,42.51,81.59719516945852,9.78737909582854,43.75257307533965,14.163067899617356,95.91314730031948,55.79,Average
49,Akshay Madan,4233497.0,1420857.0,737298.0,876974.13,658901.0,363290.0,55472.0,2812640.0,66.44,17.42,2561.394937986732,139676.13,55.14,92.05298013245033,3.711278708083004,56.751749691230955,22.784408764633774,82.47172623968001,58.48,Average
50,Hemal Narang,3403490.0,1552805.0,951797.0,1458718.62,1739697.0,1216415.0,83016.0,1850685.0,54.38,27.97,1870.488821432013,506921.6199999999,69.92,82.65679781846515,5.958924538753249,71.9637710992178,57.96301626856953,87.1997716394923,63.62,Good
51,Yachana Raval,1526540.0,1058676.0,171430.0,186078.92,1016944.0,800592.0,44495.0,467864.0,30.65,11.23,2379.3145297224405,14648.920000000013,78.73,64.1682898324893,2.392517789424347,81.0312885961301,10.807997160771315,83.71774855163004,53.76,Average
52,Elijah Mander,2440361.0,1137981.0,859758.0,949400.1,1659076.0,782014.0,120009.0,1302380.0,53.37,35.23,948.2463815213858,89642.09999999998,47.14,81.86988702765875,7.505645745451446,48.51790860436394,17.99162695753752,93.51091004317985,56.27,Average
53,Xiti Reddy,3119650.0,1716301.0,352909.0,303543.92,724134.0,255860.0,160285.0,1403349.0,44.98,11.31,1070.7807967058675,-49365.080000000016,35.33,75.33307362680172,2.409561549277771,36.36270069987649,4.676067859864321,92.67237603088789,49.36,Average
54,Chanchal Dave,1809353.0,1426614.0,1610355.0,1963397.25,2974185.0,1348705.0,87121.0,382739.0,21.15,89.0,1637.5087521952228,353042.25,45.35,56.76665368134009,18.961182836933826,46.67558666117744,43.222843529666996,88.79411321240514,52.24,Average
55,Ekta Deol,2381125.0,1034866.0,0.0,0.0,1733487.0,961996.0,83064.0,1346259.0,56.54,0.0,1245.8658383896754,0.0,55.49,84.33969614335801,0.0,57.11198023878139,9.404770651341462,91.47422478273128,55.96,Average
56,Nisha Atwal,2615256.0,1693672.0,494838.0,523342.88,919515.0,586984.0,82646.0,921584.0,35.24,18.92,2049.309101468916,28504.880000000005,63.84,67.74444877288664,4.030849205334698,65.70605187319886,12.13526568197285,85.97605921002697,52.68,Average
57,Varenya Kara,1050748.0,398657.0,838938.0,750146.5700000001,2084499.0,1250387.0,136678.0,652091.0,62.06,79.84,291.6760561319305,-88791.42999999993,59.99,88.64043630697313,17.009672333716818,61.74351585014409,0.8994003997335094,98.00398693485768,62.03,Good
58,Amol Raghavan,1470499.0,509910.0,1779288.0,1881471.82,1363739.0,537497.0,117854.0,960589.0,65.32,121.0,432.66244675615593,102183.82000000008,39.41,91.18036618620958,25.778686778303296,40.56195965417867,19.193003849338872,97.03918138508047,61.95,Good
59,Yutika Uppal,2594999.0,949015.0,750507.0,821166.9199999999,2424579.0,1410765.0,136697.0,1645984.0,63.43,28.92,694.2471305149345,70659.91999999993,58.19,89.70783015192832,6.161319187012655,59.89090160559901,16.173315561013464,95.2490911961639,60.79,Good
60,William Sidhu,817515.0,553946.0,1125057.0,1210472.87,2235443.0,1138255.0,83317.0,263569.0,32.24,137.62,664.8655136406735,85415.87000000011,50.92,65.40708998831322,29.31952788785206,52.40839851790861,17.586794521361508,95.45015703589641,56.82,Average
61,Rajeshri Bhatia,2521352.0,938265.0,1777545.0,2295771.81,2033002.0,675548.0,96334.0,1583087.0,62.79,70.5,973.970768368385,518226.81000000006,33.23,89.20919361121933,15.019813370829604,34.20131741457389,59.04594540615384,93.33487155404119,61.18,Good
62,Luke Sarin,3718043.0,1772169.0,696682.0,707397.86,1759994.0,814480.0,86056.0,1945874.0,52.34,18.74,2059.320674909361,10715.859999999986,46.28,81.06739384495522,3.9925007456644934,47.632770687525735,10.43124760823241,85.90754747939414,52.87,Average
63,Ekanta Chowdhury,2778707.0,1264714.0,1413625.0,1847064.71,1635707.0,871640.0,184537.0,1513993.0,54.49,50.87,685.3444024775519,433439.71,53.29,82.7425009738995,10.837700796795772,54.84767393989296,50.9241516918268,95.31001481709352,62.11,Good
64,Zayan Lad,849226.0,633771.0,68189.0,106164.3,1801001.0,1262967.0,143299.0,215455.0,25.37,8.03,442.271753466528,37975.3,70.13,60.05453837164004,1.7107673952874003,72.17990942774804,13.04244139181594,96.97342246748119,53.49,Average
65,Orinder Manda,2948225.0,1479237.0,827861.0,966351.42,2768604.0,1843276.0,203500.0,1468988.0,49.83,28.08,726.8977886977888,138490.41999999993,66.58,79.11180366186208,5.982359708551707,68.5261424454508,22.67082908063685,95.02565447947642,59.91,Average
66,Yatan Sankar,3029027.0,1730242.0,884440.0,966005.79,3813513.0,1604493.0,83785.0,1298785.0,42.88,29.2,2065.097571164289,81565.79000000004,42.07,73.69692247760031,6.220972346499638,43.299711815561956,17.21799365963069,85.86801471639082,50.91,Average
67,Samarth Pal,3075281.0,1706292.0,684952.0,799384.45,1550232.0,1475492.0,131045.0,1368989.0,44.52,22.27,1302.0657026212368,114432.44999999995,95.18,74.97467861316713,4.744556649196813,97.96212433100042,20.366305520738372,91.08963488957022,63.29,Good
68,Reva Kapadia,4373521.0,1401882.0,1171488.0,1327836.53,1535829.0,184058.0,137914.0,2971639.0,67.95,26.79,1016.4899865133344,156348.53000000003,11.98,93.22945072068562,5.70752908091525,12.330177027583368,24.381465315957573,93.04390178414494,52.62,Average
69,Caleb Borra,1225534.0,335295.0,428296.0,519012.37,2672039.0,926865.0,83597.0,890239.0,72.64,34.95,401.0849671638934,90716.37,34.69,96.88352162056876,7.445992585964464,35.70399341292713,18.09453175477071,97.25527406908849,58.96,Average
70,Unni Sheth,1868452.0,514602.0,1838785.0,2356488.56,3302161.0,2104350.0,188067.0,1353850.0,72.46,98.41,273.6269520968591,517703.56000000006,63.73,96.74328009349435,20.965955089692788,65.59283655825442,58.99582305781287,98.12750152136806,71.86,Good
71,Faris Vaidya,1409273.0,1012889.0,822967.0,865511.1799999999,2092943.0,1035033.0,103362.0,396384.0,28.13,58.4,979.9433060505796,42544.179999999935,49.45,62.20490845344761,12.441944692999275,50.89543021819679,13.480096422658061,93.29399996724106,51.34,Average
72,Chanchal Rout,3969132.0,1520928.0,1722259.0,2098534.12,2152523.0,675844.0,159668.0,2448204.0,61.68,43.39,952.5565548513164,376275.1200000001,31.4,88.34437086092716,9.24410925050066,32.317826265953066,45.44833039655805,93.48141443632866,58.06,Average
73,Jai Baral,1590811.0,818267.0,2011807.0,2284027.99,61315.0,51375.0,181375.0,772544.0,48.56,126.46,451.14651964162647,272220.9900000002,83.79,78.1223217763927,26.94192338829946,86.2391930835735,35.48093937854036,96.91269019665137,69.0,Good
74,Abeer Jha,725613.0,506911.0,2231634.0,2736557.53,2728232.0,1389738.0,182582.0,218702.0,30.14,307.55,277.63470659758354,504923.5299999998,50.94,63.7709388391118,65.5226042865056,52.42898312062577,57.771618345976826,98.10007544309678,68.12,Good
75,Xalak Patla,3643563.0,1353859.0,663689.0,848119.39,2339286.0,609374.0,111442.0,2289704.0,62.84,18.22,1214.8552610326446,184430.39,26.05,89.24814959096223,3.8817163066172395,26.811445039110748,27.071439074166214,91.68643801128043,53.96,Average
76,Meera Nayak,857725.0,589464.0,392480.0,368307.8,1491098.0,963674.0,184895.0,268261.0,31.28,45.76,318.8101354823007,-24172.20000000001,64.63,64.65913517724971,9.749030636158336,66.51914368052697,7.089304949348399,97.81830156317447,54.92,Average
77,Ayushman Rout,2652137.0,1545177.0,693503.0,772939.86,3180918.0,1783903.0,170504.0,1106960.0,41.74,26.15,906.2409093041806,79436.85999999999,56.08,72.80872613946241,5.57117900208786,57.71922601893783,17.014062515715604,93.79836411968138,54.96,Average
78,Robert Mutti,2627853.0,1730483.0,1492750.0,1681119.87,237507.0,64397.0,159527.0,897370.0,34.15,56.8,1084.7586928858436,188369.8700000001,27.11,66.89520841449162,12.101069495930803,27.902428983120625,27.448803601337424,92.57672175001056,49.33,Average
79,Daniel Loke,1940839.0,971509.0,1072005.0,1284312.48,1885771.0,1183786.0,55951.0,969330.0,49.94,55.23,1736.3568122106844,212307.48,62.77,79.19750681729646,11.766585708807362,64.60477562783039,29.74179782373695,88.11767092272474,59.63,Average
80,Rachit Dass,2029307.0,1412293.0,271947.0,353666.91000000003,4507019.0,2855538.0,88624.0,617014.0,30.41,13.4,1593.5784888969129,81719.91000000003,63.36,63.98130112972342,2.854829775448464,65.21202140798682,17.232756882423452,89.09473912137213,52.35,Average
81,Omya Golla,3799330.0,1491270.0,705680.0,1015465.13,2018313.0,831011.0,99654.0,2308060.0,60.75,18.57,1496.447709073394,309785.1300000001,41.17,87.6197896377094,3.9562827559759683,42.37340469328942,39.07922492122432,89.75942962811538,57.41,Average
82,Yug Joshi,2103814.0,1321562.0,2225302.0,2708495.9,659836.0,513495.0,196878.0,782252.0,37.18,105.77,671.2593585875517,483193.8999999999,77.82,69.2559407869108,22.533980996207763,80.09468917249897,55.690127501866684,95.40640233686588,65.95,Good
83,Yashawini Natt,3010715.0,1384095.0,584238.0,746611.56,2841455.0,1234755.0,79673.0,1626620.0,54.03,19.41,1737.2196352591218,162373.56000000006,43.46,82.3841059602649,4.135242234436917,44.730341704405106,24.958605597706,88.11176640625388,54.61,Average
84,Chavvi Nazareth,1776769.0,1606373.0,534933.0,651166.9199999999,2372465.0,1284196.0,148503.0,170396.0,9.59,30.11,1081.7108071890805,116233.91999999993,54.13,47.7600311647838,6.414845114832332,55.712227254014,20.538869126788686,92.59757920314702,47.33,Average
85,Osha Dave,1522710.0,1071698.0,1237979.0,1333224.4400000002,1762438.0,536529.0,241289.0,451012.0,29.62,81.3,444.155348979854,95245.44000000018,30.44,63.36579664978574,17.3207209510418,31.329765335529025,18.52837336814997,96.9605325467112,49.98,Average
86,Abeer Sarma,1301472.0,391445.0,1249018.0,1573192.42,992625.0,524357.0,32301.0,910027.0,69.92,95.97,1211.8665056809386,324174.4199999999,52.83,94.76431632255552,20.446120414163367,54.3742280773981,40.4575813584138,91.70689082050184,65.78,Good
87,Qushi Mann,1040995.0,551521.0,1268592.0,1530067.47,1227055.0,884519.0,239842.0,489474.0,47.02,121.86,229.9518016027218,261475.47,72.08,76.92247760031165,25.961907196727594,74.18690819267188,34.45162127716435,98.42638162885595,66.24,Good
88,Henry Khare,2451075.0,997548.0,382780.0,446272.66,58226.0,29042.0,111925.0,1453527.0,59.3,15.62,891.2646861737771,63492.65999999997,49.88,86.49006622516556,3.32779411138097,51.3379991766159,15.486760563650098,93.9008502045222,57.21,Average
89,Lucky Gade,1989216.0,1033845.0,1243773.0,1283463.12,931813.0,166974.0,52159.0,955371.0,48.03,62.53,1982.1028010506336,39690.12000000011,17.92,77.70938839111805,13.321828795432273,18.443804034582133,13.20670475613909,86.4359689313587,48.27,Average
90,Gaurang Aggarwal,1042896.0,417622.0,1148879.0,1217321.44,1013267.0,499157.0,121671.0,625274.0,59.96,110.16,343.2387339629,68442.43999999994,49.26,87.00428515777172,23.469257318164384,50.6998764923837,15.960902173532986,97.65113048174591,62.06,Good
91,Tristan Kapadia,2236855.0,1092708.0,2393033.0,2560640.25,1443379.0,482531.0,94201.0,1144147.0,51.15,106.98,1159.9749471873972,167607.25,33.43,80.14024152707441,22.7917678639908,34.407163441745574,25.4599430717408,92.0619978872158,56.44,Average
92,Daniel Bala,2162426.0,1254819.0,447237.0,584042.89,953572.0,816690.0,118748.0,907607.0,41.97,20.68,1056.7074813891602,136805.89,85.65,72.98792364627971,4.405811922110018,88.15356113627007,22.50946720877669,92.76868328906512,61.21,Good
93,Ekanta Ganesan,952590.0,901999.0,1007619.0,1044199.21,1832879.0,319467.0,189806.0,50591.0,5.31,105.78,475.2215419955112,36580.20999999996,17.43,44.42539929879237,22.536111466189443,17.93948126801153,12.908805105247339,96.74793872613569,42.06,Average
94,Darika Vohra,1722911.0,978286.0,526002.0,610119.37,1038478.0,471995.0,62593.0,744625.0,43.22,30.53,1562.9319572476156,84117.37,45.45,73.96182313985197,6.504324854062807,46.77850967476328,17.46241063350528,89.304461093016,52.45,Average
95,Hema Bhagat,696764.0,615821.0,1542304.0,2051453.31,640606.0,298087.0,225854.0,80943.0,11.62,221.35,272.6633134679926,509149.31000000006,46.53,49.34164394234515,47.157953044441605,47.89007822149033,58.17640767645435,98.1340959443687,59.26,Average
96,Qabil Wason,3633052.0,1500349.0,1533585.0,1802155.71,0.0,0.0,142653.0,2132703.0,58.7,42.21,1051.7472468156996,268570.71,0.0,86.02259446825087,8.992713792662661,0.0,35.131277446954826,92.80262742951359,49.68,Average
97,Naveen Aurora,3167977.0,1399148.0,564625.0,529895.5700000001,2003455.0,1204213.0,197012.0,1768829.0,55.83,17.82,710.184151219215,-34729.429999999935,60.11,83.78652123100896,3.7964975073501215,61.8670234664471,6.078023230139884,95.14003013038071,57.9,Average
98,Devika Soman,3322530.0,1290802.0,661663.0,601443.85,336784.0,129819.0,164544.0,2031728.0,61.15,19.91,784.4722384286271,-60219.15000000002,38.55,87.93143747565252,4.241765733520815,39.67682173734047,3.636351706099589,94.63165794988417,54.45,Average
99,Zaid Kuruvilla,1504476.0,912290.0,1386857.0,1738354.09,3199772.0,1473830.0,44789.0,592186.0,39.36,92.18,2036.861729442497,351497.08999999985,46.06,70.95442150370081,19.63867229110742,47.40634005763689,43.07483197159235,86.06123972679926,56.22,Average
100,Christopher Ganguly,3071875.0,1261946.0,1030922.0,1019641.76,3197455.0,2218210.0,120427.0,1809929.0,58.92,33.56,1047.8929143796656,-11280.23999999999,69.37,86.19400077911959,7.149857258511227,71.39769452449568,8.324231485264308,92.82900360177041,60.97,Good
101,Atharv Gupta,2350428.0,1114002.0,569791.0,597083.65,843768.0,775161.0,100696.0,1236426.0,52.6,24.24,1106.302137125606,27292.650000000023,91.87,81.26996493961823,5.1642592355873695,94.5553725813092,12.019145635476173,92.4292945091839,64.01,Good
102,Tejas Desai,2036033.0,957663.0,286710.0,252332.23,821878.0,492196.0,293499.0,1078370.0,52.96,14.08,326.29174205022844,-34377.76999999999,59.89,81.55044799376705,2.9997017342025654,61.64059283655826,6.1117088966809,97.7671030360966,57.56,Average
103,Christopher Banerjee,1818294.0,951907.0,939731.0,1123315.57,3354557.0,2395713.0,163652.0,866387.0,47.65,51.68,581.6653630875271,183584.5700000001,71.42,77.41332294507207,11.010268865311689,73.50761630300535,26.990417603217782,96.01951672118635,62.03,Good
104,Wakeeta Saraf,2903074.0,1390390.0,947386.0,1109406.08,1475834.0,1059783.0,67536.0,1512684.0,52.11,32.63,2058.739042880834,162020.08000000007,71.81,80.8881963381379,6.951723550215178,73.90901605599012,24.924745592562054,85.91152773455612,60.11,Good
105,Sathvik Rama,1791125.0,902752.0,2391255.0,3337019.8200000003,81051.0,48447.0,176729.0,888373.0,49.6,133.51,510.81146840643015,945764.8200000004,59.77,78.93260615504481,28.443904725382417,61.517085220255254,100.0,96.50438785313733,70.97,Good
106,Vamakshi Nayak,1376143.0,452758.0,457818.0,373081.79,1297756.0,881468.0,181643.0,923385.0,67.1,33.27,249.2570591765166,-84736.21000000002,67.92,92.5671990650565,7.088073629042567,69.90531082750103,1.2878517125654447,98.29427086579145,62.96,Good
107,Lila Barad,3133537.0,1628701.0,1536056.0,1610336.18,2116290.0,2031318.0,242911.0,1504836.0,48.02,49.02,670.4928965752889,74280.17999999993,95.98,77.70159719516947,10.44356385018535,98.78550843968712,16.52010186355512,95.41164743038058,65.89,Good
108,Naksh Khosla,2192345.0,991893.0,1095455.0,1294598.56,785625.0,150037.0,226844.0,1200452.0,54.76,49.97,437.2577630442066,199143.56000000008,19.1,82.9528632645111,10.645958498444756,19.65829559489502,28.48082011944109,97.00773447280714,53.2,Average
109,Elijah Munshi,1761124.0,1103063.0,0.0,0.0,1336632.0,564919.0,214867.0,658061.0,37.37,0.0,513.3701312905192,0.0,42.26,69.40397350993378,0.0,43.49526554137505,9.404770651341462,96.48687827551322,49.76,Average
110,Anvi Ahluwalia,3004977.0,1620724.0,713680.0,1068611.8,929384.0,564411.0,191750.0,1384253.0,46.07,23.75,845.2276401564537,354931.80000000005,60.73,76.18231398519674,5.059866206485151,62.505146150679295,43.40384435777537,94.21589336078858,59.55,Average
111,Hitesh Pradhan,2484466.0,1088528.0,1125317.0,1254146.5799999998,901956.0,443675.0,31591.0,1395938.0,56.19,45.29,3445.6902282295587,128829.57999999984,49.19,84.06700428515778,9.648898547019472,50.627830382873604,21.745412954986605,76.4202697842686,54.73,Average
112,Devansh Nair,1222937.0,523230.0,717843.0,854917.27,177997.0,35061.0,270439.0,699707.0,57.22,58.7,193.47431398577868,137074.27000000002,19.7,84.86949746786132,12.505858792449615,20.275833676410045,22.53517544737727,98.67600630779789,54.01,Average
113,Lekha Anne,838508.0,688346.0,1852075.0,2395818.73,194416.0,165949.0,137690.0,150162.0,17.91,220.88,499.9244680078437,543743.73,85.36,54.24230619400079,47.05782095530274,87.85508439687113,61.49022243019389,96.57889035198475,68.72,Good
114,Geetika Sridhar,4320473.0,1386284.0,579416.0,916928.99,0.0,0.0,177933.0,2934189.0,67.91,13.41,779.1044943883372,337512.99,0.0,93.19828593689132,2.856960245430142,0.0,41.7352888632596,94.66839078074058,51.64,Average
115,Janaki Puri,825874.0,511625.0,628812.0,867028.64,651291.0,151166.0,87875.0,314249.0,38.05,76.14,582.2190611664296,238216.64,23.21,69.93377483443707,16.221398440495975,23.888431453272954,32.223647690420606,96.01572762511076,51.43,Average
116,Falan Srinivasan,1127479.0,457882.0,787870.0,892601.4299999999,2984335.0,1579475.0,359475.0,669597.0,59.39,69.88,127.3751999443633,104731.42999999992,52.93,86.56018698870277,14.88772423196557,54.477151090983945,19.437040535162016,99.12833927256249,61.61,Good
117,Hritik Bhandari,2659325.0,2102044.0,1771352.0,2266561.98,838853.0,654424.0,151971.0,557281.0,20.96,66.61,1383.1875818412725,495209.98,78.01,56.6186209583171,14.19106054795688,80.29024289831207,56.84115310617266,90.5344973409507,59.67,Average
118,Ethan Master,2747106.0,958340.0,623506.0,824776.36,746804.0,669727.0,87396.0,1788766.0,65.11,22.7,1096.5490411460478,201270.36,89.68,91.01675107128943,4.836166858408965,92.30135858377935,28.68454722971648,92.49603741314027,68.1,Good
119,Bhavika Narasimhan,1436756.0,1067896.0,862105.0,989625.78,714333.0,113110.0,68923.0,368860.0,25.67,60.0,1549.4044078174195,127520.78000000004,15.83,60.28827425009739,12.782819890067747,16.292713050638124,21.620042425586384,89.39703353711754,43.94,Average
120,Shravya Khalsa,2152654.0,1454182.0,1473214.0,1739340.9300000002,1975949.0,903551.0,23056.0,698472.0,32.45,68.44,6307.173837612769,266126.93000000017,45.73,65.57070510323335,14.580936554603946,47.06669411280362,34.89718668263813,56.83841330361162,46.86,Average
121,Wriddhish Goel,1361962.0,322415.0,818126.0,836178.63,1957549.0,794599.0,129218.0,1039547.0,76.33,60.07,249.51245182559708,18052.630000000005,40.59,99.75847292559408,12.797733179939494,41.776451214491566,11.13404004327811,98.29252314926283,61.61,Good
122,Ranveer Sanghvi,1565386.0,1051416.0,863113.0,1250959.35,569449.0,306739.0,184143.0,513970.0,32.83,55.14,570.9779899317379,387846.3500000001,53.87,65.86677054927931,11.74741147897226,55.444627418690814,46.55674362311058,96.09265312029262,57.07,Average
123,Sai Setty,2965061.0,1013852.0,1163784.0,1400701.58,1455845.0,675541.0,244765.0,1951209.0,65.81,39.25,414.2144505954692,236917.58000000007,46.4,91.56213478768991,8.362094678085986,47.756278303828736,32.09921015991734,97.16542569135211,61.34,Good
124,Baghyawati Sandhu,2355469.0,1506738.0,279157.0,311223.29,0.0,0.0,85995.0,848731.0,36.03,11.85,1752.1227978370837,32066.28999999998,0.0,68.35995325282433,2.5246069282883803,0.0,12.476414717051787,88.0097802932625,39.86,Poor
125,Imaran Buch,1220319.0,614403.0,1249737.0,1390424.27,2146202.0,837768.0,122537.0,605916.0,49.65,102.41,501.4020255106621,140687.27000000002,39.03,78.9715621347877,21.81814308236397,40.170852202552496,22.881266311316047,96.56877905207473,57.69,Average
126,Chakradev Wadhwa,1047510.0,389789.0,691647.0,723923.15,380348.0,156060.0,185790.0,657721.0,62.79,66.03,209.80085042252003,32276.150000000023,41.03,89.20919361121933,14.06749328901956,42.22931247426925,12.496517299035236,98.56427968728462,58.98,Average
127,Yahvi Raman,1761207.0,1093782.0,1146812.0,1235691.47,1278110.0,534882.0,130050.0,667425.0,37.9,65.12,841.0472895040369,88879.46999999997,41.85,69.81690689520842,13.873620520686863,43.07328118567312,17.91857429338982,94.24450055820395,52.98,Average
128,Ethan Bhandari,965761.0,497611.0,942030.0,1312952.07,0.0,0.0,26827.0,468150.0,48.47,97.54,1854.888731501845,370922.07000000007,0.0,78.05220101285548,20.780604201286806,0.0,44.935559375465466,87.30652700272282,49.53,Average
129,Eta Sekhon,1280394.0,1126011.0,809939.0,946431.76,1037929.0,680433.0,137961.0,154383.0,12.06,63.26,816.1806597516689,136492.76,65.56,49.68445656408259,13.477353104094764,67.47632770687527,22.47947234793386,94.41466919847565,52.23,Average
130,Balhaar Hayre,1310383.0,549975.0,160302.0,153904.71,4456227.0,3196528.0,229626.0,760408.0,58.03,12.23,239.5090277233414,-6397.290000000008,71.73,85.50058433969615,2.605564787592143,73.82667764512145,8.791971419963962,98.36097911191213,61.49,Good
131,Oscar Sule,1432390.0,464848.0,1472701.0,1740562.72,2390820.0,2117155.0,87051.0,967542.0,67.55,102.81,533.995014416836,267861.72,88.55,92.91780288274249,21.90336188163109,91.13832853025937,35.06336298207136,96.34573698084165,73.26,Good
132,Faraj Sha,2286148.0,1375584.0,1470197.0,1824718.45,535615.0,74364.0,60406.0,910564.0,39.83,64.31,2277.230738668344,354521.44999999995,13.88,71.32060771328399,13.70105245217095,14.285714285714288,43.3645367502422,84.41633376765843,48.21,Average
133,Rajata Khurana,835367.0,464853.0,92100.0,146289.06,1047083.0,563428.0,149532.0,370514.0,44.35,11.03,310.87192039162187,54189.06,53.81,74.8422282820413,2.3499083897907878,55.38287361053932,14.595564615202603,97.87262477792521,55.03,Average
134,Harrison Tak,1050273.0,638267.0,2200361.0,2350751.07,771403.0,361811.0,109638.0,412006.0,39.23,209.5,582.1585581641401,150390.06999999983,46.9,70.8531359563693,44.63334611615322,48.27089337175793,23.810701803877663,96.01614166246662,61.42,Good
135,Nathan Gaba,1694395.0,1256782.0,689747.0,950968.59,1083436.0,625176.0,83775.0,437613.0,25.83,40.71,1500.1874067442554,261221.59,57.7,60.412933385274634,8.673143295410968,59.38657883902842,34.427301999960704,89.73383793056671,53.13,Average
136,Yagnesh Chowdhury,1890771.0,1146280.0,494582.0,570431.27,865702.0,666526.0,97853.0,744491.0,39.37,26.16,1171.4306153107211,75849.27000000002,76.99,70.9622126996494,5.573309472069539,79.24042815973652,16.6704056868869,91.98360385121805,58.32,Average
137,Isaac Kamdar,929779.0,643076.0,784462.0,960677.4,1290860.0,827727.0,210743.0,286703.0,30.84,84.37,305.1470274220259,176215.40000000002,64.12,64.31632255551227,17.974775235416935,65.99423631123919,26.28452155787825,97.9118016692868,58.3,Average
138,Tanay Savant,2011672.0,844620.0,786160.0,1133389.7000000002,1434813.0,546834.0,133009.0,1167052.0,58.01,39.08,635.0096610003835,347229.7000000002,38.11,85.48500194779899,8.32587668839746,39.223960477562784,42.6660568008579,95.65446819098837,58.55,Average
139,Gavin Raghavan,638858.0,489007.0,1867125.0,2514809.87,1323839.0,929874.0,238361.0,149851.0,23.46,292.26,205.15394716417535,647684.8700000001,70.24,58.56641994546163,62.26511568452,72.29312474269246,71.44679008626407,98.59607962225054,71.35,Good
140,Lakshit Varghese,3229458.0,1534933.0,1630156.0,1928906.82,2107168.0,565313.0,254780.0,1694525.0,52.47,50.48,602.4542742758458,298750.82000000007,26.83,81.16867939228672,10.754612467510333,27.61424454508028,38.022243498343535,95.87725294097672,55.0,Average
141,Falan Prakash,2839490.0,1499295.0,1128920.0,1418118.13,2183968.0,1174141.0,146247.0,1340195.0,47.2,39.76,1025.1800036923837,289198.1300000001,53.76,77.06271912738606,8.470748647151561,55.3314121037464,37.107187108905585,92.98443379744859,58.19,Average
142,Warinder Nazareth,1251662.0,861689.0,1784491.0,2431473.01,1575567.0,460443.0,99212.0,389973.0,31.16,142.57,868.5330403580211,646982.0100000002,29.22,64.56564082586678,30.37411052878265,30.074104569781802,71.37946281678497,94.05640860942573,57.41,Average
143,Victor Zacharia,4471081.0,1386571.0,1134704.0,1372402.05,239003.0,84762.0,135240.0,3084510.0,68.99,25.38,1025.2669328601005,237698.05000000005,35.46,94.03973509933775,5.407132813498658,36.49650061753809,32.173971725535466,92.98383891915518,58.41,Average
144,Damyanti Patil,2990219.0,1568660.0,963693.0,1203876.38,1968876.0,448864.0,110548.0,1421559.0,47.54,32.23,1418.9854180989255,240183.3799999999,22.8,77.32761978963771,6.866504750948059,23.46644709757102,32.41204258268269,90.28952368825641,50.56,Average
145,Andrew Raju,3347334.0,1596722.0,1204760.0,1332610.5,365803.0,52536.0,137168.0,1750612.0,52.3,35.99,1164.0630467747578,127850.5,14.36,81.03622906116088,7.667561464058973,14.779744750926307,21.651626449848184,92.03402198718415,49.37,Average
146,Christopher Kothari,3169934.0,1395726.0,1021372.0,1236867.43,1358308.0,779925.0,269418.0,1774208.0,55.97,32.22,518.0522459523862,215495.42999999996,57.42,83.89559797428906,6.8643742809663815,59.09839440098806,30.04717296065741,96.45483738000223,60.66,Good
147,Chaaya Cherian,1764904.0,1363524.0,1378492.0,1677300.1,4047393.0,2135037.0,90561.0,401380.0,22.74,78.11,1505.6415013085102,298808.09999999986,52.75,58.00545383716401,16.64110102688653,54.291889666529435,38.02773037481359,89.6965141812225,53.33,Average
148,Samesh Narasimhan,2259779.0,1706393.0,1285247.0,1464271.9,1710510.0,1166420.0,149576.0,553386.0,24.49,56.87,1140.8200513451354,179024.8999999999,68.19,59.36891312816518,12.115982785802547,70.18320296418278,26.553644802338795,92.1930796869001,55.36,Average
149,Omya Rai,1232996.0,616239.0,1643484.0,1998610.7,2495737.0,1189810.0,156909.0,616757.0,50.02,133.29,392.7365543085483,355126.69999999995,47.67,79.25983638488509,28.397034385785503,49.063400576368885,43.42251391475894,97.31240437094958,63.07,Good
150,Mason Toor,1015855.0,959040.0,1772020.0,2188423.34,2323976.0,599095.0,136691.0,56815.0,5.59,174.44,701.6116642646554,416403.3399999999,25.78,44.643552785352554,37.163918360390305,26.533552902428987,49.29223029363119,95.19869382800806,50.1,Average
151,Teerth Patil,2919709.0,1228464.0,1014913.0,1358886.3,1824449.0,688930.0,139173.0,1691245.0,57.93,34.76,882.6884525015627,343973.30000000005,37.76,85.42267238021036,7.405513656312582,38.86372993001235,42.3541248082395,93.95953954188663,57.91,Average
152,Ati Sahota,3403823.0,1351835.0,1794371.0,1972552.5,1507948.0,803720.0,89197.0,2051988.0,60.28,52.72,1515.5610614706773,178181.5,53.3,87.25360342812623,11.231837743406196,54.857966241251546,26.472855144257995,89.62863212073827,59.97,Average
153,Ekbal Krishna,2412550.0,1680000.0,444701.0,688160.63,2304433.0,1417455.0,308940.0,732550.0,30.36,18.43,543.7949116333269,243459.63,61.51,63.94234514998052,3.926456176232477,63.307945656648826,32.72587601555826,96.27867380417719,55.16,Average
154,Naveen Karpe,2931811.0,1588634.0,0.0,0.0,690127.0,379905.0,144507.0,1343177.0,45.81,0.0,1099.3474364563656,0.0,55.05,75.97974289053371,0.0,56.65911897900371,9.404770651341462,92.47688728585557,53.56,Average
155,Bina Garde,1153659.0,560256.0,1149390.0,1202284.36,1177930.0,971340.0,124883.0,593403.0,51.44,99.63,448.6247127311163,52894.35999999987,82.46,80.36618620958318,21.225872427457496,84.87031700288185,14.471544731022812,96.92994755952131,66.16,Good
156,Krishna Pal,2992640.0,1567737.0,1592760.0,1757602.19,985583.0,409430.0,157504.0,1424903.0,47.61,53.22,995.363292360829,164842.18999999994,41.54,77.38215816127776,11.338361242490093,42.75421984355702,25.19507675448573,93.18847709865959,55.19,Average
157,Madhavi Varma,2586027.0,1006742.0,427709.0,554545.0,1637325.0,954346.0,179705.0,1579285.0,61.07,16.54,560.219248212348,126836.0,58.29,87.8691079080639,3.523797349695343,59.993824619184856,21.554447047283585,96.1662779125405,60.45,Good
158,Chameli Rege,3079230.0,1494947.0,2102031.0,2561036.23,936040.0,686205.0,125308.0,1584283.0,51.45,68.26,1193.0180036390334,459005.23,73.31,80.37397740553175,14.542588094933745,75.45286125977769,53.37308413130759,91.83587588987274,65.82,Good
159,Priya Sem,1933034.0,1787993.0,1222403.0,1483889.73,1905707.0,1053799.0,297424.0,145041.0,7.5,63.24,601.1596239711657,261486.73,55.3,46.13167121153097,13.473092164131408,56.9164265129683,34.4526998775319,95.88611256064246,50.54,Average
160,George Lall,1707373.0,1112437.0,518208.0,533646.46,2848451.0,1252367.0,98536.0,594936.0,34.85,30.35,1128.9650483072176,15438.459999999965,43.97,67.4405921308921,6.465976394392603,45.25524907369288,10.883627545690828,92.27420647277616,50.12,Average
161,Ekbal Sathe,1025831.0,434881.0,2252797.0,2698981.71,2734710.0,1501790.0,157742.0,590950.0,57.61,219.61,275.691318735657,446184.71,54.92,85.17335410985586,46.78725126762964,56.52531906134212,52.1450008645087,98.11337453803961,71.05,Good
162,Jyoti Chopra,1031031.0,776940.0,1713248.0,2276296.5700000003,378171.0,64949.0,139724.0,254091.0,24.64,166.17,556.0533623429046,563048.5700000003,17.17,59.48578106739384,35.402019685542626,17.67188143268835,63.33944157046513,96.19478612378543,54.03,Average
163,Aadhya Keer,2197542.0,1507199.0,617914.0,574441.4400000001,820746.0,427959.0,15911.0,690343.0,31.41,28.12,9472.685563446672,-43472.55999999994,52.14,64.76042072458122,5.990881588478419,53.66405928365583,5.240514950253625,35.176015483175576,38.92,Poor
164,Mugdha Bali,3466874.0,1657151.0,1281869.0,1608449.14,2326349.0,1148310.0,183783.0,1809723.0,52.2,36.97,901.6889483793386,326580.14000000013,49.36,80.9583171016751,7.87634752226341,50.80279950596953,40.68802633853969,93.82951434023254,58.86,Average
165,Udant Date,2705546.0,1045216.0,1897013.0,1893832.7,324281.0,315079.0,102171.0,1660330.0,61.37,70.12,1023.0065282712316,-3180.3000000000466,97.16,88.10284378652123,14.938855511525844,100.0,9.100128311295927,92.99930743978632,68.93,Good
166,Rudra Bal,3122745.0,1430031.0,1120583.0,1428621.48,2264377.0,1208179.0,18863.0,1692714.0,54.21,35.88,7581.142978317341,308038.48,53.36,82.52434748733931,7.644126294260515,54.91972004940304,38.91191254715881,48.120320076636936,50.79,Average
167,Ranveer Bhagat,1175912.0,520201.0,1594886.0,1682205.47,2680384.0,1191919.0,258436.0,655711.0,55.76,135.63,201.28813323221223,87319.46999999997,44.47,83.73198285936891,28.895564361498145,45.769864141622065,17.769141205168264,98.62253436528957,61.55,Good
168,Laksh Mohan,1622838.0,803138.0,434567.0,531168.45,710706.0,313383.0,161589.0,819700.0,50.51,26.78,497.0251687924302,96601.44999999995,44.09,79.64160498636541,5.705398610933572,45.37875668999589,18.658266164277716,96.59873099022728,55.29,Average
169,Unnati Bhandari,3308266.0,1522104.0,346291.0,295219.27,1169751.0,443045.0,75937.0,1786162.0,53.99,10.47,2004.429988016382,-51071.72999999998,37.88,82.3529411764706,2.2306020708168224,38.98723754631536,4.512587103445527,86.28317834072018,50.66,Average
170,Karan Anne,1180243.0,768889.0,618549.0,792905.3,2339523.0,1087265.0,92560.0,411354.0,34.85,52.41,830.6925237683664,174356.30000000005,46.47,67.4405921308921,11.165793173974178,47.82832441333883,26.106437548703443,94.31536084056302,53.5,Average
171,Bhavya Raghavan,617102.0,539392.0,1145659.0,1170693.48,3363099.0,2007082.0,105062.0,77710.0,12.59,185.65,513.4035141154746,25034.47999999998,59.68,50.09738994935723,39.55217520985129,61.42445450802799,11.802834534944578,96.48664982839402,55.7,Average
172,Gauri Kara,520597.0,309980.0,446376.0,391657.24,1960558.0,1023074.0,21157.0,210617.0,40.46,85.74,1465.1415607127665,-54718.76000000001,52.18,71.81145305804442,18.266649622906815,53.70522848909016,4.16323649079381,89.97366552384086,54.35,Average
173,Ucchal Minhas,2291210.0,991165.0,1383081.0,1588458.73,870294.0,60402.0,164448.0,1300045.0,56.74,60.36,602.7224411364078,205377.73,6.94,84.49552006232958,12.859516809408156,7.142857142857144,29.077994014055314,95.87541780728621,51.43,Average
174,Hitesh Date,1139501.0,488758.0,528728.0,561479.88,1797898.0,979031.0,96378.0,650743.0,57.11,46.4,507.1261076179211,32751.880000000005,54.45,84.78379431242695,9.885380714985725,56.041580897488686,12.54208768561193,96.52960770964931,59.18,Average
175,Dev Loyal,1556294.0,914621.0,1922397.0,2349922.18,1720056.0,881197.0,151494.0,641673.0,41.23,123.52,603.7341412861235,427525.1799999997,51.23,72.41137514608492,26.31556521368614,52.727459860024695,50.357596253827374,95.8684944871357,61.74,Good
176,Dipta Sinha,930902.0,1066749.0,1472896.0,1749849.23,1193492.0,366095.0,153406.0,-135847.0,-14.59,158.22,695.3763216562585,276953.23,30.67,28.92091936112194,33.70829605010866,31.566488266776453,35.93424273585161,95.24136385542495,44.37,Average
177,Nachiket Halder,2680542.0,887326.0,722704.0,952380.74,0.0,0.0,216934.0,1793216.0,66.9,26.96,409.0303963417445,229676.74,0.0,92.41137514608494,5.743747070603775,0.0,31.405606901892853,97.20090148651359,51.45,Average
178,Chakradhar Chana,984784.0,373565.0,569042.0,695599.6,1444731.0,584578.0,116100.0,611219.0,62.07,57.78,321.7614125753661,126557.59999999998,40.46,88.6482275029217,12.309855554135241,41.642651296829975,21.527778988462504,97.79810522716139,59.1,Average
179,Balveer Sem,1258349.0,515064.0,2106945.0,2383382.04,1785450.0,1426372.0,132670.0,743285.0,59.07,167.44,388.22944147131983,276437.04000000004,79.89,86.31086871834826,35.67258937321573,82.22519555372581,35.88479666802528,97.34324768468771,72.53,Good
180,Hritik Johal,754162.0,538866.0,1247127.0,1750004.61,1529977.0,646062.0,124209.0,215296.0,28.55,165.37,433.8381276719078,502877.6100000001,42.23,62.5321386832879,35.2315820870084,43.4643886372993,57.575638766583104,97.03113590305017,59.66,Average
181,Idika Prabhakar,1323864.0,431491.0,1355112.0,1637316.69,2199278.0,1154876.0,7325.0,892373.0,67.41,102.36,5890.662116040956,282204.68999999994,52.51,92.80872613946242,21.80749073245558,54.044874433923425,36.437282406025965,59.68870841890974,58.59,Average
182,Quincy Narayanan,3281816.0,1771021.0,1104730.0,1263241.04,3010588.0,1963927.0,132923.0,1510795.0,46.04,33.66,1332.366106693349,158511.04000000004,65.23,76.15894039735099,7.171161958328007,67.13668176204199,24.588613102887066,90.88228155652983,58.34,Average
183,Laban Prakash,1840961.0,1487392.0,1570608.0,1932110.65,0.0,0.0,88143.0,353569.0,19.21,85.31,1687.4760332641276,361502.6499999999,0.0,55.25516166731593,18.175039413694662,0.0,44.03326897812192,88.45217446307544,42.31,Average
184,Fitan Parekh,3000569.0,1661938.0,524468.0,531477.97,3178916.0,1530910.0,216642.0,1338631.0,44.61,17.48,767.1356431347568,7009.969999999972,48.16,75.04479937670432,3.724061527973071,49.56772334293948,10.076258770213565,94.75029665876743,53.13,Average
185,Omkaar Pant,878412.0,409947.0,2293684.0,3136843.11,1144689.0,705617.0,104472.0,468465.0,53.33,261.12,392.398920284861,843159.1099999999,61.64,81.83872224386442,55.63083216157485,63.44174557431042,90.17135377277832,97.31471488601706,76.85,Good
186,Widisha Kuruvilla,1014835.0,349107.0,1017697.0,1171512.67,826101.0,333981.0,193965.0,665728.0,65.6,100.28,179.9845332920888,153815.66999999993,40.43,91.39851967276978,21.364352976266566,41.61177439275422,24.138841539141627,98.76832029087757,62.18,Good
187,Akshay Rout,1046562.0,451998.0,1581819.0,2038779.48,0.0,0.0,143422.0,594564.0,56.81,151.14,315.1524870661405,456960.48,0.0,84.55005843396962,32.19992330308066,0.0,53.17721662673001,97.84333177690944,56.69,Average
188,Siddharth Gaba,1089457.0,406028.0,131497.0,158300.03,1655981.0,1288708.0,85233.0,683429.0,62.73,12.07,476.3741743221522,26803.03,77.82,89.16244643552785,2.5714772678852955,80.09468917249897,11.972244719671657,96.74005097143346,63.83,Good
189,Omisha Palla,2537966.0,859593.0,1564755.0,2167221.7,3930899.0,2132815.0,244501.0,1678373.0,66.13,61.65,351.57034122559827,602466.6999999997,54.26,91.8114530580444,13.13434743704461,55.84602717167558,67.11532163316949,97.5941151848082,67.57,Good
190,Rayaan Dayal,3557224.0,1678971.0,567639.0,791502.1499999999,1629259.0,621863.0,40883.0,1878253.0,52.8,15.96,4106.770540322384,223863.1499999999,38.17,81.42578885858978,3.400230090758021,39.28571428571429,30.84872055102491,71.89632991225936,50.43,Average
191,Jagat Misra,2136925.0,1462157.0,786117.0,944119.74,2735734.0,1694028.0,69858.0,674768.0,31.58,36.79,2093.041598671591,158002.74,61.92,64.89287105570705,7.837999062593208,63.72993001235076,24.539922821641536,85.67678666450011,53.37,Average
192,Vritti Deol,2704271.0,1107288.0,474168.0,455431.32,157673.0,13985.0,180130.0,1596983.0,59.05,17.53,614.716038416699,-18736.679999999997,8.87,86.2952863264511,3.734713877881461,9.129271305063812,7.609975808124074,95.79334258593623,48.38,Average
193,Ronith Saraf,633139.0,378875.0,975492.0,1126940.42,1185570.0,384977.0,99397.0,254264.0,40.16,154.07,381.17347606064567,151448.41999999993,32.47,71.57771717958707,32.8241510077123,33.41910251132153,23.91208161728747,97.39153344161157,56.59,Average
194,Faris Raval,4193208.0,1468388.0,494639.0,549013.5800000001,1078553.0,192952.0,135716.0,2724820.0,64.98,11.8,1081.9564384449882,54374.58000000008,17.89,90.91546552395793,2.513954578379991,18.412927130506382,14.613335657848033,92.59589828630214,51.44,Average
195,Watika Muni,1845221.0,936643.0,1823435.0,2376964.61,143791.0,98288.0,135232.0,908578.0,49.24,98.82,692.6193504495977,553529.6099999999,68.35,78.652123100896,21.05330435894158,70.34787978592013,62.427616192607715,95.26023050708534,67.17,Good
196,Hemangini Dubey,2049179.0,960044.0,1436107.0,1652191.55,1159565.0,83085.0,0.0,1089135.0,53.15,70.08,0.0,216084.55000000005,7.17,81.69848071679003,14.93033363159913,7.37958007410457,30.10360502535811,100.0,51.98,Average
197,Xalak Korpal,1589188.0,784289.0,266180.0,347276.78,1605915.0,445570.0,168510.0,804899.0,50.65,16.75,465.425790754258,81096.78000000003,27.75,79.7506817296455,3.5685372193105804,28.561136270069987,17.17306698481864,96.8149735308424,51.43,Average
198,Amol Menon,1627041.0,773166.0,551665.0,502437.46,3479628.0,1245959.0,72466.0,853875.0,52.48,33.91,1066.9362183644744,-49227.53999999998,35.81,81.17647058823529,7.224423707869955,36.85673116508852,4.689242877142526,92.69868545340667,52.18,Average
199,Forum Shroff,3217730.0,1542009.0,1442925.0,1640153.9,2291895.0,1622489.0,196826.0,1675721.0,52.08,44.84,783.4376555942813,197228.8999999999,70.79,80.86482275029216,9.553027397843964,72.85920131741457,28.297413993354994,94.63873786203641,62.5,Good
200,Devansh Keer,1457239.0,861399.0,670782.0,887660.1000000001,1114164.0,843273.0,55585.0,595840.0,40.89,46.03,1549.6968606638482,216878.1000000001,75.69,72.14647448383327,9.806553325663641,77.90242898312063,30.179619529946716,89.39503220827982,60.08,Good
201,Chavvi Bajwa,1059965.0,447637.0,692157.0,711168.76,883213.0,579705.0,97225.0,612328.0,57.77,65.3,460.4134739007457,19011.76000000001,65.64,85.29801324503312,13.911968980357067,67.55866611774393,11.225915529115255,96.84927408351346,62.38,Good
202,Harinakshi Singhal,813040.0,414069.0,1312873.0,1410949.27,1924694.0,1185663.0,246371.0,398971.0,49.07,161.48,168.06726441017815,98076.27000000002,61.6,78.51967276977017,34.40282926413566,63.40057636887608,18.79953982272062,98.84987317768137,64.77,Good
203,Vinaya Dora,2624816.0,1679056.0,969212.0,1233117.54,402212.0,46783.0,103865.0,945760.0,36.03,36.92,1616.5753622490734,263905.54000000004,11.63,68.35995325282433,7.865695172355022,11.969946480032936,34.68439875453267,88.93736569731715,45.73,Average
204,Priya Menon,1927318.0,1003126.0,557872.0,724561.35,2007100.0,1656081.0,264699.0,924192.0,47.95,28.95,378.9685642937827,166689.34999999998,82.51,77.64705882352942,6.167710596957689,84.92177850967477,25.372017025793,97.40662221081844,63.53,Good
205,Ryan Balay,2106215.0,967695.0,845075.0,823528.89,1568945.0,1293207.0,134698.0,1138520.0,54.06,40.12,718.4182393205541,-21546.109999999982,82.43,82.40747954811066,8.547445566491968,84.83944009880611,7.3408592689943974,95.08368218174289,63.15,Good
206,Yamini Rai,2591974.0,1050050.0,1023700.0,1286280.27,1003850.0,693473.0,88651.0,1541924.0,59.49,39.49,1184.4762044421384,262580.27,69.08,86.63809894818856,8.413225957646258,71.09921778509674,34.557450556566394,91.89432958340839,63.73,Good
207,Gayathri Bhatnagar,2839720.0,1502131.0,990177.0,1123150.79,836387.0,419691.0,203307.0,1337589.0,47.1,34.87,738.8486377744002,132973.79000000004,50.18,76.98480716790029,7.42894882611104,51.646768217373406,22.14238865917808,94.9438717949023,56.11,Average
208,Eshana Johal,1092023.0,560711.0,937872.0,1202027.04,1791924.0,1376972.0,152867.0,531312.0,48.65,85.88,366.7966271333905,264155.04000000004,76.84,78.19244253992989,18.296476202650304,79.08604363935777,34.708298469604,97.48991785709956,65.9,Good
209,Liam Sen,1144119.0,406749.0,935039.0,1331379.18,1647432.0,948962.0,199432.0,737370.0,64.45,81.73,203.9537285891933,396340.17999999993,57.6,90.50253213868329,17.412331160253952,59.28365582544257,47.37037134601373,98.60429302169258,66.95,Good
210,Warda Barad,1980982.0,817576.0,1261870.0,1471594.06,1593020.0,989291.0,44874.0,1163406.0,58.73,63.7,1821.9369790970272,209724.06000000008,62.1,86.04596805609661,13.571093783288593,63.91519143680527,29.494330882215586,87.53202418336764,61.77,Good
211,Pratyush Chander,3843224.0,1230140.0,1231440.0,1803777.52,767026.0,443443.0,163779.0,2613084.0,67.99,32.04,751.0975155544971,572337.52,57.81,93.26061550447994,6.826025821296177,59.49979415397283,64.22923418894949,94.86004962448956,66.64,Good
212,Yasti Taneja,3041529.0,1418138.0,1251548.0,1542993.41,199030.0,37776.0,137701.0,1623391.0,53.37,41.15,1029.8676117094285,291445.4099999999,18.98,81.86988702765875,8.766883974604797,19.534787978592014,37.322455051532835,92.95235530951794,52.54,Average
213,Umang Sundaram,1680828.0,918672.0,858031.0,867243.79,125755.0,112425.0,98074.0,762156.0,45.34,51.05,936.71309419418,9212.790000000035,89.4,75.61355668095054,10.876049256465976,92.013174145739,10.28726786982653,93.58983524703247,63.01,Good
214,Ridhi Balakrishnan,2886474.0,1543595.0,1226074.0,1410073.47,3551319.0,1735111.0,108858.0,1342879.0,46.52,42.48,1417.9894908963972,183999.47,48.86,76.53291780288275,9.050236482167966,50.28818443804035,27.03016105725824,90.29633907013773,55.59,Average
215,Ekantika Venkataraman,1944696.0,912731.0,564871.0,612271.3400000001,2337393.0,1298333.0,128421.0,1031965.0,53.07,29.05,710.7334470219045,47400.34000000008,55.55,81.63615114920141,6.1890152967744685,57.17373404693289,13.945270131438846,95.1362711601953,57.59,Average
216,Lajita Bhardwaj,913798.0,420043.0,432623.0,413193.03,979452.0,875869.0,164951.0,493755.0,54.03,47.34,254.6471376348128,-19429.96999999997,89.42,82.3841059602649,10.085644893263455,92.03375874845617,7.5435652531669435,98.25738519486056,65.54,Good
217,Widisha Kohli,1887288.0,895682.0,706686.0,891392.74,1506819.0,258425.0,228071.0,991606.0,52.54,37.44,392.7206878559747,184706.74,17.15,81.22321776392677,7.976479611402275,17.65129682997118,27.097910762582895,97.31251294909978,51.66,Average
218,Bhavna Sachar,798546.0,484905.0,1307730.0,1329306.17,1444906.0,960346.0,174014.0,313641.0,39.28,163.76,278.6586136747618,21576.169999999925,66.46,70.8920919361122,34.88857641995824,68.40263482914779,11.471561494350022,98.09306858785251,62.69,Good
219,Januja Pillay,2441956.0,1102553.0,358876.0,300658.06,3228620.0,1862953.0,150756.0,1339403.0,54.85,14.7,731.3493326965428,-58217.94,57.7,83.02298402804831,3.1317908730665986,59.38657883902842,3.828048494868736,94.9951914373625,56.79,Average
220,Veda Seth,3929104.0,1529812.0,525745.0,632933.94,3464383.0,2473182.0,162054.0,2399292.0,61.06,13.38,944.013723820455,107188.93999999994,71.39,87.86131671211533,2.850568835485108,73.4767393989296,19.67244650223597,93.53987519096528,62.3,Good
221,Kritika Khalsa,4269882.0,1588440.0,1753501.0,1862180.29,3912133.0,1826979.0,233651.0,2681442.0,62.8,41.07,679.8344539505501,108679.29000000004,46.7,89.2169848071679,8.749840214751375,48.065047344586254,19.81520778623021,95.34772078923947,59.18,Average
222,Chandresh Kala,933959.0,611505.0,741635.0,959347.67,1654300.0,791906.0,206358.0,322454.0,34.53,79.41,296.33210246271045,217712.67000000004,47.87,67.1912738605376,16.918062124504665,49.26924660354055,30.25956335843201,97.9721244315333,56.02,Average
223,Gauri Vasa,1723980.0,1031564.0,423934.0,473384.2,1347233.0,1182115.0,140448.0,692416.0,40.16,24.59,734.4810890863522,49450.20000000001,87.74,71.57771717958707,5.238825684946099,90.30465212021409,14.141627125170796,94.97376003584877,60.99,Good
224,Jai Nazareth,2361329.0,1356790.0,1713576.0,1999393.53,120317.0,75282.0,187614.0,1004539.0,42.54,72.57,723.181638896884,285817.53,62.57,73.43202181534866,15.460820657036942,64.3989296006587,36.78335794349416,95.05108503299185,60.69,Good
225,Megha Lata,2226410.0,1695989.0,42047.0,37783.92,1737232.0,367172.0,144574.0,530421.0,23.82,1.89,1173.0940556393266,-4263.080000000002,21.14,58.84690299961044,0.40265882653713403,21.75792507204611,8.996408337408408,91.9722205080907,41.38,Average
226,Aarav Mittal,529519.0,498778.0,1047607.0,1463287.35,876381.0,418946.0,172050.0,30741.0,5.81,197.84,289.9029351932578,415680.3500000001,47.8,44.81495909622127,42.149218117516725,49.19720049403046,49.222974762571404,98.01612085015604,56.24,Average
227,Amruta Luthra,2140126.0,917119.0,1834855.0,2356394.29,0.0,0.0,119510.0,1223007.0,57.15,85.74,767.3993808049536,521539.29,0.0,84.81495909622127,18.266649622906815,0.0,59.36324932671291,94.74849183514746,53.98,Average
228,Ojasvi Kothari,625696.0,569538.0,1318814.0,1888136.55,4788148.0,2179829.0,128539.0,56158.0,8.98,210.78,443.085756074032,569322.55,45.53,47.28476821192053,44.906046273808,46.86084808563195,63.94042888254222,96.96785204164239,58.33,Average
229,Ladli Wagle,2939230.0,1821187.0,722113.0,997222.99,962533.0,663317.0,97595.0,1118043.0,38.04,24.57,1866.0658845227729,275109.99,68.91,69.9259836384885,5.234564744982744,70.92424866200082,35.757677963073725,87.23003891605322,57.23,Average
230,Rudra Sekhon,1685977.0,536696.0,726446.0,914807.42,4011950.0,2658351.0,66607.0,1149281.0,68.17,43.09,805.7651598180371,188361.41999999995,66.26,93.40085703155434,9.180195151050324,68.19678880197613,27.447994172109535,94.48594510032108,65.14,Good
231,Chandani Behl,2907219.0,1341495.0,1312952.0,1788532.92,1457200.0,864534.0,84198.0,1565724.0,53.86,45.16,1593.2623102686523,475580.9199999999,59.33,82.25165562913908,9.621202437257658,61.06422396047756,54.96087678906606,89.0969028117391,62.13,Good
232,Lila Buch,1946305.0,771644.0,631922.0,663186.8,2011600.0,1052549.0,121383.0,1174661.0,60.35,32.47,635.7101076757042,31264.800000000047,52.32,87.30814179976628,6.91763603050833,53.84932070811034,12.39963963636032,95.64967485713053,58.72,Average
233,Kevin Kuruvilla,2837695.0,1908712.0,2002654.0,2586064.71,2001064.0,602233.0,260866.0,928983.0,32.74,70.57,731.6829330000843,583410.71,30.1,65.79664978574212,15.03472666070135,30.97982708933718,65.28993994418288,94.99290852606276,54.47,Average
234,Zaitra Mani,2025283.0,1436199.0,313355.0,498125.41,5273220.0,3452622.0,214204.0,589084.0,29.09,15.47,670.48187708913,184770.41,65.47,62.95286326451111,3.2958370616558015,67.383696994648,27.10400973997204,95.41172283951302,54.81,Average
235,Kala Ravel,3466126.0,1359782.0,418609.0,506353.6,0.0,0.0,137245.0,2106344.0,60.77,12.08,990.7697912492258,87744.59999999998,0.0,87.63537202960656,2.5736077378669733,0.0,17.809864595421875,93.21991158922113,47.23,Average
236,Eesha Shankar,1539986.0,1201382.0,833565.0,983524.29,0.0,0.0,88385.0,338604.0,21.99,54.13,1359.2600554392714,149959.29000000004,0.0,57.421114141020645,11.532234010822789,0.0,23.769437197631476,90.69823945934155,40.05,Average
237,Gautami Dixit,3006605.0,1236338.0,247684.0,360995.54,611193.0,381518.0,143615.0,1770267.0,58.88,8.24,860.8696863141037,113311.53999999998,62.42,86.1628359953253,1.7555072649026375,64.24454508027996,20.258933057329127,94.10885088047574,59.9,Average
238,Vansha Sodhi,635947.0,606119.0,630861.0,852966.52,1763926.0,770390.0,295052.0,29828.0,4.69,99.2,205.4278567845668,222105.52,43.67,43.942345149980525,21.134262218245343,44.94648003293536,30.680356397915386,98.59420518940124,49.19,Average
239,Nihal Palla,690131.0,640346.0,429313.0,556556.5,612534.0,152876.0,47708.0,49785.0,7.21,62.21,1342.2193342835585,127243.5,24.96,45.9057265290222,13.253653756018577,25.689584191025116,21.59348165205941,90.81485342662197,41.88,Average
240,Bhavya Deol,1961673.0,776669.0,1721435.0,2157398.9,2403538.0,1397466.0,168244.0,1185004.0,60.41,87.75,461.63250992605975,435963.8999999999,58.14,87.35488897545774,18.694874089224083,59.839440098806094,51.16594496551781,96.84093191149677,66.4,Good
241,Anika Palla,1384414.0,592698.0,227769.0,252418.74,2929727.0,2155050.0,114869.0,791716.0,57.19,16.45,515.9773306984479,24649.73999999999,73.56,84.84612388001558,3.504623119860241,75.71016879374228,11.765980120609731,96.46903655017358,61.77,Good
242,Kai Banik,1943618.0,985636.0,481112.0,659476.94,2074581.0,1590381.0,60816.0,957982.0,49.29,24.75,1620.6853459615888,178364.93999999994,76.66,78.69107908063889,5.272913204652947,78.90078221490326,26.49042694278579,88.90924003867894,60.87,Good
243,Pratyush Muni,2875746.0,1429395.0,2054410.0,2378219.74,2277725.0,916360.0,241469.0,1446351.0,50.29,71.44,591.9579739014118,323809.73999999976,40.23,79.47019867549669,15.220077549107334,41.40592836558255,40.422648500328755,95.94908178068631,58.4,Average
244,Nicholas Biswas,2391235.0,1072706.0,1830586.0,1935166.37,1790909.0,792403.0,264370.0,1318529.0,55.14,76.55,405.7593524227409,104580.37000000013,44.25,83.24892871055707,16.308747709744768,45.54343351173323,19.422570431119247,97.2232860678384,58.73,Average
245,Oliver Kata,741985.0,424037.0,615222.0,655694.3300000001,4316592.0,2067441.0,129127.0,317948.0,42.85,82.92,328.38755643668634,40472.33000000008,47.9,73.67354888975458,17.66585708807363,49.300123507616306,13.281632997124845,97.75276084787258,56.37,Average
246,Hitesh Sur,3546387.0,1607710.0,1150210.0,1214916.26,1820199.0,1660235.0,50190.0,1938677.0,54.67,32.43,3203.247658896194,64706.26000000001,91.21,82.8827425009739,6.909114150581619,93.87608069164266,15.603011843051185,78.07936563997089,62.2,Good
247,Ikshita Bassi,579469.0,493665.0,703956.0,784493.58,1443935.0,793941.0,114292.0,85804.0,14.81,121.48,431.9331186784728,80537.57999999996,54.98,51.82703544994156,25.880949337423836,56.58707286949362,17.119500970117677,97.04417236168354,53.16,Average
248,Edhitha Kashyap,1511340.0,1010437.0,1500275.0,2101106.21,2395483.0,1372852.0,56150.0,500903.0,33.14,99.27,1799.5316117542295,600831.21,57.31,66.10829762368523,21.14917550811709,58.98517908604365,66.95865732454422,87.68534978211103,60.09,Good
249,Naveen Borah,1880115.0,918493.0,1789960.0,2066905.1,1407482.0,623620.0,150059.0,961622.0,51.15,95.2,612.0879120879121,276945.09999999986,44.31,80.14024152707441,20.282074225574164,45.605187319884735,35.93346395956491,95.81132751949119,59.98,Average
250,Mekhala Verma,1341551.0,526061.0,527002.0,753564.17,2310363.0,1213139.0,50581.0,815490.0,60.79,39.28,1040.036772701212,226562.17000000004,52.51,87.6509544215037,8.36848608803102,54.044874433923425,31.10726086754528,92.88276516739138,60.47,Good
251,Qarin Madan,1483505.0,1058765.0,1449471.0,1612470.88,591912.0,524616.0,57483.0,424740.0,28.63,97.71,1841.8749891272205,162999.8799999999,88.63,62.59446825087651,20.81682219097533,91.22066694112803,25.018601066818118,87.39558333511644,61.17,Good
252,Indira Munshi,1334782.0,448394.0,105642.0,159485.25,2492745.0,1236587.0,81614.0,886388.0,66.41,7.91,549.4081897713627,53843.25,49.61,92.0296065446046,1.6852017555072647,51.06010703993413,14.562439322742412,96.24026072135379,58.86,Average
253,Wakeeta Srivastava,976345.0,654433.0,406346.0,402624.21,3567772.0,1665137.0,227944.0,321912.0,32.97,41.62,287.1025339557084,-3721.790000000037,46.67,65.97584729255942,8.867016063743662,48.03417044051051,9.04825874530805,98.03528470450843,51.68,Average
254,Tara Thaker,1393782.0,543614.0,532664.0,757418.48,2500139.0,1090533.0,257945.0,850168.0,61.0,38.22,210.74802768031944,224754.48,43.62,87.81456953642385,8.142656269973156,44.895018526142444,30.93410144495089,98.55779791361199,59.76,Average
255,Neha Chowdhury,719066.0,513409.0,1738398.0,2123606.94,2234779.0,756710.0,149733.0,205657.0,28.6,241.76,342.88299840382547,385208.94,33.86,62.57109466303078,51.50624227704631,34.849732400164676,46.30410495567055,97.65356487020091,60.2,Good
256,Zilmil Brar,1642061.0,1020857.0,1234180.0,1576856.52,1790006.0,796961.0,268675.0,621204.0,37.83,75.16,379.9598027356472,342676.52,44.52,69.76236852356837,16.012612382291532,45.82132564841499,42.229905679942085,97.39983891531291,57.0,Average
257,Manan Thakkar,417650.0,438222.0,1495649.0,1856768.5,1625011.0,771526.0,116441.0,-20572.0,-4.93,358.11,376.3468194192767,361119.5,47.48,36.447214647448384,76.29426051386936,48.867846850555786,43.996566870588524,97.42456347446684,59.85,Average
258,Neel Patla,2280567.0,1139974.0,1004290.0,1345989.45,568439.0,321005.0,73303.0,1140593.0,50.01,44.04,1555.153267942649,341699.44999999995,56.47,79.2520451889365,9.382589799309727,58.120625771922604,42.13631171359039,89.35769263244471,59.36,Average
259,Mitali Bhasin,680072.0,587821.0,1529356.0,2020688.59,2502007.0,1116596.0,157567.0,92251.0,13.56,224.88,373.0609835815875,491332.5900000001,44.63,50.8531359563693,47.91000894797392,45.93454096335941,56.46973620749357,97.44704928063453,59.16,Average
260,Oscar Manne,3014183.0,1423617.0,1162956.0,1581415.5,773438.0,183881.0,154627.0,1590566.0,52.77,38.58,920.678148059524,418459.5,23.77,81.40241527074407,8.219353189313562,24.464800329353643,49.48919076714252,93.69956644131723,54.65,Average
261,Divya Johal,1742111.0,812911.0,944222.0,1118695.64,1460418.0,541092.0,200155.0,929200.0,53.34,54.2,406.1407409257825,174473.6399999999,37.05,81.84651343981302,11.547147300694533,38.1329765335529,26.117677599070042,97.22067612979596,56.55,Average
262,Udyati Dutt,2120036.0,1166205.0,974124.0,1335764.83,0.0,0.0,139769.0,953831.0,44.99,45.95,834.3802989217924,361640.8300000001,0.0,75.34086482275029,9.789509565810219,0.0,44.04650530128248,94.29012446194092,47.82,Average
263,Priya Nadig,881253.0,1110151.0,211986.0,222865.77,2813839.0,1658203.0,82611.0,-228898.0,-25.97,24.06,1343.8295142293398,10879.77000000002,58.93,20.05453837164005,5.125910775917167,60.65253190613421,10.446948619444205,90.80383455777263,38.38,Poor
264,Triya Bail,2031117.0,1395701.0,740889.0,1054492.14,1473254.0,742735.0,148832.0,635416.0,31.28,36.48,937.7694313050956,313603.1399999999,50.41,64.65913517724971,7.771954493161191,51.883491148620834,39.44495378350687,93.58260646486042,53.99,Average
265,Bhavani Gulati,3444048.0,1679692.0,856450.0,987332.24,1880403.0,314103.0,201006.0,1764356.0,51.23,24.87,835.6427171328219,130882.24,16.7,80.20257109466303,5.298478844433082,17.18814326883491,21.942038161953842,94.28148541464884,49.61,Average
266,Kamya Vora,450052.0,328207.0,1088588.0,1455062.03,3313761.0,1011201.0,204962.0,121845.0,27.07,241.88,160.130658365941,366474.03,30.52,61.379041682898325,51.53180791682645,31.412103746397698,44.50947966153404,98.90418538132013,59.23,Average
267,Niharika Palla,1074561.0,536496.0,1521840.0,1662001.93,3807984.0,2432902.0,87046.0,538065.0,50.07,141.62,616.3361900604278,140161.9299999999,63.89,79.29879236462799,30.17171588052324,65.75751337999178,22.830943760953012,95.78225547823435,64.42,Good
268,Kamya Rege,2420629.0,1365526.0,1036678.0,980475.87,2448992.0,1864952.0,156003.0,1055103.0,43.59,42.83,875.3203464035948,-56202.130000000005,76.15,74.25009738994936,9.124802931526695,78.37587484561548,4.021143824078929,94.00996135652557,58.98,Average
269,Abdul Lall,2035378.0,1242781.0,1484737.0,1746284.9,636154.0,433879.0,227211.0,792597.0,38.94,72.95,546.9721976488814,261547.8999999999,68.2,70.62719127386055,15.541778516340706,70.19349526554139,34.45855937881812,96.25693083191253,61.03,Good
270,Aadi Sha,1102243.0,559174.0,156878.0,222471.14,2402725.0,1401332.0,130615.0,543069.0,49.27,14.23,428.1085633349922,65593.14000000001,58.32,78.67549668874173,3.0316587839277345,60.0247015232606,15.687966469513965,97.07034476176048,57.2,Average
271,Ethan Chana,1401061.0,506055.0,725171.0,848816.91,314756.0,113704.0,171270.0,895006.0,63.88,51.76,295.4720616570328,123645.91000000005,36.12,90.05843396961434,11.027312625165111,37.175792507204605,21.24886691881903,97.97800990841286,58.38,Average
272,Veda Natt,1090185.0,563353.0,765884.0,1033597.04,616221.0,31919.0,127409.0,526832.0,48.33,70.25,442.16107182381154,267713.04000000004,5.18,77.94312426957538,14.966551621287655,5.3314121037463975,35.04912085927856,96.97417988997196,50.34,Average
273,Hredhaan Gill,1234716.0,967968.0,1612025.0,2259276.6,559479.0,310171.0,45079.0,266748.0,21.6,130.56,2147.27034761197,647251.6000000001,55.44,57.11725749902611,27.815416080787426,57.06051873198847,71.40528696181934,85.3056856120971,58.31,Average
274,Naveen Kade,3613966.0,1538488.0,1354296.0,1480979.59,1430118.0,1159378.0,65156.0,2075478.0,57.43,37.47,2361.237645036528,126683.58999999984,81.07,85.03311258278146,7.982871021347308,83.43968711403869,21.539847626145203,83.84145324816444,62.72,Good
275,Jeremiah Bala,2542956.0,1463951.0,713164.0,877547.35,904068.0,312184.0,83619.0,1079005.0,42.43,28.04,1750.7396644303326,164383.34999999998,34.53,73.3463186599143,5.973837828624994,35.53931659118979,25.151124268460357,88.01924542518769,50.43,Average
276,Frederick Bhasin,1452640.0,339388.0,937328.0,1039929.75,608011.0,322186.0,177078.0,1113252.0,76.64,64.53,191.6601723534262,102601.75,52.99,100.0,13.747922791767863,54.53890489913545,19.233037548416068,98.68842093808402,65.32,Good
277,Ganga Kota,1280536.0,449385.0,831475.0,986099.74,3547173.0,1659392.0,197372.0,831151.0,64.91,64.93,227.68427132521333,154624.74,46.78,90.86092715231788,13.833141591034984,48.14738575545493,24.21634271137716,98.44189891237772,61.76,Good
278,Kiaan Krish,2223862.0,947859.0,823457.0,952791.54,2043827.0,1456091.0,39681.0,1276003.0,57.38,37.03,2388.6973614576245,129334.54000000004,71.24,84.99415660303858,7.889130342153479,73.32235487855084,21.79378329615865,83.65353945959887,60.65,Good
279,Hredhaan Issac,548470.0,527552.0,1808013.0,1874762.12,2514369.0,1440009.0,40971.0,20918.0,3.81,329.65,1287.6229528202875,66749.12000000011,57.27,43.25671990650565,70.23094294601388,58.94400988060931,15.798698303694971,91.18847028141408,58.63,Average
280,Amara Zachariah,3369401.0,1433077.0,608859.0,858008.92,2449022.0,1269325.0,91505.0,1936324.0,57.47,18.07,1566.1187913228785,249149.92000000004,51.83,85.06427736657578,3.8497592568920704,53.34499794153973,33.27095140503023,89.28265278096248,58.14,Average
281,Yug Tailor,1955575.0,1406020.0,313494.0,338392.5,649296.0,565050.0,106388.0,549555.0,28.1,16.03,1321.5964206489457,24898.5,87.03,62.181534865601876,3.415143380629767,89.57389872375464,11.789808950754601,90.95598124356341,56.62,Average
282,Champak Badal,2280660.0,859030.0,1453031.0,1840888.52,290631.0,207445.0,186828.0,1421630.0,62.33,63.71,459.7972466653821,387857.52,71.38,88.85079859758473,13.573224253270272,73.46644709757102,46.55781360233841,96.85349108243066,68.09,Good
283,Arunima Kar,593683.0,685476.0,1345003.0,1347467.01,2339993.0,1200433.0,201959.0,-91793.0,-15.46,226.55,339.41344530325466,2464.0100000000093,51.3,28.24308531359564,48.26579743491414,52.799505969534785,9.640799256283005,97.67730790009094,49.19,Average
284,Zansi Acharya,867136.0,499083.0,1610287.0,1577078.31,1038496.0,408204.0,49752.0,368053.0,42.44,185.7,1003.1415822479498,-33208.689999999944,39.31,73.35410985586289,39.56282755975968,40.459036640592835,6.2236955856412,93.13524829254827,57.26,Average
285,Yauvani Ganguly,2531123.0,1976813.0,900412.0,856209.8099999999,2388875.0,1660549.0,156402.0,554310.0,21.9,35.57,1263.9307681487448,-44202.19000000006,69.51,57.35099337748345,7.578081724828498,71.54178674351586,5.170623370664449,91.35060189678664,51.82,Average
286,Utkarsh Mander,414567.0,406009.0,1216063.0,1532312.8,2031681.0,1065201.0,202076.0,8558.0,2.06,293.33,200.9189611829213,316249.80000000005,52.43,41.89326061550449,62.493075972559545,53.96253602305475,39.69847851252769,98.62506070304742,59.55,Average
287,Chameli Buch,1255761.0,362876.0,475212.0,627201.04,2113404.0,939236.0,51045.0,892885.0,71.1,37.84,710.8943089430895,151989.04000000004,44.44,95.68367744448774,8.061698410669395,45.73898723754631,23.963867845591547,95.1351703413601,60.89,Good
288,Qadim Kamdar,3627095.0,1702052.0,479262.0,630712.49,1838023.0,1169845.0,77408.0,1925043.0,53.07,13.21,2198.806324927656,151450.49,63.65,81.63615114920141,2.814350845796583,65.51049814738576,23.912279903500693,84.9530118773684,57.54,Average
289,Maanas Kala,1772871.0,552532.0,1701476.0,2146477.56,458478.0,33649.0,0.0,1220339.0,68.83,95.97,0.0,445001.56000000006,7.34,93.9150759641605,20.446120414163367,7.554549197200494,52.03166640404119,100.0,58.98,Average
290,Nihal Ravel,623808.0,320521.0,188760.0,248238.04,4425757.0,1538358.0,131825.0,303287.0,48.62,30.26,243.14128579556228,59478.04000000001,34.76,78.16906895208415,6.446802164557503,35.776039522437216,15.102198342729563,98.33612265072615,53.07,Average
291,Lohit Agate,1694293.0,508615.0,637215.0,779965.14,283175.0,103594.0,59693.0,1185678.0,69.98,37.61,852.0513293015931,142750.14,36.58,94.81106349824698,8.0126976010908,37.64923836969947,23.07886953868759,94.1691971291308,58.72,Average
292,Tara Nagarajan,1783405.0,1562212.0,2213334.0,2639592.07,895934.0,680585.0,129453.0,221193.0,12.4,124.11,1206.779294415734,426258.06999999983,75.96,49.94935722633424,26.441262942605135,78.18032111980239,50.23621922791942,91.74170389458529,59.28,Average
293,Janaki Pillai,931574.0,434196.0,619852.0,767780.5900000001,854767.0,779244.0,234663.0,497378.0,53.39,66.54,185.0295956328863,147928.59000000008,91.16,81.8854694195559,14.176147258085134,93.82461918484974,23.574915548752298,98.73379565255027,68.27,Good
294,Dayita Nanda,1177464.0,972437.0,522007.0,665657.08,1072789.0,887150.0,157307.0,205027.0,17.41,44.33,618.1778306114794,143650.07999999996,82.7,53.85274639657188,9.444373428778388,85.11733223548786,23.165075188312017,95.76965266588854,56.54,Average
295,Saanvi Barad,662936.0,481119.0,1205373.0,1513469.73,1477472.0,1345635.0,135742.0,181817.0,27.43,181.82,354.4363572070546,308096.73,91.08,61.65952473704714,38.73620520686863,93.74228077398107,38.91749234035683,97.57450231215847,68.4,Good
296,Neelima Sachdeva,3943040.0,1576872.0,941977.0,1239063.21,374784.0,98312.0,118486.0,2366168.0,60.01,23.89,1330.8509022162957,297086.21,26.23,87.04324113751461,5.0896927862286425,26.996706463565257,37.86278977207142,90.89265048421169,54.5,Average
297,Janani Mann,2295130.0,1110442.0,1336399.0,1417703.76,92072.0,10518.0,105687.0,1184688.0,51.62,58.23,1050.6892995354206,81304.76000000001,11.42,80.50642773665759,12.40572670331075,11.753808151502676,17.19298948077269,92.80986723048208,49.27,Average
298,Qarin Gulati,1727913.0,1645098.0,1306727.0,1614962.37,786335.0,629551.0,157020.0,82815.0,4.79,75.62,1047.699656094765,308235.3700000001,80.06,44.02025710946631,16.11061400144872,82.40016467682175,38.93077272712033,92.83032611712092,55.37,Average
299,Vasudha Kumar,2439648.0,1609757.0,1147128.0,1228655.36,3410121.0,1664127.0,99397.0,829891.0,34.02,47.02,1619.5227220137429,81527.35999999987,48.8,66.79392286716012,10.01746985384976,50.22643062988884,17.2143124329766,88.91719616857361,51.59,Average
300,Urmi Bose,1161982.0,717524.0,815673.0,1187561.68,1847324.0,833717.0,179205.0,444458.0,38.25,70.2,400.39284618174713,371888.67999999993,45.13,70.08959875340865,14.955899271379266,46.4491560312886,45.02815137380253,97.26001042812098,57.26,Average
301,Wakeeta Wadhwa,1632719.0,1021046.0,0.0,0.0,93978.0,23133.0,105475.0,611673.0,37.46,0.0,968.045508414316,0.0,24.62,69.47409427347098,0.0,25.339645944833265,9.404770651341462,93.3754196073834,45.53,Average
302,Sai Sood,3189553.0,1577261.0,969983.0,1307359.1800000002,2335211.0,1653666.0,97643.0,1612292.0,50.55,30.41,1615.334432575812,337376.18000000017,70.81,79.67276977015972,6.478759214282672,72.87978592013175,41.72218377300347,88.94585769310729,61.73,Good
303,Vidhi Thakkar,3935015.0,1442374.0,462258.0,470354.81,3396974.0,1276551.0,161372.0,2492641.0,63.35,11.75,893.8192499318345,8096.809999999998,37.58,89.6455005843397,2.503302228471601,38.678468505557845,10.180367653292235,93.88336867825487,54.92,Average
304,Devika Baral,2450329.0,1875304.0,871666.0,1202279.83,2813714.0,1009924.0,187985.0,575025.0,23.47,35.57,997.5817219459,330613.8300000001,35.89,58.57421114141022,7.578081724828498,36.939069575957184,41.074415283173295,93.17329582360183,49.22,Average
305,Hemang Wable,1185986.0,404447.0,809594.0,957481.08,1817884.0,1259510.0,314007.0,781539.0,65.9,68.26,128.80190569000055,147887.08000000007,69.28,91.63225555122713,14.542588094933745,71.30506381226843,23.570939287539428,99.11857596409564,66.84,Good
306,Jatin Kuruvilla,1730529.0,1181098.0,921595.0,1073679.01,3053637.0,2172095.0,244270.0,549431.0,31.75,53.26,483.5215130797888,152084.01,71.13,65.02532138683289,11.346883122416806,73.20913956360641,23.972965063789236,96.69113992357293,58.15,Average
307,Libni Barad,3142596.0,1679110.0,2195959.0,2512525.3,1485564.0,793208.0,98137.0,1463486.0,46.57,69.88,1710.9856628998236,316566.2999999998,53.39,76.57187378262563,14.88772423196557,54.9505969534788,39.72879618715724,88.2912921180115,58.57,Average
308,Kamya Bajaj,874325.0,481389.0,1037826.0,1407029.24,931734.0,343376.0,250305.0,392936.0,44.94,118.7,192.3209684185294,369203.24,36.85,75.30190884300741,25.288678682517364,37.92713050638123,44.77091189147324,98.6838989433861,59.45,Average
309,Yatan Kamdar,2365268.0,1581203.0,179308.0,209601.35,1534083.0,720317.0,96043.0,784065.0,33.15,7.58,1646.349031163125,30293.35000000001,46.95,66.11608881963382,1.6148962461118923,48.32235487855085,12.306584012287987,88.73361694626168,48.8,Average
310,Urvashi Bedi,2980699.0,1501257.0,246642.0,347365.31,2489843.0,1425527.0,123482.0,1479442.0,49.63,8.27,1215.769909784422,100723.31,57.25,78.95597974289053,1.7618986748476715,58.923425277892136,19.053100952109077,91.68017883840633,56.07,Average
311,Alka Sarraf,2190915.0,1046510.0,820081.0,1079232.4,485396.0,209069.0,210294.0,1144405.0,52.23,37.43,497.6413972819006,259151.3999999999,43.07,80.98169068952085,7.974349141420597,44.32894195142034,34.22899758655981,96.59451398272792,57.5,Average
312,Farhan Samra,1904712.0,963707.0,436888.0,511363.79,421328.0,124644.0,104602.0,941005.0,49.4,22.94,921.3083879849332,74475.79000000004,29.58,78.77678223607325,4.887298137969236,30.444627418690818,16.538839431751935,93.69525355001593,51.09,Average
313,Gaurang Seshadri,2197873.0,981942.0,807592.0,798354.19,1167391.0,394279.0,208378.0,1215931.0,55.32,36.74,471.23112804614686,-9237.810000000056,33.77,83.38917023763148,7.827346712684818,34.75710168793743,8.519876756018379,96.77524613862572,53.74,Average
314,Yauvani Nagar,2769837.0,1440954.0,1175478.0,1449011.71,1468540.0,755635.0,74451.0,1328883.0,47.98,42.44,1935.439416528992,273533.71,51.45,77.67043241137515,9.041714602241253,52.95389048991355,35.60668540646996,86.75529828051455,56.61,Average
315,Gayathri Mital,2015278.0,787329.0,1319013.0,1664150.96,1415563.0,835481.0,60683.0,1227949.0,60.93,65.45,1297.4457426297315,345137.96,59.02,87.7600311647838,13.943926030082238,60.74516261836147,42.46568810344983,91.12125044494275,63.74,Good
316,Charvi Bala,4460245.0,1609434.0,1037722.0,1251548.22,1495449.0,1005038.0,164030.0,2850811.0,63.92,23.27,981.1827104797904,213826.22,67.21,90.08959875340865,4.957603647364609,69.17455743104158,29.88727859835593,93.28551840908196,63.5,Good
317,Quincy Nayar,3251774.0,1566068.0,1770479.0,1908730.95,2674351.0,811433.0,176289.0,1685706.0,51.84,54.45,888.3526482083397,138251.9500000002,30.34,80.6778340475263,11.600409050236484,31.226842321943188,22.647985934131622,93.92077801725488,53.82,Average
318,Watika Kurian,3365150.0,1490938.0,1005836.0,968174.29,819877.0,150009.0,88000.0,1874212.0,55.69,29.89,1694.2477272727274,-37661.70999999996,18.3,83.67744448772886,6.367974775235417,18.834911486208316,5.797138835312757,88.40583404729514,48.4,Average
319,Vrishti Bath,1609532.0,1002697.0,563513.0,679845.23,0.0,0.0,127642.0,606835.0,37.7,35.01,785.5541279516146,116332.22999999998,0.0,69.66108297623686,7.4587754058545315,0.0,20.548286285059884,94.62425430608988,43.37,Average
320,Noah Ahluwalia,1885377.0,448304.0,725319.0,1005455.56,1158322.0,1043955.0,132287.0,1437073.0,76.22,38.47,338.88741902076544,280136.55999999994,90.13,99.67276977015973,8.195918019515105,92.7645121449156,36.239175320933875,97.6809076310609,73.25,Good
321,Upasna Kar,2396876.0,868511.0,1199132.0,1296646.28,1168685.0,676008.0,144738.0,1528365.0,63.76,50.03,600.0573449957856,97514.28000000004,57.84,89.9649396182314,10.658741318334824,59.53067105804859,18.745706552688805,95.89365573461933,62.08,Good
322,Lakshmi Parsa,657061.0,578515.0,728801.0,917883.46,1591164.0,1209537.0,66436.0,78546.0,11.95,110.92,870.7854175447046,189082.46,76.02,49.59875340864823,23.631173036771912,78.24207492795388,27.517062911809077,94.04099502233919,56.81,Average
323,Chasmum Tiwari,2236340.0,1065616.0,1960278.0,2455723.33,826277.0,285990.0,195311.0,1170724.0,52.35,87.66,545.5995822047913,495445.3300000001,34.61,81.07518504090379,18.67569985938898,35.62165500205846,56.86369738650148,96.26632398675751,60.12,Good
324,Chakradhar Rege,4121737.0,1595878.0,1229321.0,1358022.92,2157782.0,526960.0,178639.0,2525859.0,61.28,29.83,893.3536349845218,128701.91999999993,24.42,88.03272302298404,6.355191955345349,25.13379991766159,21.73318434726715,93.88655499917023,53.66,Average
325,Isaac Dube,535914.0,333175.0,1386659.0,1619558.85,998733.0,592101.0,138655.0,202739.0,37.83,258.75,240.29064945368,232899.8500000001,59.29,69.76236852356837,55.12591077591716,61.023054755043226,31.714350030724773,98.35563027661023,67.0,Good
326,Elijah Sami,1766407.0,1054308.0,2611678.0,3091288.06,1728360.0,1141847.0,138967.0,712099.0,40.31,147.85,758.67508113437,479610.06000000006,66.07,71.69458511881575,31.49899867910861,68.00123507616303,55.34682988719237,94.80819442560907,65.9,Good
327,Oscar Parsa,1513194.0,545061.0,1775419.0,2125491.55,790435.0,130534.0,170153.0,968133.0,63.98,117.33,320.335815413187,350072.5499999998,16.51,90.13634592910012,24.996804295027484,16.992589543021822,42.93837465653136,97.80786094931106,59.29,Average
328,Onveer Bajaj,1308440.0,580509.0,1017903.0,1105030.74,2099236.0,965943.0,118515.0,727931.0,55.63,77.8,489.81901025186687,87127.73999999999,46.01,83.6306973120374,16.575056457454515,47.35487855084397,17.750775303883188,96.64804455674762,58.98,Average
329,Zayyan Cheema,1204867.0,978036.0,2405066.0,2918571.41,3120374.0,1326372.0,334451.0,226831.0,18.83,199.61,292.43028126691206,513505.41000000015,42.51,54.95909622126997,42.526311304273726,43.75257307533965,58.59368041722484,97.99882558139093,59.2,Average
330,Vyanjana Sen,1209380.0,1109934.0,318961.0,361297.27,1901041.0,1111922.0,199530.0,99446.0,8.22,26.37,556.2742444745151,42336.27000000002,58.49,46.69263731982859,5.6180493416847765,60.19967064635653,13.460180632034902,96.19327457146127,47.76,Average
331,Aarini Bawa,2758635.0,1599080.0,537040.0,679414.96,3246939.0,1340006.0,116372.0,1159555.0,42.03,19.47,1374.1106107998487,142374.95999999996,41.27,73.03467082197118,4.148025054326984,42.47632770687526,23.042930880970303,90.59661335085178,51.66,Average
332,Ikshita Varghese,2922420.0,1090459.0,1212312.0,1656529.45,1347049.0,331470.0,191586.0,1831961.0,62.69,41.48,569.1746787343543,444217.45,24.61,89.13128165173354,8.83718948400017,25.329353643474683,51.95655616121721,96.10499363517145,57.99,Average
333,Chakradhar Mandal,2419625.0,1498864.0,504682.0,622876.74,1989106.0,766899.0,111661.0,920761.0,38.05,20.86,1342.3343871181523,118194.74,38.55,69.93377483443707,4.44416038178022,39.67682173734047,20.726696939639076,90.81406609095899,50.04,Average
334,Charles Roy,1480516.0,514970.0,0.0,0.0,4132301.0,1739727.0,111806.0,965546.0,65.22,0.0,460.5924547877573,0.0,42.1,91.10245422672382,0.0,43.33058871963772,9.404770651341462,96.84804927200983,56.31,Average
335,Alka Pandey,1491824.0,1028890.0,16501.0,20773.28,587480.0,183875.0,112061.0,462934.0,31.03,1.11,918.1517209377035,4272.279999999999,31.3,64.46435527853527,0.23648216796625338,32.214903252367236,9.81401423733326,93.7168554214624,45.55,Average
336,Arunima Mahal,1544713.0,953858.0,2311314.0,2655256.93,987757.0,214366.0,353395.0,590855.0,38.25,149.63,269.9127039148828,343942.9299999997,21.7,70.08959875340865,31.87822233584729,22.334293948126803,42.3512156525412,98.15291906162392,55.74,Average
337,Maanas Barad,1453545.0,946372.0,1033021.0,1585552.68,2203256.0,819921.0,67054.0,507173.0,34.89,71.07,1411.35800996212,552531.6799999999,37.21,67.4717569146864,15.141250159785248,38.297653355290244,62.33202403765328,90.34171997236741,55.23,Average
338,Kashish Dixit,3382460.0,1481093.0,479792.0,621956.88,1398293.0,931837.0,230392.0,1901367.0,56.21,14.18,642.8578249244765,142164.88,66.64,84.08258667705493,3.0210064340193448,68.58789625360231,23.022807225089803,95.60076121915938,60.97,Good
339,Krishna Kaul,3614448.0,1452727.0,1392160.0,1868082.17,1510994.0,1078119.0,80024.0,2161721.0,59.81,38.52,1815.3641407577727,475922.1699999999,71.35,86.88741721854306,8.206570369423495,73.43557019349525,54.993565277114534,87.57700377947918,65.41,Good
340,Harsh Kothari,3622513.0,1529780.0,1921982.0,2073400.11,4046638.0,2051758.0,175418.0,2092733.0,57.77,53.06,872.0769818376677,151418.1100000001,50.7,85.29801324503312,11.304273722783247,52.18196788801976,23.909178209015696,94.03215652103259,59.48,Average
341,Daniel Soni,2775796.0,1763173.0,836133.0,1041504.25,3661854.0,2102949.0,159870.0,1012623.0,36.48,30.12,1102.879214361669,205371.25,57.43,68.71055707051032,6.416975584814011,59.108686702346645,29.07737329199655,92.45271843587983,55.12,Average
342,Udarsh Mannan,2070411.0,995055.0,1976645.0,2416813.97,2147257.0,1625469.0,146344.0,1075356.0,51.94,95.47,679.9424643306182,440168.9700000002,75.7,80.75574600701209,20.339596915079465,77.91272128447922,51.568750475958744,95.34698164687502,68.1,Good
343,Sai Keer,1143776.0,1281789.0,636252.0,712820.02,604137.0,395360.0,216457.0,-138013.0,-12.07,55.63,592.1679594561507,76568.02000000002,65.44,30.884300740163617,11.851804508074482,67.35282009057225,16.73925506647616,95.94764479639522,45.97,Average
344,Vritti Varty,1115715.0,1093032.0,443452.0,597930.8,0.0,0.0,49786.0,22683.0,2.03,39.75,2195.4605712449284,154478.80000000005,0.0,41.86988702765875,8.468618177169883,0.0,24.202363054393157,84.97590771651281,33.67,Poor
345,Anmol Dhingra,4442925.0,1370600.0,842837.0,996815.26,3421008.0,1183329.0,95926.0,3072325.0,69.15,18.97,1428.8097074828513,153978.26,34.59,94.16439423451502,4.041501555243086,35.6010703993413,24.154416106971087,90.2222935898174,56.64,Average
346,Harshil Sachdeva,903081.0,560778.0,1112234.0,1342299.0,1759614.0,463769.0,160692.0,342303.0,37.9,123.16,348.976924800239,230065.0,26.36,69.81690689520842,26.23886829434573,27.130506381226844,31.44279849858061,97.61186258971014,54.29,Average
347,Balvan Master,2620838.0,1564062.0,1110966.0,1213620.44,2835776.0,1035223.0,102289.0,1056776.0,40.32,42.39,1529.061775948538,102654.43999999994,36.51,71.70237631476432,9.031062252332864,37.57719226018938,19.23808474676119,89.53624331500654,50.66,Average
348,Tanveer Jhaveri,1284918.0,1033389.0,2179570.0,2818347.94,2355905.0,1260211.0,257974.0,251529.0,19.58,169.63,400.57874049322805,638777.94,53.49,55.54343591741332,36.13916229920321,55.05351996706464,70.59359133211453,97.25873830630415,61.41,Good
349,Ekbal Dass,1401034.0,598257.0,508022.0,573247.59,3205429.0,1687920.0,138167.0,802777.0,57.3,36.26,432.99557781525255,65225.58999999997,52.66,84.93182703544994,7.725084153564275,54.199258954302174,15.652758692862784,97.03690168493922,58.84,Average
350,Udarsh Ramachandran,2548620.0,1100121.0,2564358.0,3018973.73,85305.0,43568.0,143616.0,1448499.0,56.83,100.62,766.015625,454615.73,51.07,84.56564082586678,21.436788955643614,52.562783038287364,52.95261198980212,94.75796122630106,64.42,Good
351,Divya Randhawa,800233.0,458005.0,1371419.0,1576113.98,1709628.0,749916.0,202965.0,342228.0,42.77,171.38,225.65713300322716,204694.98,43.86,73.61121932216595,36.51199454599684,45.142033758748454,29.012593090348087,98.45577113291304,61.01,Good
352,Tristan Chad,2373202.0,1065368.0,678619.0,686203.29,51061.0,33053.0,270314.0,1307834.0,55.11,28.6,394.1223909971367,7584.290000000037,64.73,83.22555512271134,6.09314414759896,66.62206669411282,10.131273136384985,97.30292073978266,59.98,Average
353,Krishna Dhawan,2355697.0,1359991.0,858272.0,956802.24,712392.0,567823.0,237420.0,995706.0,42.27,36.43,572.8207396175554,98530.24,79.71,73.22165952473705,7.761302143252802,82.0399341292713,18.843025809297504,96.08004271785693,61.03,Good
354,Oviya Kanda,4002098.0,1389818.0,1415184.0,1747511.72,1086261.0,829632.0,138018.0,2612280.0,65.27,35.36,1006.9831471257372,332327.72,76.38,91.14141020646669,7.53334185521326,78.6125977768629,41.23858956238614,93.10895949192356,67.32,Good
355,Ekta Desai,4054134.0,1761921.0,165505.0,242119.29,1194914.0,870110.0,212395.0,2292213.0,56.54,4.08,829.5491890110407,76614.29000000001,72.82,84.33969614335801,0.869231752524607,74.94853849320707,16.743687290188987,94.32318496964552,61.0,Good
356,Simon Munshi,2625927.0,1858531.0,1022155.0,1199066.99,950060.0,313642.0,216715.0,767396.0,29.22,38.93,857.5922294257434,176911.99,33.01,63.05414881184262,8.29391963867229,33.974886784685054,26.35124822129123,94.13127934737277,48.83,Average
357,Matthew Saha,1821801.0,1063516.0,1304762.0,1529305.85,2506589.0,1662374.0,28136.0,758285.0,41.62,71.62,3779.911856696048,224543.8500000001,66.32,72.71523178807946,15.258426008777537,68.25854261012762,30.913925104327756,74.13310660084119,56.44,Average
358,Hitesh Ray,478006.0,725166.0,234786.0,278840.98,1397037.0,587046.0,153289.0,-247160.0,-51.71,49.12,473.07112708674464,44054.97999999998,42.02,0.0,10.46486855000213,43.248250308769045,13.624816621174176,96.76265455955135,31.46,Poor
359,Farhan Balay,2572557.0,862217.0,2236679.0,2654870.27,2480746.0,1670240.0,106646.0,1710340.0,66.48,86.94,808.4850814845377,418191.27,67.33,92.08414491624465,18.522306020708168,69.29806504734458,49.46349689710811,94.46733198803994,69.03,Good
360,Ekapad Ravi,1430425.0,584928.0,337000.0,452687.87,1402837.0,649682.0,171111.0,845497.0,59.11,23.56,341.8412609358837,115687.87,46.31,86.34203350214258,5.019387276833269,47.66364759160149,20.48656275638909,97.66069374332145,58.02,Average
361,Vrinda Khare,859485.0,484780.0,58240.0,76023.75,141417.0,96066.0,54169.0,374705.0,43.6,6.78,894.9399102807879,17783.75,67.93,74.25788858589793,1.4444586475776557,69.91560312885963,11.108283909456947,93.87569971588695,56.44,Average
362,Ati Pall,1248787.0,442340.0,1710390.0,1917247.09,896295.0,103497.0,96952.0,806447.0,64.58,136.96,456.24638996616886,206857.08999999985,11.55,90.60381768601479,29.178916869061318,11.887608069164267,29.2197025611011,96.8777904934213,57.69,Average
363,Anjali Apte,3136054.0,1603856.0,2208413.0,2976492.22,2688285.0,851225.0,69928.0,1532198.0,48.86,70.42,2293.581970026313,768079.2199999997,31.66,78.35605765485002,15.002769610976182,32.58542610127625,82.97941798685845,84.30443815354978,58.18,Average
364,Harshil Sidhu,486982.0,450649.0,458412.0,449960.57,646143.0,344804.0,105441.0,36333.0,7.46,94.13,427.39446704792255,-8451.430000000051,53.36,46.10050642773666,20.05411393753462,54.91972004940304,8.595204443143807,97.07523150336574,49.1,Average
365,Triya Zachariah,3744109.0,1536311.0,1091258.0,1023919.75,899602.0,153415.0,232251.0,2207798.0,58.97,29.15,661.4873563515335,-67338.25,17.05,86.23295675886249,6.210319996591248,17.548373816385347,2.954409976382858,95.47327462111971,50.01,Average
366,Abhiram Dutt,2861100.0,1451787.0,1509791.0,1770116.04,1838595.0,846800.0,222384.0,1409313.0,49.26,52.77,652.8288905676668,260325.04000000004,46.06,78.66770549279315,11.242490093314586,47.40634005763689,34.34142107993184,95.53252669363427,57.87,Average
367,Girish Singh,2467754.0,1650670.0,1261021.0,1357780.67,2766823.0,1463207.0,118411.0,817084.0,33.11,51.1,1394.0174477033383,96759.66999999993,52.88,66.08492403583949,10.886701606374366,54.425689584191026,18.67342212787926,90.46038582819544,52.85,Average
368,Tanay Uppal,1706445.0,645740.0,1536883.0,1709259.05,1905946.0,473813.0,143761.0,1060705.0,62.16,90.06,449.1760630490885,172376.05000000005,24.86,88.71834826645892,19.18701265499169,25.586661177439275,25.91674852758117,96.9261745297679,57.55,Average
369,Samarth Ganesan,1953827.0,1113779.0,879119.0,992285.74,485505.0,256764.0,180883.0,840048.0,43.0,44.99,615.7455371704361,113166.74,52.89,73.79041682898327,9.584984447569134,54.43598188554961,20.245062601448048,95.7862974654342,56.12,Average
370,Zaitra Kakar,2220846.0,817480.0,2002965.0,2492366.42,1165434.0,399892.0,141519.0,1403366.0,63.19,90.19,577.6468177417873,489401.4199999999,34.31,89.52084144916246,19.214708764753503,35.31288596130095,56.284748581223795,96.04701664394085,62.6,Good
371,Shravya Chada,4037544.0,1609803.0,1330541.0,1287008.56,1826427.0,319401.0,94415.0,2427741.0,60.13,32.95,1705.0288619393104,-43532.43999999994,17.49,87.13673548889756,7.019898589628873,18.00123507616303,5.234779018636506,88.33205601444274,49.34,Average
372,Triya Sule,955835.0,438729.0,595356.0,729441.12,423102.0,316793.0,118057.0,517106.0,54.1,62.29,371.6247236504401,134085.12,74.87,82.43864433190495,13.270697515872001,77.05846027171677,22.248843450160937,97.45687797081064,64.51,Good
373,Neelima Gandhi,1345911.0,400429.0,230839.0,241275.74,1406303.0,856201.0,131540.0,945482.0,70.25,17.15,304.41614717956514,10436.73999999999,60.88,95.02142578885861,3.653756018577698,62.65953067105805,10.40451058029369,97.91680326774625,62.39,Good
374,Udant Gera,1650145.0,779355.0,386918.0,600824.42,755923.0,454205.0,45320.0,870790.0,52.77,23.45,1719.671226831421,213906.42000000004,60.09,81.40241527074407,4.995952107034811,61.84643886372994,29.894960991737584,88.23185460601444,58.43,Average
375,Dhriti Om,4047826.0,1171814.0,678294.0,598124.04,850352.0,269815.0,82202.0,2876012.0,71.05,16.76,1425.5297924624704,-80169.95999999996,31.73,95.64472146474483,3.570667689292258,32.65747221078633,1.7252548145473063,90.24473887833389,54.16,Average
376,Rachita Gandhi,3372289.0,1618556.0,934075.0,1126670.98,1333637.0,679803.0,83245.0,1753733.0,52.0,27.7,1944.328187879152,192595.98,50.97,80.80249318270354,5.901401849247944,52.45986002470152,27.853624542660494,86.69447016872756,56.04,Average
377,Aayush Saran,1181811.0,458388.0,931792.0,1182745.9,633976.0,326120.0,152678.0,723423.0,61.21,78.84,300.2318605169049,250953.8999999999,51.44,87.97818465134398,16.796625335549024,52.943598188554965,33.44375544508787,97.94543740027576,63.27,Good
378,Indira Rana,3374783.0,1692292.0,1440561.0,1824585.62,1494953.0,532495.0,39278.0,1682491.0,49.85,42.69,4308.498396048679,384024.6200000001,35.62,79.12738605375925,9.094976351783203,36.66117743927542,46.190658420386875,70.5158551452435,51.61,Average
379,Tanay Ravel,3466744.0,1418747.0,689604.0,852295.0800000001,0.0,0.0,160453.0,2047997.0,59.08,19.89,884.2134456819132,162691.08000000007,0.0,86.31865991429684,4.237504793557459,0.0,24.98902097858556,93.94910362763093,48.03,Average
380,Imaran Deol,2428174.0,897798.0,188857.0,186606.96,1156642.0,984309.0,214468.0,1530376.0,63.03,7.78,418.6162970699592,-2250.040000000008,85.1,89.39618231398521,1.6575056457454516,87.58748456154795,9.189238327096566,97.13530274197345,65.01,Good
381,Ekansh Dara,3399912.0,1396235.0,1478033.0,1531634.11,4362450.0,2304565.0,179011.0,2003677.0,58.93,43.47,779.9716218556401,53601.1100000001,52.83,86.20179197506818,9.261153010354084,54.3742280773981,14.539244625318082,94.66245680804212,58.97,Average
382,Vincent Bera,773171.0,552903.0,956757.0,1164654.86,3961049.0,2084591.0,115993.0,220268.0,28.49,123.74,476.6692817670032,207897.8600000001,52.63,62.48539150759642,26.362435553283053,54.16838205022644,29.319398378555196,96.73803147650696,57.13,Average
383,Fiyaz Shere,3068630.0,1115144.0,2358286.0,2891725.34,713615.0,582567.0,188069.0,1953486.0,63.66,76.85,592.9440790348223,533439.3399999999,81.64,89.88702765874562,16.372661809195108,84.02634829147799,60.50316036613018,95.9423336137096,72.28,Good
384,Alexander Sarraf,2092584.0,970705.0,613900.0,623168.78,4749341.0,2336531.0,170007.0,1121879.0,53.61,29.34,570.9794302587541,9268.780000000028,49.2,82.05687573042462,6.25079892624313,50.6381226842322,10.292631176627507,96.09264326377036,56.24,Average
385,Sathvik Roy,4059944.0,1760567.0,550571.0,750058.04,1416711.0,1192913.0,287739.0,2299377.0,56.64,13.56,611.8624864894922,199487.04000000004,84.2,84.41760810284379,2.8889172951553115,86.66117743927543,28.51372222017336,95.81287016390853,65.25,Good
386,Janya Pingle,2742924.0,1347589.0,349338.0,476460.23,1760399.0,1432198.0,62506.0,1395335.0,50.87,12.74,2155.935430198701,127122.22999999998,81.36,79.92208804051421,2.7142187566577185,83.73816385343763,21.581865145259005,85.24638825912608,60.47,Good
387,Bina Chopra,1653355.0,506109.0,1093668.0,1430337.91,1732568.0,594351.0,94645.0,1147246.0,69.39,66.15,534.7445718210154,336669.9099999999,34.3,94.35138293728087,14.093058928799696,35.30259365994236,41.65452985811996,96.34060756983803,61.62,Good
388,Brinda Nair,3298944.0,1596648.0,843775.0,1094984.89,1588554.0,1029026.0,285376.0,1702296.0,51.6,25.58,559.4892352545414,251209.8899999999,64.78,80.49084534476043,5.449742213132216,66.67352820090574,33.46827684012237,96.17127357595157,61.15,Good
389,Samuel Mital,3527654.0,1471267.0,606148.0,625754.95,433756.0,206950.0,99776.0,2056387.0,58.29,17.18,1474.5700368826172,19606.949999999957,47.71,85.70315543435918,3.6601474285227322,49.104569781803214,11.282929041793832,89.90914407539226,55.37,Average
390,Wazir Kata,1760860.0,461345.0,624845.0,677999.0399999999,710923.0,43678.0,144205.0,1299515.0,73.8,35.49,319.9230262473562,53154.03999999992,6.14,97.78730035060381,7.561037964975075,6.31947303417044,14.496419592785237,97.81068577003538,53.12,Average
391,Mohammed Kala,4050699.0,1309142.0,968258.0,1259742.71,1032708.0,870878.0,47673.0,2741557.0,67.68,23.9,2746.0868835609253,291484.71,84.33,93.01908843007404,5.091823256210319,86.79497735693701,37.326219615870734,81.20783251702935,66.26,Good
392,Thomas Koshy,1096342.0,401401.0,989385.0,1334567.59,528383.0,341807.0,69208.0,694941.0,63.39,90.24,579.9921974338226,345182.5900000001,64.69,89.67666536813401,19.225361114661894,66.58089748867847,42.46996323083915,96.0309666171745,67.52,Good
393,Advaith More,3800620.0,1366638.0,745702.0,1071863.66,1329457.0,206276.0,162838.0,2433982.0,64.04,19.62,839.2623343445633,326161.66000000015,15.52,90.1830931047916,4.179982104052153,15.973651708522027,40.64793995471985,94.25671545807009,54.0,Average
394,Isha Kaur,1233598.0,456633.0,1120106.0,1313104.9,2061252.0,754565.0,143101.0,776965.0,62.98,90.8,319.0983990328509,192998.8999999999,36.61,89.35722633424231,19.34466743363586,37.680115273775215,27.892220427215765,97.81632890274861,60.56,Good
395,Aditya Murty,2819053.0,1769228.0,1465066.0,1662226.41,1279268.0,473935.0,129876.0,1049825.0,37.24,51.97,1362.243986571807,197160.40999999992,37.05,69.30268796260226,11.07205249478035,38.1329765335529,28.29085330603942,90.67781966347276,51.6,Average
396,Gayathri Bassi,2690805.0,754078.0,419243.0,459105.97,2619021.0,1190625.0,139562.0,1936727.0,71.98,15.58,540.3175649532108,39862.96999999997,45.46,96.36930268796262,3.3192722314542586,46.78880197612186,13.22326213389491,96.30247016750432,59.52,Average
397,Upadhriti Oak,1018037.0,546449.0,868927.0,1023571.03,801829.0,126484.0,150723.0,471588.0,46.32,85.35,362.5518334958832,154644.03000000003,15.77,76.37709388391119,18.183561293621374,16.23095924248662,24.218190508987288,97.51896605417016,51.72,Average
398,Sanya Mukhopadhyay,2472057.0,924254.0,837410.0,855088.73,2639021.0,1627458.0,96824.0,1547803.0,62.61,33.88,954.5711806990004,17678.72999999998,61.67,89.06895208414491,7.218032297924923,63.47262247838618,11.098223997325519,93.46762784182147,60.66,Good
399,Laban Murty,3741957.0,1180961.0,1349467.0,1696750.78,1779326.0,145455.0,162537.0,2560996.0,68.44,36.06,726.5797941391806,347283.78,8.17,93.61121932216597,7.682474753930718,8.40881020996295,42.67123714791623,95.0278305967143,54.57,Average
400,Chavvi Jha,2936801.0,1496618.0,484173.0,606933.97,2357521.0,1526264.0,89704.0,1440183.0,49.04,16.49,1668.3960581467938,122760.96999999996,64.74,78.49629918192443,3.5131449997869524,66.63235899547139,21.164098125812107,88.58274356127924,57.41,Average
401,Bhavya Khalsa,2641510.0,1519522.0,1110570.0,1300353.01,931201.0,702123.0,93733.0,1121988.0,42.48,42.04,1621.1174292938451,189783.01,75.4,73.3852746396572,8.956495802974136,77.60395224372171,27.58416890536909,88.9062831830911,59.87,Average
402,Anamika Balakrishnan,2280860.0,1410005.0,577328.0,721967.01,1753144.0,1373981.0,82819.0,870855.0,38.18,25.31,1702.513915888866,144639.01,78.37,70.03506038176862,5.392219523626912,80.66076574722109,23.25980522929596,88.34926642671103,58.22,Average
403,Aarush Shere,2314363.0,1261831.0,849110.0,1187267.29,2033613.0,1204986.0,37781.0,1052532.0,45.48,36.69,3339.856012281305,338157.29000000004,59.25,75.72263342423062,7.8166943627764285,60.9818855496089,41.79700664450394,77.14452010694939,56.09,Average
404,Tarak Keer,1132400.0,911944.0,1717533.0,2017639.54,2882175.0,1453550.0,187032.0,220456.0,19.47,151.67,487.5871508618846,300106.5399999998,50.43,55.457732761978974,32.31283821210959,51.904075751338,38.152108515243334,96.663317735359,56.63,Average
405,Wyatt Saini,2773312.0,1681846.0,821115.0,1069148.69,2696983.0,1903610.0,176173.0,1091466.0,39.36,29.61,954.6559347913698,248033.68999999997,70.58,70.95442150370081,6.308321615748434,72.64306298888431,33.16402724088564,93.46704784811908,59.09,Average
406,Prisha Lalla,1430587.0,1022485.0,1751393.0,1842075.36,1923628.0,663546.0,99626.0,408102.0,28.53,122.42,1026.323449701885,90682.3600000001,34.49,62.516556291390735,26.081213515701563,35.49814738575546,18.09127392186661,92.97660890703929,51.48,Average
407,Ati Biswas,1743016.0,835442.0,958964.0,1131427.73,775881.0,136665.0,182024.0,907574.0,52.07,55.02,458.9735419505121,172463.72999999998,17.61,80.85703155434359,11.721845839192127,18.124742692466036,25.925147433462747,96.85912790224545,52.19,Average
408,Urvashi Nadkarni,992292.0,420089.0,697209.0,967684.81,2583958.0,1161186.0,44348.0,572203.0,57.66,70.26,947.2557950753136,270475.81000000006,44.94,85.21231008959876,14.968682091269336,46.2536023054755,35.31376781642335,93.51768887691318,60.04,Good
409,Vedhika Kale,1763630.0,1127236.0,1118686.0,1436737.59,1571498.0,710831.0,101952.0,636394.0,36.08,63.43,1105.6536409290647,318051.58999999985,45.23,68.39890923256719,13.51357109378329,46.55207904487443,39.87107277151917,92.4337323327686,55.01,Average
410,Jack Kala,2501440.0,920653.0,774382.0,1054656.15,773701.0,84925.0,263902.0,1580787.0,63.2,30.96,348.8616986608665,280274.1499999999,10.98,89.52863264511103,6.5959350632749585,11.30094689172499,36.252355127734134,97.61265111134158,53.59,Average
411,Yahvi Keer,754851.0,466126.0,1151572.0,1349619.09,1567292.0,273131.0,208926.0,288725.0,38.25,152.56,223.1057886524416,198047.08999999985,17.43,70.08959875340865,32.502450040478934,17.93948126801153,28.375788774413962,98.4732306279617,53.65,Average
412,Meera Johal,2766803.0,1120677.0,1035624.0,1155500.03,782970.0,371088.0,41711.0,1646126.0,59.5,37.43,2686.766080889933,119876.03000000004,47.39,86.64589014413714,7.974349141420597,48.77521613832853,20.887748450469864,81.61377978173206,55.76,Average
413,Chakrika Mahal,2551212.0,1006059.0,1578278.0,2078152.6,1550813.0,847583.0,79874.0,1545153.0,60.57,61.86,1259.5575531462052,499874.5999999999,54.65,87.47954811063498,13.179087306659849,56.24742692466036,57.287979113852174,91.38052891375713,64.13,Good
414,Veda Borde,3098364.0,1405509.0,1763102.0,1760720.92,666369.0,528942.0,35725.0,1692855.0,54.64,56.9,3934.244926522043,-2381.0800000000745,79.38,82.85936891312816,12.122374195747582,81.70028818443804,9.176685947685948,73.07696634770753,59.16,Average
415,Champak Bhattacharyya,1377197.0,367312.0,1264702.0,1335722.43,0.0,0.0,182826.0,1009885.0,73.33,91.83,200.9079671381532,71020.42999999993,0.0,97.42111414102065,19.564105841748688,0.0,16.207848972958818,98.62513593807799,54.48,Average
416,Kala Sathe,3707137.0,1357509.0,2064524.0,2065482.59,1401747.0,1245174.0,76899.0,2349628.0,63.38,55.69,1765.314243358171,958.589999999851,88.83,89.66887417218544,11.864587327964548,91.4265129682997,9.49659441034036,87.91950789326715,66.09,Good
417,Meera Varma,1717937.0,983082.0,570044.0,556883.46,3558736.0,1615933.0,174996.0,734855.0,42.78,33.18,561.773983405335,-13160.540000000035,45.41,73.61901051811454,7.068899399207465,46.73734046932894,8.14411671873674,96.15563846616567,52.89,Average
418,Ira Sarraf,837889.0,391875.0,814112.0,943188.35,184667.0,165601.0,124592.0,446014.0,53.23,97.16,314.5266148709387,129076.34999999998,89.68,81.76081028437865,20.69964634198304,92.30135858377935,21.769051162153563,97.84761477872762,68.87,Good
419,Rayaan Cheema,1552565.0,502811.0,678792.0,889763.13,1261317.0,1022925.0,70135.0,1049754.0,67.61,43.72,716.9187994581878,210971.13,81.1,92.96455005843397,9.314414759896032,83.47056401811444,29.61378826768254,95.09394322817695,68.43,Good
420,Siddharth Khatri,1278333.0,998093.0,1323013.0,1553673.28,423681.0,337210.0,249121.0,280240.0,21.92,103.5,400.6458708820212,230660.28000000003,79.59,57.3665757693806,22.05036431036687,81.91642651296831,31.4998206323989,97.25827891606528,60.6,Good
421,Yagnesh Chakraborty,2162787.0,726480.0,983176.0,1343851.92,2877919.0,1561794.0,42137.0,1436307.0,66.41,45.46,1724.0904668106414,360675.9199999999,54.27,92.0296065446046,9.685116536707998,55.856319473034176,43.95407614669537,88.2016126284812,62.75,Good
422,Omya Bhardwaj,2895832.0,981557.0,1393691.0,1527236.46,2610879.0,1309976.0,76092.0,1914275.0,66.1,48.13,1289.9608368816696,133545.45999999996,50.17,91.78807947019868,10.253952021816014,51.636475916014824,22.19714918068039,91.17247154914519,60.37,Good
423,Darika Deshpande,1132404.0,478141.0,1244606.0,1266753.4,735050.0,519325.0,106675.0,654263.0,57.78,109.91,448.2221701429576,22147.399999999907,70.65,85.3058044409817,23.41599556862244,72.71510909839442,11.526279868058225,96.93270226032156,65.36,Good
424,Aarush Dhaliwal,3280097.0,1594586.0,39939.0,35071.98,3626353.0,2322951.0,51666.0,1685511.0,51.39,1.22,3086.3353075523555,-4867.019999999997,64.06,80.32723022984028,0.25991733776471093,65.9324825030877,8.938556658369606,78.87942644665314,54.01,Average
425,Damyanti Batta,2249889.0,738040.0,1308703.0,1733325.31,985715.0,217643.0,132155.0,1511849.0,67.2,58.17,558.4654383110741,424622.31000000006,22.08,92.64511102454227,12.392943883420683,22.725401399752982,50.07952905587503,96.17827967752301,59.06,Average
426,Frederick Keer,3238668.0,1463023.0,435438.0,427382.91,225481.0,38233.0,113168.0,1775645.0,54.83,13.44,1292.7885974833875,-8055.090000000026,16.96,83.00740163615114,2.8633516553751757,17.455743104158092,8.633170026596202,91.1531204677401,48.06,Average
427,Ronith Raman,4219515.0,1302306.0,1366858.0,1329146.83,1533836.0,480034.0,163845.0,2917209.0,69.14,32.39,794.8402453538405,-37711.169999999925,31.3,94.15660303856642,6.900592270654907,32.214903252367236,5.792401040092607,94.56070705471419,55.56,Average
428,Charles Dora,2332460.0,1689541.0,1483473.0,1878044.04,0.0,0.0,74250.0,642919.0,27.56,63.6,2275.476094276094,394571.04,0.0,61.76081028437865,13.549789083471813,0.0,47.20090464492636,84.42834124327386,42.84,Average
429,Xiti Yogi,2778494.0,1411505.0,32525.0,48725.49,3119072.0,2028852.0,122197.0,1366989.0,49.2,1.17,1155.1060991677373,16200.489999999998,65.05,78.62095831710167,0.2492649878563211,66.95142033758749,10.956622735573829,92.09531664634987,56.54,Average
430,Baghyawati Dar,808825.0,307189.0,1277732.0,1242967.77,2929286.0,1212829.0,121634.0,501636.0,62.02,157.97,252.55191804922967,-34764.22999999998,41.4,88.60927152317882,33.655034300566705,42.61012762453685,6.074689722787245,98.27172331271167,62.1,Good
431,Vinaya Suresh,419260.0,484646.0,1967903.0,2539255.17,2280327.0,900896.0,126101.0,-65386.0,-15.6,469.38,384.3316072037494,571352.1699999999,39.51,28.134008570315544,100.0,40.664882667764516,64.13484707774492,97.36992155098653,62.46,Good
432,Kalpit Kar,934338.0,636865.0,2395940.0,3119478.92,824798.0,756063.0,120975.0,297473.0,31.84,256.43,526.4434800578632,723538.9199999999,91.67,65.09544215037009,54.63164174016788,94.34952655413751,78.71288300011827,96.39741404148992,76.48,Good
433,Vincent Gupta,960420.0,576422.0,1064958.0,1165537.2,2202775.0,1732932.0,118338.0,383998.0,39.98,110.88,487.0979736010411,100579.19999999995,78.67,71.43747565251266,23.622651156845198,80.96953478797859,19.0392965916324,96.66666529914865,63.59,Good
434,Dev Viswanathan,3095555.0,1005761.0,469365.0,574787.86,0.0,0.0,192470.0,2089794.0,67.51,15.16,522.5546838468333,105422.86,0.0,92.8866380989482,3.2297924922237846,0.0,19.50327291989858,96.42402605808061,49.75,Average
435,Watika Borah,1845126.0,491297.0,764591.0,1050704.22,2986095.0,2351688.0,70810.0,1353829.0,73.37,41.44,693.824318599068,286113.22,78.75,97.45227892481498,8.828667604073457,81.05187319884728,36.81168221904302,95.25198460510312,69.94,Good
436,Krishna Vig,2417335.0,1094930.0,693605.0,746879.88,885894.0,215820.0,240395.0,1322405.0,54.71,28.69,455.47120364400257,53274.880000000005,24.36,82.91390728476821,6.112318377434063,25.072046109510087,14.507994909695945,96.8830952895965,51.94,Average
437,Saanvi Din,1153414.0,651248.0,1321152.0,1471536.89,1335945.0,305392.0,170436.0,502166.0,43.54,114.54,382.1070665821775,150384.8899999999,22.86,74.21114141020647,24.402403170139333,23.52820090572252,23.81020560939242,97.38514464541355,53.71,Average
438,Udyati Rege,1845386.0,974772.0,886682.0,1076148.99,731895.0,367810.0,122450.0,870614.0,47.18,48.05,796.0571661902818,189466.99,50.25,77.04713673548889,10.236908261962588,51.71881432688349,27.55389721015128,94.55237935747022,57.17,Average
439,Girindra Kurian,3158278.0,1516689.0,1366458.0,1709954.61,1282244.0,990642.0,132264.0,1641589.0,51.98,43.27,1146.71339139902,343496.60999999987,77.26,80.78691079080639,9.218543610720525,79.51832029641828,42.308462462839266,92.15275006951266,64.64,Good
440,Kiaan Chowdhury,2313282.0,930460.0,678660.0,762792.55,2435846.0,1297866.0,280510.0,1382822.0,59.78,29.34,331.7029695911019,84132.55000000005,53.28,86.86404363069732,6.25079892624313,54.837381638534374,17.46386473240221,97.73007263664154,59.57,Average
441,Ishani Naik,1386546.0,462354.0,309950.0,474076.83,167764.0,113738.0,93959.0,924192.0,66.65,22.35,492.0805883417235,164126.83000000002,67.8,92.21659524737048,4.761600409050237,69.78180321119802,25.126552104492035,96.63256800555224,64.41,Good
442,Janya Bhasin,2820889.0,1322555.0,2147697.0,2597242.92,697939.0,496113.0,155008.0,1498334.0,53.12,76.14,853.2172533030554,449545.9199999999,71.08,81.67510712894429,16.221398440495975,73.1576780568135,52.46697265326588,94.1612184161341,66.46,Good
443,Gautam Bahl,944786.0,540516.0,866690.0,1071905.95,922147.0,147746.0,154763.0,404270.0,42.79,91.73,349.2540206638538,205215.94999999995,16.02,73.62680171406312,19.54280114193191,16.488266776451216,29.062497036483204,97.60996635259212,51.72,Average
444,Meera Dugar,1552380.0,423991.0,0.0,0.0,2586250.0,1392127.0,290998.0,1128389.0,72.69,0.0,145.7023759613468,0.0,53.83,96.92247760031165,0.0,55.403458213256485,9.404770651341462,99.00292176910955,60.9,Good
445,Lavanya Om,1221456.0,470590.0,0.0,0.0,1302788.0,871088.0,7518.0,750866.0,61.47,0.0,6259.51050811386,0.0,66.86,88.18075574600702,0.0,68.81432688349115,9.404770651341462,57.164585529298094,52.59,Average
446,Frederick Chopra,818983.0,519547.0,130441.0,181441.94,1252278.0,961227.0,110943.0,299436.0,36.56,15.93,468.3008391696637,51000.94,76.76,68.77288663809897,3.3938386808129875,79.0037052284891,14.290173193907144,96.79529884696134,57.9,Average
447,Avi Dua,4006849.0,1676426.0,992950.0,1004425.81,916799.0,46576.0,70278.0,2330423.0,58.16,24.78,2385.420757562822,11475.810000000056,5.08,85.60186988702768,5.279304614597981,5.2284890901605605,10.504043553997784,83.67596208924512,45.57,Average
448,Yashasvi Reddy,3642038.0,1586561.0,645314.0,806720.1399999999,1480777.0,802860.0,90337.0,2055477.0,56.44,17.72,1756.2693027220298,161406.1399999999,54.22,84.26178418387224,3.7751928075333416,55.80485796624125,24.86593600911156,87.98140471099912,57.28,Average
449,Vasudha Talwar,2727506.0,1017273.0,474866.0,572892.75,727192.0,289796.0,191456.0,1710233.0,62.7,17.41,531.3351370549891,98026.75,39.85,89.13907284768212,3.709148238101325,41.01482091395636,18.794796280073996,96.3639391947509,56.84,Average
450,Gayathri Choudhury,840297.0,564536.0,284633.0,377015.31,889583.0,713254.0,56993.0,275761.0,32.82,33.87,990.5356798203288,92382.31,80.18,65.85897935333074,7.215901827943244,82.52367229312475,18.254112882329572,93.2215136729745,58.18,Average
451,Avi Mangat,1180159.0,479678.0,978177.0,1016302.41,381811.0,165790.0,46969.0,700481.0,59.35,82.89,1021.2650897400414,38125.40999999992,43.42,86.52902220490846,17.659465678128594,44.68917249897078,13.056820494939611,93.01122454435259,58.34,Average
452,Amruta Kala,1881758.0,1017243.0,953053.0,1311048.26,2845765.0,1562363.0,107274.0,864515.0,45.94,50.65,948.266122266346,357995.26,54.9,76.08102843786521,10.790830457198858,56.50473445862495,43.69729454267486,93.51077495226639,59.36,Average
453,Chameli Datta,927233.0,514558.0,1255109.0,1691322.51,584154.0,433594.0,105874.0,412675.0,44.51,135.36,486.0097852163893,436213.51,74.23,74.96688741721854,28.83804167199284,76.3997529847674,51.18985521753767,96.67411204764733,67.99,Good
454,Hamsini Raghavan,2890076.0,1555684.0,1235222.0,1480815.45,691869.0,434345.0,99815.0,1334392.0,46.17,42.74,1558.567349596754,245593.44999999995,62.78,76.26022594468252,9.105628701691595,64.61506792918897,32.93027557473065,89.33432920770073,58.78,Average
455,Parth Arya,907020.0,460573.0,1720344.0,2027478.01,1103134.0,906352.0,70230.0,446447.0,49.22,189.67,655.8066353410223,307134.01,82.16,78.63654070899884,40.408624142485834,84.56154796212432,38.8252729668359,95.51214923258689,71.57,Good
456,Krish Dâ€™Alia,2117126.0,1175521.0,1435167.0,1560415.12,2725362.0,1690610.0,272397.0,941605.0,44.48,67.79,431.5469700473941,125248.11999999988,62.03,74.9435138293728,14.44245600579488,63.84314532729519,21.40234332156226,97.04681487448676,59.69,Average
457,Indali Dhingra,1161653.0,491132.0,632531.0,667160.1699999999,0.0,0.0,101230.0,670521.0,57.72,54.45,485.1644769337153,34629.169999999925,0.0,85.25905726529022,11.600409050236484,0.0,12.72191412291157,96.6798967061437,48.51,Average
458,Rushil Solanki,451771.0,408963.0,846130.0,1102155.31,620817.0,194142.0,325722.0,42808.0,9.48,187.29,125.55584209847662,256025.31000000008,31.27,47.67432800934944,39.90157228684647,32.184026348291475,33.92954804632999,99.14078959871786,51.94,Average
459,Ronith Rana,2258021.0,1188965.0,223137.0,246497.47,269857.0,114325.0,141005.0,1069056.0,47.34,9.88,843.20768767065,23360.47,42.37,77.17179587066616,2.104904341897823,43.60848085631947,11.642480378525496,94.22971640682843,52.3,Average
460,Aachal Apte,2278886.0,775710.0,2432752.0,3066082.4,2081485.0,1466323.0,109381.0,1503176.0,65.96,106.75,709.1816677485122,633330.3999999999,70.45,91.67900272691858,22.7427670544122,72.50926307122273,70.07176907223601,95.1468903784643,72.59,Good
461,Jason Chaudhari,1557186.0,925859.0,1471811.0,1977905.46,1262597.0,549834.0,137787.0,631327.0,40.54,94.52,671.949458221748,506094.46,43.55,71.87378262563304,20.137202266820058,44.82297241663235,57.8837822472533,95.40167981042894,59.42,Average
462,Avi Rau,1616319.0,1111544.0,1567147.0,2149216.81,633174.0,397325.0,94340.0,504775.0,31.23,96.96,1178.2319270722917,582069.81,62.75,64.62017919750681,20.657036942349478,64.58419102511321,65.16149454162117,91.93706075365895,61.34,Good
463,Veer Chaudhuri,2546237.0,1647466.0,719630.0,911178.45,1065150.0,212485.0,93833.0,898771.0,35.3,28.26,1755.7426491745975,191548.44999999995,19.95,67.79119594857809,6.02070816822191,20.533141210374637,27.753281181824125,87.98500873450183,46.02,Average
464,Amruta Viswanathan,2545203.0,1594941.0,1595159.0,1819549.62,519912.0,226330.0,48541.0,950262.0,37.34,62.67,3285.7604911312087,224390.6200000001,43.53,69.38059992208805,13.351655375175763,44.802387813915196,30.899247135027636,77.51470944786819,51.04,Average
465,Amruta Bava,2394991.0,883822.0,1155440.0,1483529.53,2015952.0,1131030.0,240987.0,1511169.0,63.1,48.24,366.7509035757116,328089.53,56.1,89.45072068562526,10.277387191614471,57.73981062165501,40.83261147253375,97.49023075497578,64.02,Good
466,Akshay Saxena,2658337.0,1467166.0,1012188.0,1497727.46,2486784.0,1537054.0,209757.0,1191171.0,44.81,38.08,699.4598511611055,485539.46,61.81,75.2006232956759,8.112829690229665,63.61671469740634,55.91480972905192,95.21341922962446,61.54,Good
467,Bina Mohan,1624947.0,602109.0,1595386.0,1895465.15,1419790.0,779046.0,150640.0,1022838.0,62.95,98.18,399.7006107275624,300079.15000000014,54.87,89.33385274639657,20.916954280114194,56.4738575545492,38.149484815059786,97.2647475705146,65.55,Good
468,Theodore Rajan,2860457.0,1584536.0,1307843.0,1539192.27,828321.0,503154.0,145125.0,1275921.0,44.61,45.72,1091.8422049956937,231349.27,60.74,75.04479937670432,9.740508756231625,62.51543845203788,31.565819288459,92.52824748405313,58.63,Average
469,Urvi Kohli,1627995.0,667192.0,1465670.0,1707988.86,0.0,0.0,209987.0,960803.0,59.02,90.03,317.73014519946474,242318.8600000001,0.0,86.27191273860538,19.18062124504666,0.0,32.61660115398744,97.82569220998778,52.54,Average
470,Vinaya Arya,842952.0,322152.0,1214536.0,1472634.81,1595067.0,998269.0,219443.0,520800.0,61.78,144.08,146.80440934547923,258098.81000000008,62.58,88.42228282041295,30.695811496016024,64.4092219020173,34.12816952609115,98.99538027577574,68.76,Good
471,Deepa Kade,924775.0,492067.0,372979.0,337386.7,1557533.0,781210.0,103664.0,432708.0,46.79,40.33,474.6749112517364,-35592.29999999999,50.16,76.74328009349436,8.592185436107206,51.62618361465624,5.995368532169535,96.75167945864851,55.02,Average
472,Tarak Sarin,2193704.0,1127836.0,1753187.0,2196704.1,3526667.0,2097141.0,271061.0,1065868.0,48.59,79.92,416.0819889250021,443517.1000000001,59.47,78.14569536423842,17.026716093570244,61.208316179497736,51.88946932574544,97.15264565395434,63.71,Good
473,Kai Parikh,2212563.0,979794.0,182581.0,234467.78,1567441.0,951890.0,66016.0,1232769.0,55.72,8.25,1484.176563257392,51886.78,60.73,83.70081807557462,1.7576377348843157,62.505146150679295,14.375028198311105,89.84340418433308,57.37,Average
474,Mugdha Gour,2397844.0,1143870.0,1237718.0,1435053.42,2710864.0,1064595.0,115036.0,1253974.0,52.3,51.62,994.3582878403282,197335.41999999995,39.27,81.03622906116088,10.99748604542162,40.417867435158506,28.307617591148176,93.19535459892495,56.06,Average
475,Janaki Cheema,938379.0,474412.0,2015576.0,2130749.5,1453512.0,710795.0,131379.0,463967.0,49.44,214.79,361.101850371825,115173.5,48.9,78.80794701986756,45.760364736460865,50.32935364347468,20.437291027165678,97.52888865562822,64.41,Good
476,Avi Sridhar,671642.0,440423.0,785050.0,775369.65,226759.0,164869.0,149004.0,231219.0,34.43,116.89,295.5779710611796,-9680.349999999977,72.71,67.11336190105182,24.903063615833652,74.83532317826266,8.477485654184045,97.97728514355832,60.52,Good
477,Wishi Parikh,1950735.0,857264.0,1141627.0,1327982.91,1319214.0,740056.0,156517.0,1093471.0,56.05,58.52,547.7130279777915,186355.90999999992,56.1,83.95792754187768,12.467510332779412,57.73981062165501,27.255885484443372,96.2518611424935,61.2,Good
478,Chaitanya Garde,1792456.0,507582.0,1043555.0,1344139.51,2037286.0,1557009.0,126003.0,1284874.0,71.68,58.22,402.833265874622,300584.51,76.43,96.13556680950528,12.403596233329072,78.66405928365585,38.19789347240826,97.24331001857757,70.32,Good
479,Akshay Sangha,1759630.0,1173882.0,1015460.0,1316352.34,856755.0,363030.0,105813.0,585748.0,33.29,57.71,1109.3929857389924,300892.3400000001,42.37,66.22516556291392,12.294942264263495,43.60848085631947,38.22738064391291,92.40814304993658,53.35,Average
480,Fitan Bassi,2077171.0,1046082.0,1031352.0,1137121.13,2892564.0,1170390.0,133380.0,1031089.0,49.64,49.65,784.2869995501575,105769.12999999987,40.46,78.9637709388391,10.577783459031062,41.642651296829975,19.5364422759617,94.63292558640704,55.01,Average
481,Charita Virk,451214.0,578414.0,984137.0,962460.21,1397933.0,708986.0,176373.0,-127200.0,-28.19,218.11,327.94928929031084,-21676.79000000004,50.72,18.324892871055706,46.46768077037795,52.202552490736934,7.328341374142602,97.75576002086535,45.52,Average
482,Inaya Saran,589134.0,373544.0,1214414.0,1251246.82,2608941.0,708568.0,115096.0,215590.0,36.59,206.14,324.5499409188851,36832.82000000007,27.16,68.79626022594469,43.91750820230943,27.953890489913547,12.933002728590711,97.77902262202747,55.86,Average
483,Yadavi Issac,1838860.0,1200455.0,1111290.0,1333272.95,0.0,0.0,170392.0,638405.0,34.72,60.43,704.525447204094,221982.94999999995,0.0,67.33930658356059,12.874430099279902,0.0,30.66861536354147,95.1787540739767,44.88,Average
484,Zaid Butala,2965483.0,1419479.0,792764.0,1039217.21,1090343.0,294186.0,106826.0,1546004.0,52.13,26.73,1328.776702300938,246453.21,26.98,80.90377873003507,5.694746261025182,27.768629065459038,33.01263236442897,90.9068447591401,52.45,Average
485,Chakradev Sehgal,3425242.0,1436722.0,1138252.0,1323885.09,1153484.0,482166.0,21377.0,1988520.0,58.05,33.23,6720.877578706086,185633.09000000008,41.8,85.5161667315933,7.079551749115855,43.0218196788802,27.186646237758573,54.00733390932972,49.2,Average
486,Lavanya Dubey,2015195.0,1027426.0,1055593.0,1188128.01,1000088.0,379479.0,92327.0,987769.0,49.02,52.38,1112.8120701419953,132535.01,37.94,78.48071679002727,11.159401764029145,39.04899135446686,22.10035772940253,92.38474539011588,54.27,Average
487,Unni Srinivas,1938670.0,1573701.0,1248478.0,1290998.68,1812703.0,734564.0,130409.0,364969.0,18.83,64.4,1206.742632793749,42520.679999999935,40.52,54.95909622126997,13.72022668200605,41.704405104981475,13.477845347290623,91.74195477934231,47.27,Average
488,Ekaraj Karpe,3049515.0,1597825.0,596079.0,741048.41,973189.0,361678.0,256248.0,1451690.0,47.6,19.55,623.5463301176985,144969.41000000003,37.16,77.37436696532917,4.165068814180408,38.246191848497325,23.29145439105776,95.73291466518761,53.17,Average
489,Sneha Gade,1865951.0,1095809.0,1305324.0,1586738.88,2977159.0,1251656.0,122282.0,770142.0,41.27,69.95,896.1327096383769,281414.8800000001,42.04,72.44253992987925,14.902637521837317,43.26883491148621,36.36162615768734,93.86753708802708,55.78,Average
490,Unnati Guha,516083.0,511203.0,798850.0,1018869.01,0.0,0.0,168144.0,4880.0,0.95,154.79,304.0269055095632,220019.01,0.0,41.02843786521231,32.977544846393116,0.0,30.480488684514643,97.91946694699755,41.54,Average
491,Yamini Sarin,2606558.0,1416971.0,767080.0,830274.52,591329.0,333158.0,132919.0,1189587.0,45.64,29.43,1066.040972321489,63194.52000000002,56.34,75.84729255940786,6.269973156078231,57.98682585426101,15.458201601520377,92.70481184863435,55.69,Average
492,Amrita Joshi,880596.0,455172.0,1181232.0,1553359.21,987328.0,620620.0,138918.0,425424.0,48.31,134.14,327.6551634777351,372127.21,62.86,77.92754187767824,28.57812433422813,64.69740634005764,45.05100026773427,97.75777279823379,66.09,Good
493,Sara Chakraborty,1701095.0,480352.0,505040.0,685010.77,3115144.0,2023396.0,60094.0,1220743.0,71.76,29.69,799.334376144041,179970.77000000002,64.95,96.19789637709388,6.325365375601859,66.84849732400166,26.644250106926066,94.52995258040917,65.06,Good
494,Vedant Dyal,3353610.0,1647376.0,605466.0,816413.45,723431.0,476015.0,175114.0,1706234.0,50.88,18.05,940.744886188426,210947.44999999995,65.8,79.92987923646281,3.8454983169287145,67.72334293948127,29.611519950035685,93.56224467410999,59.97,Average
495,Arin Borah,1216265.0,507965.0,205585.0,189139.7,1933996.0,799530.0,153125.0,708300.0,58.24,16.9,331.7322448979592,-16445.29999999999,41.34,85.66419945461628,3.600494269035749,42.54837381638535,7.829468109206841,97.72987229830815,55.26,Average
496,Sara Iyer,1834230.0,1028907.0,941316.0,1310124.14,1499629.0,758962.0,189546.0,805323.0,43.91,51.32,542.8270710012346,368808.1400000001,50.61,74.49941566030385,10.933571945971282,52.08933717579251,44.7330650881679,96.28529698254928,58.68,Average
497,Siddharth Trivedi,2355598.0,936252.0,2518013.0,2877982.64,2427821.0,720861.0,117161.0,1419346.0,60.25,106.89,799.1157467075221,359969.64000000013,29.69,87.23022984028049,22.772593634155694,30.557842733635244,43.88642127390749,94.53144871697074,60.13,Good
498,Shivani Kari,553056.0,518664.0,1008021.0,1296692.59,1108475.0,232449.0,18610.0,34392.0,6.22,182.26,2787.0177324019346,288671.58999999985,20.97,45.13439813011297,38.82994588606246,21.582955948950186,37.056749610013135,80.9277323602408,45.51,Average
499,Barkha Saraf,869196.0,533854.0,1773955.0,2267307.0300000003,2769099.0,1499712.0,83142.0,335342.0,38.58,204.09,642.0990594404753,493352.03000000026,54.16,70.34670821971172,43.48076185606545,55.74310415808975,56.66317925600522,95.60595364338347,65.74,Good
500,Anjali Salvi,636948.0,514028.0,701949.0,764029.65,2086738.0,1724993.0,113770.0,122920.0,19.3,110.21,451.8133075503208,62080.65000000002,82.66,55.32528243085314,23.479909668072775,85.07616303005352,15.351503502816948,96.90812719825142,59.23,Average
