investment_id,user_id,investment_type,amount,purchase_date,current_value,profit,roi,profit_status
1,452,Gold,319592.0,2026-05-03,410940.69,91348.69,28.58290883376305,Profit
2,324,Stocks,83808.0,2026-03-31,98722.18,14914.179999999993,17.79565196639938,Profit
3,3,Gold,337841.0,2025-08-21,281895.7,-55945.29999999999,-16.559653801640415,Loss
4,208,Fixed Deposits,188681.0,2025-02-12,228514.33,39833.32999999999,21.111468563342353,Profit
5,452,Cryptocurrency,259243.0,2026-05-11,386169.22,126926.21999999997,48.96032679763773,Profit
6,496,Mutual Funds,351507.0,2026-05-16,483281.64,131774.64,37.488482448429195,Profit
7,172,Fixed Deposits,446376.0,2026-04-02,391657.24,-54718.76000000001,-12.25844579457677,Loss
8,291,Stocks,344737.0,2024-12-21,444869.13,100132.13,29.045948070558136,Profit
9,73,Gold,23689.0,2025-03-02,31062.78,7373.779999999999,31.127443117058544,Profit
10,180,Fixed Deposits,220328.0,2025-11-29,259391.17,39063.17000000001,17.729553211575475,Profit
11,359,Mutual Funds,465178.0,2025-11-29,588251.58,123073.57999999996,26.45730881512022,Profit
12,177,Stocks,159323.0,2024-08-01,172817.33,13494.329999999987,8.469794066142358,Profit
13,377,Fixed Deposits,475000.0,2024-08-20,638733.33,163733.32999999996,34.4701747368421,Profit
14,468,Gold,306386.0,2025-09-01,374601.91,68215.90999999997,22.264695514808107,Profit
15,282,Fixed Deposits,32649.0,2025-03-03,44535.42,11886.419999999998,36.40668933198566,Profit
16,443,Fixed Deposits,424855.0,2026-03-12,449276.87,24421.869999999995,5.748283532028573,Profit
17,228,Fixed Deposits,32407.0,2024-12-20,42537.15,10130.150000000001,31.259141543493698,Profit
18,83,Fixed Deposits,182167.0,2024-11-15,277164.75,94997.75,52.14871518990816,Profit
19,455,Gold,221012.0,2024-10-16,201350.47,-19661.53,-8.896136861346895,Loss
20,177,Gold,34156.0,2025-02-13,27579.39,-6576.610000000001,-19.25462583440684,Loss
21,158,Fixed Deposits,491347.0,2025-09-04,663957.76,172610.76,35.1301137485321,Profit
22,464,Cryptocurrency,170465.0,2024-09-06,156005.52,-14459.48000000001,-8.482374681019571,Loss
23,81,Cryptocurrency,458689.0,2025-12-23,700971.18,242282.18000000005,52.82057777709953,Profit
24,328,Fixed Deposits,434901.0,2025-09-09,466618.92,31717.919999999984,7.293135679154562,Profit
25,255,Mutual Funds,355467.0,2026-02-27,307082.13,-48384.869999999995,-13.611634835301164,Loss
26,393,Stocks,129333.0,2026-06-04,203818.42,74485.42000000001,57.59196802053614,Profit
27,451,Stocks,261379.0,2025-10-11,295920.05,34541.04999999999,13.214929278939772,Profit
28,397,Stocks,286278.0,2024-09-11,414263.0,127985.0,44.70654398871027,Profit
29,207,Stocks,192853.0,2026-03-20,224731.37,31878.369999999995,16.529880271502126,Profit
30,132,Mutual Funds,365212.0,2026-07-12,564205.44,198993.43999999994,54.48710338104989,Profit
31,426,Fixed Deposits,435438.0,2025-09-06,427382.91,-8055.090000000026,-1.849882187590432,Loss
32,38,Cryptocurrency,375173.0,2026-06-04,321183.25,-53989.75,-14.390627790379371,Loss
33,329,Cryptocurrency,292774.0,2025-07-27,244558.67,-48215.32999999999,-16.468446651683546,Loss
34,422,Fixed Deposits,146872.0,2024-10-13,131653.65,-15218.350000000006,-10.361641429271751,Loss
35,16,Gold,498590.0,2024-11-09,624045.63,125455.63,25.162083074269443,Profit
36,267,Gold,387933.0,2025-12-11,505399.16,117466.15999999997,30.280012270160046,Profit
37,138,Fixed Deposits,157355.0,2025-05-25,233691.79,76336.79000000001,48.51246544437737,Profit
38,318,Fixed Deposits,414378.0,2025-04-10,405882.49,-8495.51000000001,-2.050183648745833,Loss
39,440,Fixed Deposits,176614.0,2026-04-18,180799.13,4185.130000000005,2.3696479327799636,Profit
40,234,Stocks,85109.0,2025-11-05,136014.74,50905.73999999999,59.81240526853798,Profit
41,406,Cryptocurrency,125558.0,2025-02-05,150799.03,25241.03,20.103083833766068,Profit
42,433,Fixed Deposits,232834.0,2026-06-28,274497.0,41663.0,17.89386429816951,Profit
43,158,Cryptocurrency,146263.0,2025-09-26,227064.13,80801.13,55.24372534407198,Profit
44,187,Gold,42194.0,2026-02-23,45547.2,3353.199999999997,7.947101483623258,Profit
45,279,Stocks,39820.0,2025-02-04,39245.34,-574.6600000000035,-1.4431441486690193,Loss
46,171,Fixed Deposits,215987.0,2025-06-14,201207.16,-14779.839999999997,-6.842930361549536,Loss
47,277,Cryptocurrency,297306.0,2026-04-17,377620.52,80314.52000000002,27.014093223816545,Profit
48,233,Cryptocurrency,435688.0,2025-01-04,665974.13,230286.13,52.85574310056737,Profit
49,150,Stocks,312565.0,2026-04-09,378347.74,65782.73999999999,21.046099211364034,Profit
50,204,Cryptocurrency,192217.0,2026-04-26,304835.42,112618.41999999998,58.589209070997875,Profit
51,162,Gold,431279.0,2026-06-22,622966.17,191687.17000000004,44.446209993994614,Profit
52,432,Cryptocurrency,445940.0,2025-02-27,624966.64,179026.64,40.14590303628291,Profit
53,439,Cryptocurrency,10456.0,2025-11-08,10457.63,1.6299999999991996,0.015589135424628916,Profit
54,369,Gold,434265.0,2025-01-19,535078.97,100813.96999999997,23.214850379376642,Profit
55,379,Cryptocurrency,53849.0,2024-08-10,76107.0,22258.0,41.334100911808946,Profit
56,185,Stocks,40382.0,2025-02-06,43906.73,3524.730000000003,8.728468129364577,Profit
57,340,Cryptocurrency,371290.0,2026-01-25,353346.31,-17943.690000000002,-4.832796466373994,Loss
58,15,Stocks,50829.0,2025-08-31,46417.98,-4411.019999999997,-8.678156170689954,Loss
59,139,Gold,498705.0,2025-10-26,737996.68,239291.68000000005,47.982610962392606,Profit
60,238,Fixed Deposits,191228.0,2024-11-23,289373.37,98145.37,51.3237444307319,Profit
61,410,Mutual Funds,252283.0,2025-08-28,322539.83,70256.83000000002,27.848420226491683,Profit
62,305,Mutual Funds,233946.0,2026-06-27,191521.67,-42424.32999999999,-18.13424038025869,Loss
63,487,Fixed Deposits,440881.0,2025-07-01,382707.04,-58173.96000000002,-13.194934687591442,Loss
64,377,Stocks,229615.0,2024-08-22,339816.58,110201.58000000002,47.99406833177275,Profit
65,487,Stocks,84340.0,2026-03-16,133102.68,48762.67999999999,57.81678918662555,Profit
66,351,Gold,276906.0,2026-06-10,265366.76,-11539.23999999999,-4.167204755404358,Loss
67,78,Mutual Funds,263220.0,2025-08-10,348716.08,85496.08000000002,32.48084492059874,Profit
68,452,Mutual Funds,356187.0,2024-12-01,494229.43,138042.43,38.7556059036405,Profit
69,358,Cryptocurrency,144204.0,2025-08-13,159102.28,14898.279999999999,10.331391639621646,Profit
70,30,Stocks,213540.0,2026-02-17,186825.96,-26714.040000000008,-12.510087103118858,Loss
71,170,Mutual Funds,169863.0,2025-08-10,246652.84,76789.84,45.20692558120367,Profit
72,371,Mutual Funds,493523.0,2025-05-21,487331.19,-6191.809999999998,-1.2546142732962795,Loss
73,329,Fixed Deposits,447575.0,2026-06-14,509262.13,61687.130000000005,13.78252359939675,Profit
74,151,Stocks,84702.0,2025-11-18,74586.79,-10115.210000000006,-11.942114708035238,Loss
75,348,Stocks,58187.0,2024-08-06,89935.1,31748.100000000006,54.56218743018201,Profit
76,500,Fixed Deposits,437887.0,2026-04-08,506684.4,68797.40000000002,15.711222301644037,Profit
77,189,Fixed Deposits,404406.0,2025-12-26,545022.75,140616.75,34.77118292013471,Profit
78,175,Gold,246597.0,2026-06-22,356075.29,109478.28999999998,44.39562930611483,Profit
79,167,Fixed Deposits,250683.0,2026-03-08,229596.02,-21086.98000000001,-8.411810932532326,Loss
80,379,Mutual Funds,143741.0,2025-11-04,181904.64,38163.640000000014,26.550281408923006,Profit
81,240,Gold,488370.0,2025-07-12,722483.1,234113.09999999998,47.937649732784564,Profit
82,222,Stocks,489194.0,2026-01-16,691129.4,201935.40000000002,41.27920620449147,Profit
83,30,Stocks,61428.0,2026-06-26,50093.75,-11334.25,-18.451276290942243,Loss
84,233,Stocks,135266.0,2025-02-17,215029.03,79763.03,58.96753803616578,Profit
85,149,Stocks,136169.0,2024-11-21,141214.36,5045.359999999986,3.7052192496089313,Profit
86,320,Mutual Funds,33176.0,2026-05-17,28525.2,-4650.799999999999,-14.018567639257293,Loss
87,378,Stocks,82431.0,2025-06-03,68493.57,-13937.429999999993,-16.907995778287287,Loss
88,161,Fixed Deposits,479337.0,2024-11-11,621537.53,142200.53000000003,29.666086698919553,Profit
89,495,Gold,205585.0,2026-03-17,189139.7,-16445.29999999999,-7.999270374784147,Loss
90,381,Fixed Deposits,488595.0,2024-12-07,531751.03,43156.03000000003,8.832679417513488,Profit
91,383,Gold,313366.0,2025-07-30,396543.38,83177.38,26.543205070109714,Profit
92,423,Fixed Deposits,53663.0,2025-05-05,61560.48,7897.480000000003,14.71680673834859,Profit
93,128,Cryptocurrency,80037.0,2026-06-12,121958.48,41921.479999999996,52.37762534827641,Profit
94,264,Fixed Deposits,120782.0,2026-04-22,159216.56,38434.56,31.82143034558129,Profit
95,291,Gold,136567.0,2025-12-25,176536.28,39969.28,29.267158244671116,Profit
96,58,Mutual Funds,386631.0,2026-03-17,459705.34,73074.34000000003,18.90027959475573,Profit
97,1,Gold,66248.0,2024-08-09,80899.13,14651.130000000005,22.115580847723713,Profit
98,214,Gold,278460.0,2026-02-19,266907.73,-11552.270000000019,-4.148628169216411,Loss
99,320,Cryptocurrency,351362.0,2026-05-04,546634.2,195272.19999999995,55.57578793381184,Profit
100,381,Stocks,105828.0,2026-06-28,114440.93,8612.929999999993,8.13861170956646,Profit
101,429,Cryptocurrency,32525.0,2025-02-27,48725.49,16200.489999999998,49.809346656418136,Profit
102,155,Cryptocurrency,276519.0,2025-06-13,288455.17,11936.169999999984,4.316582224006301,Profit
103,234,Cryptocurrency,228246.0,2025-06-05,362110.67,133864.66999999998,58.64929505884001,Profit
104,435,Stocks,236499.0,2026-06-10,376929.21,140430.21000000002,59.37877538594244,Profit
105,131,Fixed Deposits,414315.0,2024-08-21,477860.87,63545.869999999995,15.337574068040016,Profit
106,385,Stocks,66226.0,2024-08-31,90884.3,24658.300000000003,37.233563857095405,Profit
107,221,Gold,228540.0,2026-07-05,204985.88,-23554.119999999995,-10.306344622385575,Loss
108,423,Gold,306785.0,2024-09-29,354017.97,47232.96999999997,15.39611454275795,Profit
109,79,Fixed Deposits,439635.0,2026-03-18,472835.83,33200.830000000016,7.551907832633893,Profit
110,314,Mutual Funds,227326.0,2026-03-04,267305.78,39979.78000000003,17.58698081169775,Profit
111,144,Stocks,240978.0,2026-07-05,252223.48,11245.48000000001,4.666600270564122,Profit
112,404,Fixed Deposits,178819.0,2025-09-17,168077.95,-10741.049999999988,-6.006660366068476,Loss
113,499,Fixed Deposits,298628.0,2025-06-06,366167.15,67539.15000000002,22.616482714279982,Profit
114,342,Gold,111354.0,2025-08-09,127124.22,15770.220000000001,14.162239344792285,Profit
115,51,Gold,151346.0,2025-06-21,169701.64,18355.640000000014,12.128262392134587,Profit
116,100,Stocks,430949.0,2026-01-13,359224.39,-71724.60999999999,-16.643410241119017,Loss
117,1,Mutual Funds,178163.0,2026-05-25,235513.73,57350.73000000001,32.19003384541123,Profit
118,467,Mutual Funds,102105.0,2025-07-01,149159.42,47054.42000000001,46.08434454727977,Profit
119,480,Fixed Deposits,213793.0,2024-08-21,237141.21,23348.209999999992,10.920942219810748,Profit
120,80,Cryptocurrency,53314.0,2025-11-12,56192.63,2878.6299999999974,5.399388528341518,Profit
121,235,Gold,176731.0,2025-08-22,194256.58,17525.579999999987,9.916528509429577,Profit
122,211,Gold,462971.0,2025-01-12,735633.81,272662.81000000006,58.8941445576505,Profit
123,180,Fixed Deposits,470565.0,2024-09-18,734195.48,263630.48,56.02424319700785,Profit
124,295,Stocks,394762.0,2025-11-18,410068.94,15306.940000000002,3.8775110066318446,Profit
125,28,Gold,177983.0,2024-09-08,190347.08,12364.079999999987,6.946775815667781,Profit
126,399,Cryptocurrency,103631.0,2025-04-27,149723.47,46092.47,44.47749225617817,Profit
127,439,Fixed Deposits,340578.0,2024-09-05,542639.72,202061.71999999997,59.32905824803715,Profit
128,243,Mutual Funds,274483.0,2026-05-13,400233.68,125750.68,45.81364966136336,Profit
129,313,Cryptocurrency,34777.0,2025-10-27,29926.28,-4850.720000000001,-13.948069126146596,Loss
130,235,Cryptocurrency,94227.0,2024-08-21,115342.42,21115.42,22.409097180213738,Profit
131,37,Fixed Deposits,87113.0,2026-01-20,111199.35,24086.350000000006,27.649547139921715,Profit
132,158,Gold,437551.0,2026-05-09,435316.14,-2234.859999999986,-0.5107656021812282,Loss
133,91,Mutual Funds,306490.0,2025-02-07,308259.63,1769.6300000000047,0.5773858853469949,Profit
134,11,Mutual Funds,40962.0,2025-11-13,50631.65,9669.650000000001,23.60639128948782,Profit
135,230,Cryptocurrency,72321.0,2024-07-31,86965.77,14644.770000000004,20.249678516613436,Profit
136,440,Cryptocurrency,124657.0,2025-02-14,188189.88,63532.880000000005,50.96615512967584,Profit
137,315,Stocks,392982.0,2025-07-15,616842.95,223860.94999999995,56.96468286079259,Profit
138,366,Gold,167974.0,2024-07-18,203619.71,35645.70999999999,21.220968721349728,Profit
139,259,Fixed Deposits,407547.0,2025-05-13,562497.86,154950.86,38.020365749226464,Profit
140,282,Fixed Deposits,258757.0,2025-10-10,308399.27,49642.27000000002,19.18489934571819,Profit
141,416,Gold,441652.0,2026-02-10,406255.13,-35396.869999999995,-8.014651807305299,Loss
142,323,Stocks,392754.0,2025-11-18,594795.74,202041.74,51.442312490770306,Profit
143,173,Gold,371156.0,2025-09-08,298898.69,-72257.31,-19.468177801247993,Loss
144,95,Cryptocurrency,359678.0,2024-10-02,387389.75,27711.75,7.704599669704569,Profit
145,274,Fixed Deposits,455453.0,2025-06-23,513793.48,58340.47999999998,12.80933049074218,Profit
146,332,Gold,206435.0,2024-12-18,305682.8,99247.79999999999,48.0770218228498,Profit
147,15,Mutual Funds,364841.0,2025-03-26,562490.84,197649.83999999997,54.17424028549422,Profit
148,371,Cryptocurrency,110172.0,2024-09-19,95107.31,-15064.690000000002,-13.673791889046221,Loss
149,248,Gold,479663.0,2025-10-20,750007.47,270344.47,56.36133493723718,Profit
150,227,Mutual Funds,281639.0,2025-09-15,349547.02,67908.02000000002,24.11172458359816,Profit
151,131,Fixed Deposits,167786.0,2026-03-30,154450.54,-13335.459999999992,-7.9478979175854905,Loss
152,344,Stocks,144527.0,2025-02-07,225435.27,80908.26999999999,55.98142215641367,Profit
153,35,Mutual Funds,118012.0,2025-02-05,168005.02,49993.01999999999,42.36265803477612,Profit
154,193,Stocks,198563.0,2024-11-01,316559.28,117996.28000000003,59.4251094111189,Profit
155,227,Gold,458977.0,2025-02-09,518297.19,59320.19,12.924436300729667,Profit
156,297,Stocks,149344.0,2026-01-11,209137.59,59793.59,40.03749062566959,Profit
157,98,Gold,341830.0,2025-01-14,274140.18,-67689.82,-19.802188222215722,Loss
158,447,Fixed Deposits,449582.0,2025-08-13,405068.39,-44513.609999999986,-9.9011103647388,Loss
159,59,Mutual Funds,147095.0,2025-02-01,163839.59,16744.589999999997,11.383520853869946,Profit
160,226,Mutual Funds,384679.0,2025-12-29,594645.65,209966.65000000002,54.582301087400154,Profit
161,227,Gold,128984.0,2025-02-23,122500.07,-6483.929999999993,-5.02692582025677,Loss
162,87,Fixed Deposits,428794.0,2026-01-24,363974.97,-64819.03000000003,-15.116589784371989,Loss
163,224,Mutual Funds,188011.0,2025-09-22,239423.6,51412.600000000006,27.34552765529677,Profit
164,313,Gold,114535.0,2024-11-17,115250.28,715.2799999999988,0.6245077923778747,Profit
165,382,Cryptocurrency,334776.0,2025-08-26,441677.2,106901.20000000001,31.932157621812795,Profit
166,359,Fixed Deposits,332677.0,2026-01-07,297749.02,-34927.97999999998,-10.499066662257981,Loss
167,137,Cryptocurrency,450709.0,2024-10-03,491879.18,41170.17999999999,9.134536918499519,Profit
168,389,Fixed Deposits,334440.0,2025-06-20,321275.4,-13164.599999999977,-3.9363114459992756,Loss
169,240,Stocks,471652.0,2025-04-12,464405.81,-7246.190000000002,-1.5363424728401454,Loss
170,281,Cryptocurrency,313494.0,2024-12-20,338392.5,24898.5,7.942257268081685,Profit
171,326,Cryptocurrency,120835.0,2025-12-21,179327.98,58492.98000000001,48.407315761161925,Profit
172,63,Fixed Deposits,60762.0,2026-01-28,84097.54,23335.539999999994,38.40482538428623,Profit
173,207,Cryptocurrency,151606.0,2025-04-03,139138.21,-12467.790000000008,-8.223810403282197,Loss
174,488,Mutual Funds,302902.0,2025-09-18,451672.18,148770.18,49.11495467180804,Profit
175,463,Cryptocurrency,159995.0,2026-01-10,243607.51,83612.51000000001,52.259451857870566,Profit
176,382,Stocks,109513.0,2025-06-01,134730.86,25217.859999999986,23.027275300649226,Profit
177,282,Stocks,48575.0,2025-07-07,60602.23,12027.230000000003,24.760123520329394,Profit
178,395,Cryptocurrency,213148.0,2025-11-09,216140.43,2992.429999999993,1.4039212190590542,Profit
179,56,Stocks,234084.0,2026-02-07,229876.08,-4207.920000000013,-1.7976111139590971,Loss
180,243,Gold,419140.0,2024-08-02,434280.38,15140.380000000005,3.612248890585486,Profit
181,489,Cryptocurrency,38317.0,2025-04-19,54395.91,16078.910000000003,41.9628624370384,Profit
182,143,Cryptocurrency,91786.0,2026-01-16,120901.95,29115.949999999997,31.72155884339659,Profit
183,54,Stocks,379327.0,2025-01-25,341042.61,-38284.390000000014,-10.092714201730963,Loss
184,156,Cryptocurrency,55719.0,2025-07-31,52170.6,-3548.4000000000015,-6.368384213643463,Loss
185,489,Mutual Funds,159593.0,2025-08-27,145039.3,-14553.700000000012,-9.119259616649861,Loss
186,62,Mutual Funds,163609.0,2026-02-02,145321.73,-18287.26999999999,-11.177423002402062,Loss
187,255,Gold,156533.0,2025-11-12,214339.81,57806.81,36.92947174078309,Profit
188,425,Mutual Funds,122422.0,2025-10-03,188327.12,65905.12,53.83437617421705,Profit
189,111,Fixed Deposits,115393.0,2025-12-27,165888.23,50495.23000000001,43.75935282036173,Profit
190,288,Cryptocurrency,59077.0,2026-06-05,90742.71,31665.710000000006,53.60074140528464,Profit
191,363,Gold,419298.0,2026-06-08,526835.01,107537.01000000001,25.64691698982585,Profit
192,164,Stocks,311176.0,2024-12-16,397647.42,86471.41999999998,27.78858909427462,Profit
193,156,Gold,202912.0,2025-12-28,268300.2,65388.20000000001,32.224905377700686,Profit
194,269,Gold,283833.0,2026-01-25,304408.65,20575.650000000023,7.249209922736265,Profit
195,374,Gold,117707.0,2025-01-24,185989.08,68282.07999999999,58.010211797089376,Profit
196,96,Stocks,246232.0,2024-10-16,234733.48,-11498.51999999999,-4.6697910913284995,Loss
197,193,Stocks,388660.0,2025-03-01,392615.07,3955.070000000007,1.017616940256267,Profit
198,185,Mutual Funds,284084.0,2025-09-14,417847.61,133763.61,47.08593584995987,Profit
199,98,Cryptocurrency,319833.0,2026-05-18,327303.67,7470.669999999984,2.3358033723849583,Profit
200,117,Fixed Deposits,458747.0,2024-12-27,726414.54,267667.54000000004,58.34752924814768,Profit
201,93,Stocks,30917.0,2025-11-24,29117.88,-1799.119999999999,-5.819193324061192,Loss
202,135,Mutual Funds,82554.0,2026-06-16,95818.88,13264.880000000005,16.068125105991236,Profit
203,191,Cryptocurrency,400385.0,2026-07-07,501470.65,101085.65000000002,25.24711215455125,Profit
204,156,Gold,459070.0,2025-12-14,633068.2,173998.19999999995,37.90232426427341,Profit
205,236,Cryptocurrency,308611.0,2026-03-06,400670.44,92059.44,29.83025232412325,Profit
206,5,Stocks,76742.0,2025-01-18,122591.58,45849.58,59.74509395116103,Profit
207,200,Mutual Funds,79024.0,2026-07-16,66816.66,-12207.339999999997,-15.447636161166223,Loss
208,46,Cryptocurrency,488268.0,2024-08-25,416294.54,-71973.46000000002,-14.740564607961208,Loss
209,202,Cryptocurrency,54450.0,2025-06-10,77139.93,22689.929999999993,41.67112947658401,Profit
210,191,Fixed Deposits,385732.0,2026-05-31,442649.09,56917.090000000026,14.755604927773694,Profit
211,356,Cryptocurrency,113348.0,2025-08-03,180052.41,66704.41,58.84921657197304,Profit
212,304,Cryptocurrency,14435.0,2026-01-09,19271.09,4836.09,33.50252857637686,Profit
213,17,Cryptocurrency,258384.0,2025-05-19,332135.14,73751.14000000001,28.54323023097406,Profit
214,255,Cryptocurrency,22338.0,2024-09-01,34602.98,12264.980000000003,54.906347927298796,Profit
215,95,Cryptocurrency,94748.0,2026-07-11,144273.53,49525.53,52.2707919956094,Profit
216,41,Fixed Deposits,466564.0,2025-03-23,638117.38,171553.38,36.76952786755944,Profit
217,425,Fixed Deposits,485243.0,2026-05-16,604071.66,118828.66000000003,24.488485150738914,Profit
218,250,Stocks,141076.0,2025-02-03,198640.82,57564.82000000001,40.804119765232926,Profit
219,464,Fixed Deposits,214692.0,2025-06-02,193359.49,-21332.51000000001,-9.936332047770764,Loss
220,490,Mutual Funds,263743.0,2025-12-22,403727.24,139984.24,53.076002017115144,Profit
221,221,Mutual Funds,422166.0,2024-08-06,405981.61,-16184.390000000014,-3.8336554814930652,Loss
222,13,Stocks,204031.0,2024-12-25,210390.08,6359.079999999987,3.116722458842032,Profit
223,307,Fixed Deposits,315298.0,2025-07-16,404751.83,89453.83000000002,28.37120121282089,Profit
224,95,Fixed Deposits,64330.0,2026-03-18,81871.06,17541.059999999998,27.267309187004507,Profit
225,244,Stocks,280487.0,2025-03-03,228994.83,-51492.17000000001,-18.35813067985326,Loss
226,171,Cryptocurrency,90205.0,2025-12-31,85907.66,-4297.3399999999965,-4.763970955046834,Loss
227,319,Cryptocurrency,88240.0,2025-04-18,133214.5,44974.5,50.96838168631006,Profit
228,118,Cryptocurrency,157418.0,2025-12-31,241308.3,83890.29999999999,53.29142791802715,Profit
229,136,Stocks,67613.0,2024-10-22,88927.68,21314.679999999993,31.524529306494305,Profit
230,474,Stocks,371046.0,2025-09-09,327047.26,-43998.73999999999,-11.858028384620772,Loss
231,251,Gold,422837.0,2025-11-30,458979.12,36142.119999999995,8.547530135726058,Profit
232,113,Cryptocurrency,343680.0,2025-11-02,362229.32,18549.320000000007,5.397264897579145,Profit
233,292,Fixed Deposits,132168.0,2025-05-05,161665.34,29497.339999999997,22.31806488711337,Profit
234,458,Fixed Deposits,450632.0,2025-12-01,630575.83,179943.82999999996,39.93143629391609,Profit
235,378,Stocks,184553.0,2025-05-26,214290.35,29737.350000000006,16.113176160777666,Profit
236,385,Gold,56627.0,2024-10-24,65114.11,8487.11,14.987744362230032,Profit
237,35,Fixed Deposits,457107.0,2025-01-14,648466.44,191359.43999999994,41.86316114170204,Profit
238,52,Stocks,394431.0,2025-12-29,391067.92,-3363.0800000000163,-0.8526408928304358,Loss
239,320,Mutual Funds,77580.0,2025-12-19,101014.36,23434.36,30.206702758442898,Profit
240,166,Cryptocurrency,423946.0,2024-11-09,603016.63,179070.63,42.23901864860147,Profit
241,8,Cryptocurrency,260407.0,2026-03-22,267668.82,7261.820000000007,2.788642394405683,Profit
242,362,Cryptocurrency,412995.0,2026-07-13,403671.69,-9323.309999999998,-2.257487378781825,Loss
243,311,Cryptocurrency,82928.0,2025-12-17,66910.62,-16017.380000000005,-19.314803202778318,Loss
244,128,Cryptocurrency,16126.0,2024-07-23,22547.62,6421.619999999999,39.82153044772417,Profit
245,63,Fixed Deposits,439043.0,2025-07-04,527908.58,88865.57999999996,20.24074635058524,Profit
246,224,Fixed Deposits,366668.0,2025-12-25,475958.73,109290.72999999998,29.806454340166034,Profit
247,352,Mutual Funds,388006.0,2024-10-30,381954.9,-6051.099999999977,-1.5595377391071212,Loss
248,399,Fixed Deposits,242959.0,2025-11-30,341176.4,98217.40000000002,40.42550389160312,Profit
249,72,Stocks,347849.0,2025-07-17,501657.78,153808.78000000003,44.21711144778339,Profit
250,243,Fixed Deposits,330258.0,2025-08-23,495611.11,165353.11,50.067859067759144,Profit
251,432,Stocks,300025.0,2026-04-01,432768.98,132743.97999999998,44.244306307807676,Profit
252,151,Cryptocurrency,471430.0,2026-01-09,660333.2,188903.19999999995,40.07025433256262,Profit
253,179,Cryptocurrency,479753.0,2025-06-21,616032.83,136279.82999999996,28.4062486321086,Profit
254,299,Fixed Deposits,11842.0,2026-04-28,14899.4,3057.3999999999996,25.818273940212798,Profit
255,203,Fixed Deposits,326674.0,2025-05-04,505540.06,178866.06,54.75368716212493,Profit
256,195,Fixed Deposits,310325.0,2026-05-20,463385.47,153060.46999999997,49.322635946185436,Profit
257,299,Cryptocurrency,454957.0,2024-10-14,544657.85,89700.84999999998,19.71633582953993,Profit
258,316,Mutual Funds,401224.0,2024-12-26,451110.13,49886.130000000005,12.433486032739816,Profit
259,425,Stocks,382519.0,2025-04-16,539233.06,156714.06000000006,40.9689610189298,Profit
260,306,Fixed Deposits,370214.0,2024-12-20,344901.8,-25312.20000000001,-6.837180657673674,Loss
261,415,Stocks,417099.0,2026-05-07,555926.43,138827.43000000005,33.2840476721354,Profit
262,483,Stocks,270690.0,2025-10-26,256435.54,-14254.459999999992,-5.265972145258411,Loss
263,397,Stocks,270621.0,2024-10-21,232883.05,-37737.95000000001,-13.944945144685747,Loss
264,200,Fixed Deposits,96049.0,2025-10-07,125254.68,29205.679999999993,30.407063061562322,Profit
265,108,Mutual Funds,349257.0,2025-04-01,522450.4,173193.40000000002,49.58909914475587,Profit
266,163,Fixed Deposits,78457.0,2026-06-05,74712.12,-3744.8800000000047,-4.773162369195871,Loss
267,179,Fixed Deposits,213188.0,2025-06-28,175363.55,-37824.45000000001,-17.742297877929346,Loss
268,457,Stocks,216431.0,2026-06-24,280325.94,63894.94,29.522083250550985,Profit
269,442,Stocks,177357.0,2026-04-13,173654.37,-3702.6300000000047,-2.087670630423386,Loss
270,470,Fixed Deposits,290978.0,2025-11-30,403656.98,112678.97999999998,38.724226573830315,Profit
271,459,Mutual Funds,120834.0,2025-04-11,121633.84,799.8399999999965,0.6619328996805506,Profit
272,141,Fixed Deposits,107160.0,2024-07-17,97799.31,-9360.690000000002,-8.735246360582309,Loss
273,176,Stocks,378781.0,2026-06-07,523347.58,144566.58000000002,38.166270219467194,Profit
274,248,Mutual Funds,82890.0,2025-03-03,70343.94,-12546.059999999998,-15.13579442634817,Loss
275,313,Cryptocurrency,184305.0,2025-10-24,169027.85,-15277.149999999994,-8.289058896937139,Loss
276,304,Gold,475124.0,2024-08-17,708672.55,233548.55000000005,49.15528367331476,Profit
277,123,Cryptocurrency,113421.0,2025-12-01,163372.74,49951.73999999999,44.04099769883883,Profit
278,421,Mutual Funds,27201.0,2024-11-01,41652.17,14451.169999999998,53.12734825925517,Profit
279,65,Fixed Deposits,484333.0,2024-11-20,500673.34,16340.340000000026,3.373782087943631,Profit
280,71,Mutual Funds,222083.0,2025-10-23,250418.73,28335.73000000001,12.759072058644746,Profit
281,353,Fixed Deposits,115623.0,2025-06-30,131690.13,16067.130000000005,13.89613658182196,Profit
282,57,Gold,46715.0,2024-11-01,56227.82,9512.82,20.363523493524564,Profit
283,416,Stocks,197403.0,2025-11-10,169739.26,-27663.73999999999,-14.013839708616379,Loss
284,283,Stocks,164222.0,2025-04-03,186149.8,21927.79999999999,13.352534983132584,Profit
285,10,Fixed Deposits,160576.0,2025-08-29,198960.6,38384.600000000006,23.904319449980076,Profit
286,469,Cryptocurrency,497760.0,2025-03-24,548107.13,50347.130000000005,10.114740035358407,Profit
287,17,Cryptocurrency,87681.0,2025-04-22,134292.67,46611.67000000001,53.16051368027283,Profit
288,428,Gold,91167.0,2025-09-02,117307.29,26140.289999999994,28.67297377340484,Profit
289,31,Cryptocurrency,51543.0,2025-01-03,53642.74,2099.739999999998,4.073763653648406,Profit
290,318,Cryptocurrency,451520.0,2024-08-16,426762.84,-24757.159999999974,-5.483070517363566,Loss
291,386,Mutual Funds,145358.0,2026-06-19,187303.83,41945.82999999999,28.856911900273797,Profit
292,467,Cryptocurrency,368614.0,2025-07-15,330517.14,-38096.859999999986,-10.335163612885019,Loss
293,384,Mutual Funds,293858.0,2025-11-24,315277.7,21419.70000000001,7.289132846476874,Profit
294,5,Cryptocurrency,361238.0,2025-03-01,391344.82,30106.820000000007,8.334344670272786,Profit
295,286,Fixed Deposits,426603.0,2025-04-14,548256.56,121653.56000000006,28.5168083674986,Profit
296,317,Fixed Deposits,363380.0,2025-07-15,336939.03,-26440.969999999972,-7.276396609609767,Loss
297,283,Gold,426990.0,2025-07-12,521826.92,94836.91999999998,22.210571676151663,Profit
298,308,Mutual Funds,137083.0,2025-11-29,166028.8,28945.79999999999,21.115528548397677,Profit
299,224,Gold,479852.0,2025-03-24,511776.47,31924.469999999972,6.652982586297436,Profit
300,144,Cryptocurrency,56588.0,2024-12-29,76524.77,19936.770000000004,35.231444829292435,Profit
301,341,Gold,354008.0,2026-03-20,462733.27,108725.27000000002,30.712659035953994,Profit
302,210,Cryptocurrency,277417.0,2025-01-15,433149.99,155732.99,56.13678685877217,Profit
303,140,Cryptocurrency,496604.0,2026-04-27,670582.63,173978.63,35.03367471868934,Profit
304,132,Cryptocurrency,39855.0,2024-12-14,37416.38,-2438.6200000000026,-6.118730397691639,Loss
305,336,Gold,297115.0,2025-04-10,264315.78,-32799.21999999997,-11.039233966645902,Loss
306,274,Fixed Deposits,31716.0,2025-06-04,31604.55,-111.45000000000073,-0.35139992432841693,Loss
307,151,Gold,288612.0,2024-10-19,420853.92,132241.91999999998,45.81996590578354,Profit
308,233,Mutual Funds,259130.0,2025-03-05,279639.41,20509.409999999974,7.914718481071267,Profit
309,175,Cryptocurrency,373689.0,2025-01-28,513060.81,139371.81,37.29620352753225,Profit
310,272,Stocks,319653.0,2024-09-29,496577.64,176924.64,55.34896903830091,Profit
311,474,Gold,136503.0,2025-03-14,167960.54,31457.540000000008,23.045310359479284,Profit
312,18,Gold,211741.0,2025-12-22,197600.13,-14140.869999999995,-6.67838066316868,Loss
313,500,Gold,52711.0,2026-07-15,60475.63,7764.629999999997,14.73056857202481,Profit
314,37,Cryptocurrency,30360.0,2025-03-13,39661.15,9301.150000000001,30.63619894598156,Profit
315,10,Stocks,99669.0,2024-10-08,90723.11,-8945.89,-8.975599233462761,Loss
316,61,Fixed Deposits,485420.0,2026-07-15,424772.41,-60647.590000000026,-12.493838325573735,Loss
317,292,Stocks,157384.0,2025-01-05,138581.4,-18802.600000000006,-11.946957759365631,Loss
318,184,Gold,216000.0,2024-09-17,203719.82,-12280.179999999993,-5.685268518518515,Loss
319,247,Fixed Deposits,135531.0,2025-10-04,184098.05,48567.04999999999,35.83464299680515,Profit
320,467,Mutual Funds,392806.0,2025-12-14,471597.62,78791.62,20.05866000010183,Profit
321,179,Stocks,230406.0,2024-12-02,327328.29,96922.28999999998,42.06587068045102,Profit
322,274,Stocks,412348.0,2024-08-27,537131.21,124783.20999999996,30.261626102224326,Profit
323,233,Fixed Deposits,71315.0,2024-11-05,90370.26,19055.259999999995,26.719848559209137,Profit
324,165,Stocks,452848.0,2024-11-18,474587.12,21739.119999999995,4.8005335123485136,Profit
325,250,Gold,85760.0,2025-05-30,118084.24,32324.240000000005,37.69151119402986,Profit
326,60,Fixed Deposits,234644.0,2024-08-05,219614.71,-15029.290000000008,-6.405145667479249,Loss
327,431,Gold,300316.0,2026-04-02,373944.03,73628.03000000003,24.516852248964433,Profit
328,483,Cryptocurrency,182460.0,2025-11-22,273037.63,90577.63,49.64245862106763,Profit
329,137,Cryptocurrency,236372.0,2025-12-27,330073.83,93701.83000000002,39.64167921750462,Profit
330,405,Cryptocurrency,12017.0,2024-09-10,10931.32,-1085.6800000000003,-9.03453440958642,Loss
331,10,Gold,377848.0,2025-07-08,549501.52,171653.52000000002,45.42925197433889,Profit
332,332,Stocks,208988.0,2025-04-02,319240.91,110252.90999999997,52.75561754741898,Profit
333,85,Fixed Deposits,381901.0,2025-09-28,354190.02,-27710.97999999998,-7.256063744268798,Loss
334,75,Gold,264643.0,2024-12-02,300453.88,35810.880000000005,13.53176921361986,Profit
335,76,Mutual Funds,274096.0,2026-04-06,224309.86,-49786.140000000014,-18.163760142431855,Loss
336,487,Gold,295901.0,2025-03-16,372957.2,77056.20000000001,26.04120972892961,Profit
337,153,Mutual Funds,444701.0,2025-10-13,688160.63,243459.63,54.746814151531034,Profit
338,389,Mutual Funds,271708.0,2025-11-23,304479.55,32771.54999999999,12.061312143919203,Profit
339,183,Stocks,412564.0,2026-06-21,590977.07,178413.06999999995,43.24494381477781,Profit
340,284,Stocks,413675.0,2025-12-08,375990.1,-37684.90000000002,-9.109784250921622,Loss
341,194,Cryptocurrency,326471.0,2025-08-01,377174.84,50703.840000000026,15.530886357440638,Profit
342,151,Cryptocurrency,170169.0,2024-10-30,203112.39,32943.390000000014,19.35921936427905,Profit
343,59,Stocks,236593.0,2026-05-01,301343.11,64750.109999999986,27.36772009315575,Profit
344,292,Cryptocurrency,159132.0,2026-05-29,192836.19,33704.19,21.180020360455472,Profit
345,25,Mutual Funds,451424.0,2026-01-26,656646.56,205222.56000000006,45.46115403700292,Profit
346,250,Mutual Funds,219252.0,2025-12-18,331884.19,112632.19,51.37111178005218,Profit
347,230,Mutual Funds,402327.0,2025-09-02,607776.95,205449.94999999995,51.0654144514288,Profit
348,211,Gold,405739.0,2025-02-14,520615.84,114876.84000000003,28.31298938480157,Profit
349,232,Gold,230469.0,2024-08-16,325254.52,94785.52000000002,41.127231861985784,Profit
350,131,Gold,74037.0,2026-05-09,69892.52,-4144.479999999996,-5.59784972378675,Loss
351,70,Stocks,490947.0,2024-08-09,448781.65,-42165.34999999998,-8.588574734136268,Loss
352,35,Cryptocurrency,270962.0,2026-06-06,379798.07,108836.07,40.16654364818683,Profit
353,66,Cryptocurrency,464595.0,2025-09-28,500857.29,36262.28999999998,7.80513996061085,Profit
354,85,Fixed Deposits,302142.0,2025-03-02,277590.33,-24551.669999999984,-8.125871279067452,Loss
355,481,Stocks,301118.0,2025-12-16,268861.91,-32256.090000000026,-10.712109538453372,Loss
356,218,Gold,71033.0,2026-06-15,73233.63,2200.6300000000047,3.098038939647776,Profit
357,223,Stocks,423934.0,2025-04-11,473384.2,49450.20000000001,11.664598734708708,Profit
358,339,Cryptocurrency,393188.0,2024-09-15,609951.65,216763.65000000002,55.12977252611982,Profit
359,303,Cryptocurrency,384394.0,2025-02-24,358701.62,-25692.380000000005,-6.683866033288763,Loss
360,453,Gold,410159.0,2025-09-15,563128.37,152969.37,37.2951392021143,Profit
361,401,Stocks,131954.0,2024-11-12,129749.38,-2204.6199999999953,-1.67074889734301,Loss
362,414,Mutual Funds,424901.0,2025-01-15,511073.23,86172.22999999998,20.28054299707461,Profit
363,260,Gold,196545.0,2025-08-09,241375.36,44830.359999999986,22.809209086977532,Profit
364,115,Fixed Deposits,94466.0,2024-11-24,150724.13,56258.130000000005,59.55383947663711,Profit
365,420,Fixed Deposits,473237.0,2025-08-03,616927.22,143690.21999999997,30.363268298970702,Profit
366,247,Gold,290082.0,2025-12-16,282366.41,-7715.590000000026,-2.6597961955585063,Loss
367,175,Gold,90830.0,2025-05-06,129134.54,38304.53999999999,42.17168336452713,Profit
368,113,Gold,184058.0,2025-04-12,148873.44,-35184.56,-19.116017777005073,Loss
369,497,Mutual Funds,445397.0,2024-11-27,468504.73,23107.72999999998,5.188119812212472,Profit
370,125,Fixed Deposits,102483.0,2026-04-08,134790.01,32307.01000000001,31.52426256061982,Profit
371,12,Fixed Deposits,87860.0,2024-07-29,108515.93,20655.929999999993,23.510050079672197,Profit
372,127,Mutual Funds,177974.0,2025-01-12,146319.52,-31654.48000000001,-17.786013687392547,Loss
373,411,Cryptocurrency,195180.0,2026-03-10,278179.8,82999.79999999999,42.52474638794958,Profit
374,126,Stocks,215341.0,2024-10-30,301099.9,85758.90000000002,39.824696643927545,Profit
375,115,Cryptocurrency,273321.0,2026-03-05,419068.4,145747.40000000002,53.32462562335131,Profit
376,467,Cryptocurrency,100407.0,2024-11-20,82803.91,-17603.089999999997,-17.531735835150933,Loss
377,461,Fixed Deposits,190409.0,2025-12-28,290603.91,100194.90999999997,52.62088976886595,Profit
378,210,Mutual Funds,432862.0,2025-02-19,487675.98,54813.97999999998,12.663153614777917,Profit
379,240,Mutual Funds,130314.0,2026-03-17,127936.48,-2377.520000000004,-1.8244547784581888,Loss
380,473,Fixed Deposits,182581.0,2025-04-07,234467.78,51886.78,28.418499186662356,Profit
381,205,Stocks,418844.0,2025-10-25,342351.96,-76492.03999999998,-18.262656263429815,Loss
382,13,Mutual Funds,395671.0,2025-04-26,518253.75,122582.75,30.980979146816424,Profit
383,332,Stocks,431631.0,2025-02-14,632433.73,200802.72999999998,46.521850840185245,Profit
384,416,Stocks,378924.0,2025-02-28,413530.67,34606.669999999984,9.132878888642573,Profit
385,52,Fixed Deposits,141342.0,2025-07-02,170462.05,29120.04999999999,20.602545598618942,Profit
386,328,Cryptocurrency,304747.0,2024-11-25,408260.02,103513.02000000002,33.96687087977897,Profit
387,219,Cryptocurrency,284236.0,2025-11-24,239007.14,-45228.859999999986,-15.9124319227684,Loss
388,58,Mutual Funds,377308.0,2024-10-05,466924.1,89616.09999999998,23.751444443266504,Profit
389,336,Stocks,384431.0,2026-02-09,424964.68,40533.67999999999,10.543811503234648,Profit
390,292,Mutual Funds,74167.0,2025-10-20,91590.79,17423.789999999994,23.4926449768765,Profit
391,4,Cryptocurrency,19500.0,2025-10-23,16017.36,-3482.6399999999994,-17.859692307692303,Loss
392,273,Stocks,396707.0,2026-02-08,555802.01,159095.01,40.103907921967604,Profit
393,231,Fixed Deposits,255366.0,2025-12-01,403469.93,148103.93,57.99673018334469,Profit
394,9,Stocks,177830.0,2024-12-19,231644.72,53814.72,30.261890569645168,Profit
395,160,Cryptocurrency,340323.0,2025-07-05,278971.73,-61351.27000000002,-18.02736517955002,Loss
396,94,Stocks,358352.0,2025-04-14,396761.49,38409.48999999999,10.718369089610214,Profit
397,405,Fixed Deposits,48984.0,2026-06-14,48994.35,10.349999999998545,0.021129348358644752,Profit
398,53,Gold,352909.0,2024-10-10,303543.92,-49365.080000000016,-13.988047910367833,Loss
399,410,Mutual Funds,37361.0,2026-04-22,43403.75,6042.75,16.173951446695753,Profit
400,336,Mutual Funds,68689.0,2025-10-25,95258.13,26569.130000000005,38.680327272197886,Profit
401,71,Gold,183763.0,2025-06-19,152382.1,-31380.899999999994,-17.076832659458102,Loss
402,218,Cryptocurrency,54391.0,2026-05-26,47176.69,-7214.309999999998,-13.26379364233053,Loss
403,292,Gold,165960.0,2025-03-03,191642.36,25682.359999999986,15.475030127741615,Profit
404,457,Gold,416100.0,2025-07-27,386834.23,-29265.77000000002,-7.033350156212453,Loss
405,126,Fixed Deposits,407578.0,2024-11-16,349874.12,-57703.880000000005,-14.157751399732078,Loss
406,316,Fixed Deposits,260660.0,2025-09-03,319030.73,58370.72999999998,22.393435893501103,Profit
407,284,Cryptocurrency,321546.0,2025-07-15,277365.81,-44180.19,-13.73992834617753,Loss
408,202,Cryptocurrency,215182.0,2025-09-09,250359.2,35177.20000000001,16.347649896366804,Profit
409,479,Stocks,61597.0,2026-01-24,96059.28,34462.28,55.947984479763626,Profit
410,475,Cryptocurrency,54299.0,2025-11-30,64761.59,10462.589999999997,19.26847639919703,Profit
411,466,Cryptocurrency,180914.0,2026-06-29,286656.36,105742.35999999999,58.44896470146036,Profit
412,241,Fixed Deposits,10424.0,2025-09-06,10051.96,-372.0400000000009,-3.5690713737528865,Loss
413,30,Stocks,300072.0,2025-07-01,296234.86,-3837.140000000014,-1.278739769122082,Loss
414,226,Cryptocurrency,121054.0,2025-09-05,187765.92,66711.92000000001,55.10922398268543,Profit
415,348,Fixed Deposits,23632.0,2025-11-07,35587.44,11955.440000000002,50.590047393364934,Profit
416,205,Mutual Funds,236895.0,2025-11-01,267225.68,30330.679999999993,12.80342767892948,Profit
417,366,Mutual Funds,394686.0,2024-12-28,363072.73,-31613.27000000002,-8.009726719468139,Loss
418,283,Fixed Deposits,357094.0,2026-05-19,294320.67,-62773.330000000016,-17.578937198608774,Loss
419,335,Fixed Deposits,16501.0,2026-07-07,20773.28,4272.279999999999,25.891036906854126,Profit
420,261,Gold,100544.0,2026-03-27,88106.51,-12437.490000000005,-12.370196133036288,Loss
421,455,Mutual Funds,46987.0,2024-08-06,38275.65,-8711.349999999999,-18.53991529572009,Loss
422,199,Stocks,427932.0,2025-07-20,505927.78,77995.78000000003,18.22620883691802,Profit
423,430,Fixed Deposits,470786.0,2026-07-08,412171.68,-58614.32000000001,-12.450310756904411,Loss
424,489,Fixed Deposits,161805.0,2025-09-26,197930.17,36125.17000000001,22.326361978925256,Profit
425,248,Stocks,482829.0,2024-08-29,748942.87,266113.87,55.11555229698298,Profit
426,477,Gold,324665.0,2025-01-24,425402.38,100737.38,31.02809973357153,Profit
427,265,Stocks,44585.0,2025-06-30,70569.22,25984.22,58.2801839183582,Profit
428,306,Mutual Funds,93352.0,2025-02-09,133622.09,40270.09,43.13789742051589,Profit
429,430,Stocks,479323.0,2025-04-22,456926.92,-22396.080000000016,-4.672440087373237,Loss
430,91,Fixed Deposits,450404.0,2025-11-14,609921.15,159517.15000000002,35.416459445298,Profit
431,292,Cryptocurrency,167992.0,2025-09-05,251316.34,83324.34,49.60018334206391,Profit
432,104,Cryptocurrency,382903.0,2025-06-03,414212.68,31309.679999999993,8.176922092540407,Profit
433,300,Mutual Funds,378214.0,2024-09-07,500937.67,122723.66999999998,32.44820921488893,Profit
434,413,Stocks,121374.0,2024-07-17,167532.45,46158.45000000001,38.02993227544615,Profit
435,107,Gold,363139.0,2025-11-05,410251.37,47112.369999999995,12.973646454938741,Profit
436,18,Fixed Deposits,253625.0,2026-06-26,258140.61,4515.609999999986,1.7804277969443019,Profit
437,27,Mutual Funds,39074.0,2024-11-21,60062.62,20988.620000000003,53.71505348825306,Profit
438,125,Cryptocurrency,231818.0,2026-03-04,278436.94,46618.94,20.110146753056277,Profit
439,342,Gold,385378.0,2024-08-15,423874.76,38496.76000000001,9.989350715401505,Profit
440,111,Mutual Funds,486249.0,2026-04-26,560145.58,73896.57999999996,15.197271356856252,Profit
441,187,Gold,230741.0,2024-09-25,338601.18,107860.18,46.745129820881424,Profit
442,465,Gold,241070.0,2024-11-06,376643.55,135573.55,56.23825030074252,Profit
443,433,Cryptocurrency,338472.0,2025-09-08,270981.29,-67490.71000000002,-19.93982072372309,Loss
444,398,Stocks,52518.0,2025-06-30,78299.85,25781.850000000006,49.091454358505665,Profit
445,91,Gold,391776.0,2024-10-12,364740.76,-27035.23999999999,-6.900688148329655,Loss
446,439,Gold,492674.0,2026-06-13,532773.8,40099.80000000005,8.139215789751447,Profit
447,293,Stocks,210930.0,2024-12-01,175816.92,-35113.07999999999,-16.64679277485421,Loss
448,302,Cryptocurrency,414827.0,2026-01-13,636908.17,222081.17000000004,53.53585229505313,Profit
449,159,Cryptocurrency,487242.0,2025-01-30,605238.35,117996.34999999998,24.217195972432584,Profit
450,226,Mutual Funds,295489.0,2026-06-04,383714.58,88225.58000000002,29.857483696516628,Profit
451,267,Fixed Deposits,180593.0,2025-12-11,172018.87,-8574.130000000005,-4.7477643098016005,Loss
452,6,Mutual Funds,303619.0,2026-06-14,439367.07,135748.07,44.71000497333829,Profit
453,212,Cryptocurrency,262164.0,2024-08-22,408950.26,146786.26,55.99024274881372,Profit
454,500,Gold,183223.0,2025-07-11,171821.75,-11401.25,-6.222608515306485,Loss
455,175,Mutual Funds,341275.0,2025-03-04,378315.97,37040.96999999997,10.853701560325241,Profit
456,10,Mutual Funds,177100.0,2025-12-19,185406.68,8306.679999999993,4.690389610389607,Profit
457,275,Mutual Funds,201622.0,2026-06-12,167875.98,-33746.01999999999,-16.737270734344463,Loss
458,446,Stocks,130441.0,2025-11-18,181441.94,51000.94,39.09885695448517,Profit
459,321,Fixed Deposits,260508.0,2025-10-18,249762.58,-10745.420000000013,-4.124794632026661,Loss
460,363,Stocks,387033.0,2026-01-04,565876.12,178843.12,46.208752225262444,Profit
461,163,Mutual Funds,297530.0,2024-11-05,267843.4,-29686.599999999977,-9.977682922730473,Loss
462,263,Stocks,70130.0,2024-11-25,69617.48,-512.5200000000041,-0.7308142021959276,Loss
463,296,Fixed Deposits,106487.0,2025-12-26,136211.31,29724.309999999998,27.913557523453562,Profit
464,494,Stocks,225898.0,2025-11-28,215847.47,-10050.529999999999,-4.449145189421774,Loss
465,164,Gold,89484.0,2024-07-29,108376.37,18892.369999999995,21.112567609852036,Profit
466,428,Mutual Funds,218033.0,2025-12-31,272841.81,54808.81,25.137850692326392,Profit
467,246,Mutual Funds,447954.0,2024-12-30,364957.3,-82996.70000000001,-18.527951530737532,Loss
468,203,Gold,256420.0,2026-05-30,313754.84,57334.840000000026,22.359737929958673,Profit
469,130,Gold,160302.0,2025-02-24,153904.71,-6397.290000000008,-3.9907736647078687,Loss
470,214,Stocks,15963.0,2025-08-30,21595.34,5632.34,35.283718599260794,Profit
471,117,Stocks,65989.0,2025-08-18,66234.27,245.27000000000407,0.37168315931443735,Profit
472,388,Fixed Deposits,43887.0,2025-08-14,62956.68,19069.68,43.45177387381229,Profit
473,462,Stocks,96199.0,2026-03-08,124942.57,28743.570000000007,29.87928148941258,Profit
474,454,Fixed Deposits,464607.0,2024-07-30,442877.77,-21729.22999999998,-4.676905427597944,Loss
475,424,Fixed Deposits,39939.0,2024-09-22,35071.98,-4867.019999999997,-12.186133854127537,Loss
476,251,Mutual Funds,43230.0,2026-05-05,35242.08,-7987.919999999998,-18.47772380291464,Loss
477,348,Stocks,155138.0,2025-01-10,215405.26,60267.26000000001,38.84751640474933,Profit
478,265,Stocks,261485.0,2025-03-30,331159.03,69674.03000000003,26.64551695125916,Profit
479,233,Gold,290409.0,2026-01-10,404932.46,114523.46000000002,39.43523100179403,Profit
480,74,Cryptocurrency,378542.0,2025-08-07,372834.64,-5707.359999999986,-1.507721732330887,Loss
481,111,Fixed Deposits,230928.0,2024-08-25,266831.08,35903.080000000016,15.547304787639444,Profit
482,243,Gold,369764.0,2026-02-16,379681.81,9917.809999999998,2.6821999978364572,Profit
483,254,Gold,402849.0,2026-04-04,636402.58,233553.57999999996,57.97546475230172,Profit
484,113,Gold,142619.0,2026-04-23,213103.78,70484.78,49.42173202728949,Profit
485,134,Cryptocurrency,271218.0,2025-10-28,407600.25,136382.25,50.285102758666454,Profit
486,105,Cryptocurrency,283470.0,2024-10-31,310583.17,27113.169999999984,9.56474053691748,Profit
487,327,Stocks,387630.0,2024-07-24,569177.72,181547.71999999997,46.835312024353115,Profit
488,257,Fixed Deposits,480769.0,2026-02-18,737103.8,256334.80000000005,53.31766399247873,Profit
489,179,Gold,286752.0,2025-06-20,275796.28,-10955.719999999972,-3.8206254882267503,Loss
490,272,Mutual Funds,300513.0,2025-02-02,386910.4,86397.40000000002,28.7499708831232,Profit
491,147,Gold,291019.0,2026-07-07,450989.91,159970.90999999997,54.96923224944075,Profit
492,283,Fixed Deposits,51115.0,2026-04-30,52593.47,1478.4700000000012,2.8924386188007456,Profit
493,463,Cryptocurrency,268738.0,2024-10-16,276389.45,7651.450000000012,2.8471782926121394,Profit
494,376,Cryptocurrency,280830.0,2024-10-27,257523.63,-23306.369999999995,-8.299102659972224,Loss
495,448,Cryptocurrency,13337.0,2025-07-04,18170.35,4833.3499999999985,36.24015895628701,Profit
496,206,Stocks,288609.0,2024-10-11,341828.95,53219.95000000001,18.440156058889368,Profit
497,136,Stocks,395444.0,2025-07-08,456193.49,60749.48999999999,15.362349662657667,Profit
498,182,Stocks,453568.0,2026-04-24,540368.12,86800.12,19.13717898969945,Profit
499,376,Stocks,285191.0,2026-03-14,336482.36,51291.359999999986,17.984915372504737,Profit
500,90,Gold,189104.0,2026-04-11,185675.67,-3428.329999999987,-1.8129336238260358,Loss
501,491,Mutual Funds,240695.0,2025-10-18,196527.19,-44167.81,-18.350115291136085,Loss
502,178,Cryptocurrency,211952.0,2026-06-07,216415.21,4463.209999999992,2.105764512719857,Profit
503,137,Fixed Deposits,97381.0,2025-08-25,138724.39,41343.390000000014,42.45529415389041,Profit
504,199,Gold,221846.0,2024-08-27,238037.45,16191.450000000012,7.298508875526272,Profit
505,388,Stocks,242367.0,2024-08-21,257489.94,15122.940000000002,6.2396860958793905,Profit
506,456,Stocks,360384.0,2024-12-08,488416.04,128032.03999999998,35.52656055762741,Profit
507,256,Stocks,325609.0,2026-02-09,464506.13,138897.13,42.657644598275844,Profit
508,97,Fixed Deposits,185275.0,2024-11-12,166536.69,-18738.309999999998,-10.11378221562542,Loss
509,110,Stocks,221380.0,2026-07-16,323227.76,101847.76000000001,46.00585418737014,Profit
510,336,Gold,444138.0,2024-11-14,444319.16,181.1599999999744,0.04078912410106192,Profit
511,66,Stocks,138098.0,2024-10-08,134380.64,-3717.359999999986,-2.6918275427594796,Loss
512,413,Cryptocurrency,285555.0,2024-08-02,229831.62,-55723.380000000005,-19.51406208961496,Loss
513,341,Fixed Deposits,194527.0,2024-08-27,179737.45,-14789.549999999988,-7.602826342872706,Loss
514,149,Fixed Deposits,150031.0,2026-02-10,219228.66,69197.66,46.12224140344329,Profit
515,61,Fixed Deposits,164268.0,2025-08-23,211655.79,47387.79000000001,28.847852290159988,Profit
516,91,Cryptocurrency,119243.0,2025-10-23,189721.73,70478.73000000001,59.10512986087234,Profit
517,148,Fixed Deposits,165876.0,2026-03-24,245103.67,79227.67000000001,47.763190576092995,Profit
518,133,Fixed Deposits,92100.0,2025-02-15,146289.06,54189.06,58.8371986970684,Profit
519,451,Stocks,375783.0,2025-03-30,302093.3,-73689.70000000001,-19.609641734724566,Loss
520,149,Stocks,354453.0,2025-07-03,442490.06,88037.06,24.837442481795893,Profit
521,93,Cryptocurrency,138921.0,2026-05-11,136533.06,-2387.9400000000023,-1.7189193858379959,Loss
522,279,Cryptocurrency,407451.0,2026-07-05,463384.06,55933.06,13.72755496980005,Profit
523,305,Stocks,276131.0,2026-04-07,292276.32,16145.320000000007,5.846978426906072,Profit
524,373,Stocks,230839.0,2025-02-05,241275.74,10436.73999999999,4.521220417693713,Profit
525,243,Gold,355261.0,2025-06-07,332782.31,-22478.690000000002,-6.327373395897665,Loss
526,218,Fixed Deposits,47596.0,2025-11-20,38465.16,-9130.839999999997,-19.184049079754594,Loss
527,491,Stocks,181474.0,2026-05-06,175417.76,-6056.239999999991,-3.3372494131390673,Loss
528,185,Stocks,439044.0,2025-11-04,552370.05,113326.05000000005,25.812002897203932,Profit
529,375,Gold,85914.0,2024-10-21,72728.16,-13185.839999999997,-15.347719812836088,Loss
530,1,Gold,464097.0,2026-01-08,581616.66,117519.66000000003,25.322219277435543,Profit
531,60,Mutual Funds,426100.0,2025-06-30,551903.13,125803.13,29.524320582023,Profit
532,85,Stocks,485352.0,2026-01-12,641877.78,156525.78000000003,32.24995055135243,Profit
533,10,Gold,151612.0,2026-05-28,160310.61,8698.609999999986,5.737415244175914,Profit
534,26,Cryptocurrency,56190.0,2025-05-20,66437.93,10247.929999999993,18.23799608471257,Profit
535,139,Mutual Funds,135549.0,2025-02-21,185665.06,50116.06,36.97265195611919,Profit
536,280,Stocks,94643.0,2025-08-27,120401.15,25758.149999999994,27.216117409634094,Profit
537,187,Fixed Deposits,24176.0,2025-12-27,23530.53,-645.4700000000012,-2.66987921906023,Loss
538,257,Stocks,181199.0,2026-02-10,162376.41,-18822.589999999997,-10.387800153422479,Loss
539,247,Stocks,250542.0,2024-09-28,295636.87,45094.869999999995,17.9989263277215,Profit
540,427,Mutual Funds,336679.0,2024-09-25,411157.87,74478.87,22.121626237454667,Profit
541,44,Stocks,216234.0,2024-08-05,307902.9,91668.90000000002,42.39337939454481,Profit
542,206,Cryptocurrency,279270.0,2024-09-02,382987.11,103717.10999999999,37.1386507680739,Profit
543,114,Cryptocurrency,196586.0,2024-12-21,304780.52,108194.52000000002,55.0367371023369,Profit
544,250,Mutual Funds,80914.0,2026-04-27,104954.92,24040.92,29.71169389722421,Profit
545,83,Mutual Funds,332128.0,2024-10-09,397172.46,65044.46000000002,19.584154301955877,Profit
546,351,Mutual Funds,404529.0,2024-09-16,570765.69,166236.68999999994,41.09388696484058,Profit
547,74,Cryptocurrency,222834.0,2024-08-14,344241.45,121407.45000000001,54.483359810441854,Profit
548,171,Mutual Funds,252203.0,2026-02-18,293379.92,41176.919999999984,16.326895397754974,Profit
549,74,Fixed Deposits,439271.0,2024-08-09,594286.4,155015.40000000002,35.28924058269269,Profit
550,194,Gold,168168.0,2025-10-07,171838.74,3670.7399999999907,2.18278150421007,Profit
551,367,Gold,165228.0,2024-07-22,250186.86,84958.85999999999,51.41916624300965,Profit
552,484,Fixed Deposits,193214.0,2026-04-01,274554.08,81340.08000000002,42.09844007163043,Profit
553,246,Gold,310623.0,2025-11-05,455397.04,144774.03999999998,46.60763691033825,Profit
554,28,Fixed Deposits,149563.0,2026-01-02,192096.02,42533.01999999999,28.43819661279861,Profit
555,3,Gold,202886.0,2024-10-04,216664.18,13778.179999999993,6.791094506274456,Profit
556,418,Stocks,328641.0,2025-10-24,464745.16,136104.15999999997,41.41423620303005,Profit
557,427,Mutual Funds,78506.0,2025-12-08,78689.86,183.86000000000058,0.23419865997503447,Profit
558,268,Cryptocurrency,237034.0,2024-08-26,191581.6,-45452.399999999994,-19.175476935798237,Loss
559,367,Cryptocurrency,421804.0,2025-08-22,372202.57,-49601.42999999999,-11.75935505590274,Loss
560,117,Gold,64143.0,2024-12-04,57658.31,-6484.690000000002,-10.10973917652745,Loss
561,478,Gold,155284.0,2025-07-23,200198.59,44914.59,28.924158316375152,Profit
562,366,Gold,434498.0,2025-08-16,564726.61,130228.60999999999,29.972200102186886,Profit
563,323,Gold,441246.0,2025-07-31,690417.11,249171.11,56.46988527941329,Profit
564,185,Cryptocurrency,282245.0,2026-03-23,449552.13,167307.13,59.277269747914055,Profit
565,78,Stocks,277425.0,2026-05-01,258576.96,-18848.040000000008,-6.7939226818058955,Loss
566,84,Gold,279721.0,2025-12-19,306736.23,27015.22999999998,9.657919855856365,Profit
567,82,Stocks,426380.0,2025-05-05,612066.34,185686.33999999997,43.549495754960354,Profit
568,305,Cryptocurrency,299517.0,2026-02-17,473683.09,174166.09000000003,58.148983196279346,Profit
569,193,Mutual Funds,355288.0,2025-05-26,374840.29,19552.28999999998,5.503222737610046,Profit
570,401,Fixed Deposits,317723.0,2026-04-12,416678.97,98955.96999999997,31.145359322428646,Profit
571,318,Fixed Deposits,139938.0,2024-12-08,135528.96,-4409.040000000008,-3.150709599965705,Loss
572,453,Mutual Funds,244401.0,2025-03-18,353675.04,109274.03999999998,44.71096272110179,Profit
573,458,Fixed Deposits,230602.0,2026-05-18,329116.79,98514.78999999998,42.720700601035546,Profit
574,290,Cryptocurrency,188760.0,2026-07-16,248238.04,59478.04000000001,31.509874973511344,Profit
575,342,Cryptocurrency,437840.0,2025-09-26,530845.23,93005.22999999998,21.24183034898593,Profit
576,33,Gold,157124.0,2025-05-21,199400.51,42276.51000000001,26.906462411853067,Profit
577,173,Fixed Deposits,490363.0,2026-01-15,557662.02,67299.02000000002,13.724326672281558,Profit
578,78,Gold,235734.0,2025-05-09,200208.93,-35525.07000000001,-15.069981419735806,Loss
579,428,Gold,17603.0,2025-07-28,15316.21,-2286.790000000001,-12.990910640231784,Loss
580,59,Fixed Deposits,366819.0,2024-09-05,355984.22,-10834.780000000028,-2.953712866563626,Loss
581,479,Fixed Deposits,237454.0,2025-11-01,296078.9,58624.90000000002,24.68895028089652,Profit
582,66,Fixed Deposits,24092.0,2025-06-15,29362.38,5270.380000000001,21.876058442636566,Profit
583,350,Stocks,387797.0,2025-02-16,387099.5,-697.5,-0.1798621443693479,Loss
584,222,Gold,59957.0,2024-11-07,91306.13,31349.130000000005,52.28602164884835,Profit
585,255,Cryptocurrency,392075.0,2025-05-07,435784.25,43709.25,11.148185933813684,Profit
586,11,Stocks,90319.0,2026-05-28,134581.45,44262.45000000001,49.006798126640035,Profit
587,91,Gold,212063.0,2024-10-04,178012.22,-34050.78,-16.05691704823567,Loss
588,148,Mutual Funds,358732.0,2025-09-15,293491.1,-65240.90000000002,-18.186529219584543,Loss
589,304,Cryptocurrency,145022.0,2025-05-26,152401.64,7379.640000000014,5.088634827819237,Profit
590,197,Cryptocurrency,86685.0,2026-05-21,88425.08,1740.0800000000017,2.007359981542368,Profit
591,13,Gold,381307.0,2026-05-30,404657.65,23350.650000000023,6.1238450907012,Profit
592,498,Gold,288417.0,2026-04-09,431965.63,143548.63,49.77120974145075,Profit
593,20,Gold,131747.0,2024-12-13,165910.82,34163.82000000001,25.93138363681906,Profit
594,437,Cryptocurrency,419761.0,2026-02-09,458368.12,38607.119999999995,9.197405190096267,Profit
595,208,Gold,176092.0,2024-09-21,262765.83,86673.83000000002,49.22076528178453,Profit
596,394,Cryptocurrency,206471.0,2026-01-25,167166.33,-39304.67000000001,-19.036411893195663,Loss
597,279,Stocks,244305.0,2025-09-19,231800.09,-12504.910000000003,-5.1185649086183265,Loss
598,95,Mutual Funds,159057.0,2024-07-24,218290.68,59233.67999999999,37.24053641147513,Profit
599,129,Mutual Funds,229024.0,2025-01-04,343774.44,114750.44,50.104111359508174,Profit
600,64,Stocks,68189.0,2024-10-25,106164.3,37975.3,55.691240522664955,Profit
601,255,Gold,15136.0,2026-02-09,12660.09,-2475.91,-16.357756342494714,Loss
602,14,Cryptocurrency,114191.0,2025-10-17,118436.88,4245.880000000005,3.718226480195466,Profit
603,392,Mutual Funds,104544.0,2025-01-08,125664.44,21120.440000000002,20.20244107744108,Profit
604,360,Mutual Funds,74365.0,2025-10-06,87420.59,13055.589999999997,17.5560949371344,Profit
605,139,Stocks,238493.0,2025-06-11,286039.95,47546.95000000001,19.936413228061205,Profit
606,150,Fixed Deposits,227236.0,2025-01-01,271589.32,44353.32000000001,19.518615008185325,Profit
607,468,Cryptocurrency,281615.0,2025-01-04,306097.53,24482.530000000028,8.693617172380742,Profit
608,337,Gold,427806.0,2025-01-09,624829.88,197023.88,46.05449198935966,Profit
609,475,Fixed Deposits,90729.0,2025-01-01,85889.63,-4839.369999999995,-5.333873403211757,Loss
610,324,Gold,365474.0,2025-08-10,454301.0,88827.0,24.304601695332636,Profit
611,205,Mutual Funds,189336.0,2025-02-19,213951.25,24615.25,13.000829213673045,Profit
612,370,Fixed Deposits,192853.0,2024-08-25,297858.2,105005.20000000001,54.44831037111169,Profit
613,316,Fixed Deposits,221731.0,2026-04-05,246493.33,24762.329999999987,11.167734777726158,Profit
614,415,Cryptocurrency,497069.0,2026-03-09,444123.81,-52945.19,-10.65147695792737,Loss
615,482,Gold,331856.0,2025-01-06,426879.95,95023.95000000001,28.634091292608847,Profit
616,415,Cryptocurrency,206701.0,2024-10-27,217525.58,10824.579999999987,5.23683001049825,Profit
617,325,Cryptocurrency,344519.0,2026-07-16,487326.29,142807.28999999998,41.45120878674325,Profit
618,472,Fixed Deposits,485326.0,2025-03-09,618643.16,133317.16000000003,27.469610117735304,Profit
619,311,Fixed Deposits,57812.0,2025-01-21,80670.08,22858.08,39.53864249636754,Profit
620,255,Stocks,456914.0,2025-07-10,602600.54,145686.54000000004,31.884892999557913,Profit
621,362,Gold,401155.0,2026-06-19,450856.62,49701.619999999995,12.389629943538033,Profit
622,203,Mutual Funds,386118.0,2025-04-06,413822.64,27704.640000000014,7.175174428542573,Profit
623,460,Fixed Deposits,94546.0,2024-09-22,147801.56,53255.56,56.32767118651238,Profit
624,350,Gold,448291.0,2025-01-25,502694.7,54403.70000000001,12.13580018336304,Profit
625,63,Fixed Deposits,113536.0,2024-07-27,168827.8,55291.79999999999,48.69979565952649,Profit
626,29,Mutual Funds,343881.0,2024-12-10,359203.45,15322.450000000012,4.4557419572468415,Profit
627,225,Stocks,42047.0,2026-03-17,37783.92,-4263.080000000002,-10.13884462625158,Loss
628,200,Gold,111748.0,2024-10-28,170752.09,59004.09,52.801025521709555,Profit
629,118,Mutual Funds,101857.0,2026-06-18,161150.89,59293.890000000014,58.212876876405176,Profit
630,244,Stocks,121946.0,2025-05-08,122903.2,957.1999999999971,0.7849375953290777,Profit
631,212,Gold,120785.0,2026-01-16,156672.99,35887.98999999999,29.71229043341474,Profit
632,74,Mutual Funds,348336.0,2026-01-03,520829.86,172493.86,49.51938932524918,Profit
633,385,Cryptocurrency,140266.0,2026-04-15,203983.45,63717.45000000001,45.426154591989516,Profit
634,467,Cryptocurrency,227076.0,2025-10-03,346691.64,119615.64000000001,52.67647835966813,Profit
635,142,Gold,380571.0,2026-05-12,593163.05,212592.05000000005,55.86133730631079,Profit
636,73,Mutual Funds,492744.0,2026-05-09,575779.21,83035.20999999996,16.85159230756741,Profit
637,115,Stocks,35193.0,2026-06-07,38573.5,3380.5,9.605603387037196,Profit
638,197,Gold,32206.0,2025-07-07,25977.51,-6228.490000000002,-19.339533006272127,Loss
639,307,Mutual Funds,455082.0,2026-05-05,504899.12,49817.119999999995,10.946844744463634,Profit
640,218,Gold,451040.0,2025-01-27,373590.39,-77449.60999999999,-17.171339570769774,Loss
641,228,Gold,478730.0,2024-07-28,699000.22,220270.21999999997,46.01136757671338,Profit
642,431,Stocks,179635.0,2025-04-23,193313.56,13678.559999999998,7.61464079939878,Profit
643,395,Fixed Deposits,186086.0,2025-10-04,182305.79,-3780.209999999992,-2.031431703620902,Loss
644,427,Cryptocurrency,385320.0,2025-06-27,333537.22,-51782.78000000003,-13.438902730198285,Loss
645,312,Cryptocurrency,284809.0,2025-08-29,294264.25,9455.25,3.3198564652100178,Profit
646,242,Mutual Funds,481112.0,2025-06-11,659476.94,178364.93999999994,37.07347561482564,Profit
647,472,Mutual Funds,331294.0,2025-04-10,519009.74,187715.74,56.661376300204644,Profit
648,307,Gold,190237.0,2025-05-14,292530.93,102293.93,53.771837234607354,Profit
649,480,Cryptocurrency,128139.0,2025-04-24,165255.81,37116.81,28.96605248987428,Profit
650,415,Gold,143833.0,2025-08-16,118146.61,-25686.39,-17.858481711429228,Loss
651,267,Gold,372087.0,2025-04-08,386117.74,14030.73999999999,3.770822415187843,Profit
652,407,Mutual Funds,100511.0,2026-02-08,113502.84,12991.839999999997,12.925789217100611,Profit
653,48,Stocks,439548.0,2025-07-15,408592.82,-30955.179999999993,-7.042502752827903,Loss
654,99,Fixed Deposits,30693.0,2025-05-07,41910.76,11217.760000000002,36.548268334799474,Profit
655,416,Mutual Funds,266768.0,2024-09-08,257222.9,-9545.100000000006,-3.5780528399208325,Loss
656,119,Stocks,120635.0,2025-09-14,114311.59,-6323.4100000000035,-5.241770630414062,Loss
657,7,Fixed Deposits,34714.0,2025-01-03,42110.14,7396.139999999999,21.305928443855503,Profit
658,201,Mutual Funds,107356.0,2026-01-05,138135.59,30779.589999999997,28.670581988896753,Profit
659,405,Gold,466491.0,2025-11-03,584577.74,118086.73999999999,25.313830277540188,Profit
660,359,Mutual Funds,302848.0,2025-01-17,401040.29,98192.28999999998,32.42296135355029,Profit
661,338,Cryptocurrency,145648.0,2024-08-07,146638.61,990.609999999986,0.6801397890805133,Profit
662,39,Mutual Funds,319983.0,2024-10-18,468584.89,148601.89,46.440557779632044,Profit
663,442,Fixed Deposits,347347.0,2026-02-21,391472.48,44125.47999999998,12.703573083976538,Profit
664,104,Mutual Funds,79167.0,2025-08-05,80592.63,1425.6300000000047,1.8007882072075547,Profit
665,423,Cryptocurrency,317981.0,2025-05-05,323127.2,5146.200000000012,1.6183985835631725,Profit
666,224,Cryptocurrency,131517.0,2025-10-03,126735.07,-4781.929999999993,-3.635978618733694,Loss
667,112,Fixed Deposits,308013.0,2024-11-08,355941.37,47928.369999999995,15.560502316460667,Profit
668,235,Cryptocurrency,147651.0,2024-12-01,196754.6,49103.600000000006,33.256530602569576,Profit
669,105,Fixed Deposits,472672.0,2024-09-11,745004.8,272332.80000000005,57.615598131473845,Profit
670,258,Gold,309988.0,2026-01-31,377730.19,67742.19,21.85316528381744,Profit
671,139,Mutual Funds,397977.0,2025-08-09,531477.59,133500.58999999997,33.54480032765712,Profit
672,93,Fixed Deposits,369954.0,2024-10-30,417524.82,47570.82000000001,12.858577012277204,Profit
673,65,Cryptocurrency,129416.0,2026-04-05,170718.53,41302.53,31.914546887556405,Profit
674,199,Cryptocurrency,317624.0,2025-02-26,265435.34,-52188.659999999974,-16.430956099035328,Loss
675,399,Cryptocurrency,493825.0,2026-04-05,565824.29,71999.29000000004,14.57992001215006,Profit
676,496,Cryptocurrency,13501.0,2025-05-28,14843.59,1342.5900000000001,9.944374490778463,Profit
677,143,Mutual Funds,251031.0,2025-11-22,272134.29,21103.28999999998,8.406646987822212,Profit
678,61,Cryptocurrency,388505.0,2025-10-02,546563.14,158058.14,40.683682320690856,Profit
679,271,Mutual Funds,85202.0,2026-05-29,134553.66,49351.66,57.923123870331686,Profit
680,377,Gold,200854.0,2025-12-09,171277.89,-29576.109999999986,-14.725178487856844,Loss
681,148,Fixed Deposits,425805.0,2025-04-05,589388.99,163583.99,38.41758316600322,Profit
682,357,Mutual Funds,365439.0,2026-02-24,445801.98,80362.97999999998,21.990805579043283,Profit
683,403,Gold,465035.0,2025-05-03,716887.75,251852.75,54.1578053264808,Profit
684,482,Cryptocurrency,211299.0,2025-05-10,251127.22,39828.22,18.849223138774914,Profit
685,217,Fixed Deposits,285315.0,2026-02-20,378000.93,92685.93,32.48547394984491,Profit
686,221,Fixed Deposits,397927.0,2026-02-28,579227.33,181300.32999999996,45.56120343681126,Profit
687,397,Fixed Deposits,121582.0,2025-12-09,194167.81,72585.81,59.7011152966722,Profit
688,466,Mutual Funds,266724.0,2026-02-08,424923.28,158199.28000000003,59.311977924746195,Profit
689,268,Mutual Funds,143861.0,2025-11-08,126112.4,-17748.600000000006,-12.337325612918029,Loss
690,434,Stocks,32278.0,2026-06-11,38055.74,5777.739999999998,17.899931842121564,Profit
691,431,Mutual Funds,319438.0,2025-03-08,424029.85,104591.84999999998,32.74245706522079,Profit
692,121,Fixed Deposits,92540.0,2024-07-20,102069.72,9529.720000000001,10.297946833801602,Profit
693,477,Stocks,208733.0,2025-08-12,220383.84,11650.839999999997,5.581695275782937,Profit
694,259,Stocks,386849.0,2025-07-06,547281.55,160432.55000000005,41.4716207098894,Profit
695,336,Mutual Funds,114536.0,2025-05-31,143037.34,28501.339999999997,24.884176154222253,Profit
696,386,Mutual Funds,104459.0,2026-05-31,137154.95,32695.95000000001,31.30027091969099,Profit
697,324,Cryptocurrency,419693.0,2025-12-25,509919.04,90226.03999999998,21.498104566909618,Profit
698,8,Mutual Funds,483819.0,2026-05-14,419435.78,-64383.21999999997,-13.307294670114231,Loss
699,195,Gold,61762.0,2026-05-09,83439.86,21677.86,35.09902529063178,Profit
700,115,Cryptocurrency,83150.0,2025-10-02,122557.58,39407.58,47.39336139506916,Profit
701,140,Fixed Deposits,434217.0,2024-09-22,624625.29,190408.29000000004,43.850952403982355,Profit
702,365,Stocks,219936.0,2024-10-16,193069.38,-26866.619999999995,-12.215653644696637,Loss
703,490,Mutual Funds,330431.0,2026-03-21,327932.31,-2498.6900000000023,-0.7561911563987648,Loss
704,340,Gold,393734.0,2025-02-18,370178.87,-23555.130000000005,-5.982498336440338,Loss
705,118,Stocks,235443.0,2026-07-04,234804.47,-638.5299999999988,-0.2712036458930607,Loss
706,325,Stocks,109908.0,2025-01-22,155803.74,45895.73999999999,41.75832514466644,Profit
707,336,Stocks,422781.0,2025-02-02,622651.2,199870.19999999995,47.27511406614771,Profit
708,1,Fixed Deposits,455710.0,2025-11-12,423269.02,-32440.97999999998,-7.118777292576415,Loss
709,432,Fixed Deposits,243449.0,2025-11-01,389391.07,145942.07,59.94769746435599,Profit
710,91,Gold,398243.0,2024-11-12,355179.94,-43063.06,-10.813262254452683,Loss
711,383,Mutual Funds,364596.0,2025-10-27,346976.39,-17619.609999999986,-4.832639414584906,Loss
712,298,Gold,453998.0,2025-09-03,680477.13,226479.13,49.885490684980994,Profit
713,60,Fixed Deposits,464313.0,2025-08-16,438955.03,-25357.969999999972,-5.461395653363135,Loss
714,416,Gold,365420.0,2025-12-12,454429.75,89009.75,24.358204258113954,Profit
715,354,Fixed Deposits,274407.0,2025-01-31,377715.88,103308.88,37.648048336959334,Profit
716,363,Gold,50473.0,2025-03-15,64683.71,14210.71,28.155073009331723,Profit
717,208,Mutual Funds,79011.0,2025-11-14,119995.81,40984.81,51.87228360608016,Profit
718,451,Cryptocurrency,341015.0,2025-09-29,418289.06,77274.06,22.660017887776196,Profit
719,485,Gold,357694.0,2026-07-11,495595.91,137901.90999999997,38.553039749059245,Profit
720,383,Cryptocurrency,116100.0,2025-02-11,116854.78,754.7799999999988,0.6501119724375528,Profit
721,269,Mutual Funds,261580.0,2025-06-12,276205.05,14625.049999999988,5.591042893187548,Profit
722,368,Gold,136994.0,2025-02-09,122162.05,-14831.949999999997,-10.826715038614827,Loss
723,58,Stocks,405451.0,2026-05-09,330080.52,-75370.47999999998,-18.589294390690856,Loss
724,125,Cryptocurrency,497602.0,2024-10-03,555543.4,57941.40000000002,11.644125224577076,Profit
725,263,Gold,141856.0,2026-03-05,153248.29,11392.290000000008,8.03088343108505,Profit
726,273,Cryptocurrency,457336.0,2024-07-20,658026.14,200690.14,43.88242779925482,Profit
727,23,Fixed Deposits,98329.0,2025-07-20,157321.79,58992.79000000001,59.99531165780188,Profit
728,268,Cryptocurrency,418396.0,2025-08-06,430234.72,11838.719999999972,2.8295490396657645,Profit
729,338,Fixed Deposits,19722.0,2025-07-29,31340.14,11618.14,58.909542642734,Profit
730,317,Mutual Funds,321994.0,2024-07-20,340276.58,18282.580000000016,5.677925675633713,Profit
731,216,Mutual Funds,224195.0,2025-02-10,234184.22,9989.220000000001,4.455594460179755,Profit
732,431,Cryptocurrency,288639.0,2025-02-22,325239.66,36600.659999999974,12.680427800816929,Profit
733,207,Fixed Deposits,121938.0,2025-05-05,143470.6,21532.600000000006,17.658646197247787,Profit
734,261,Fixed Deposits,111559.0,2024-10-02,167895.72,56336.72,50.49948457766742,Profit
735,9,Stocks,114462.0,2024-11-03,91774.36,-22687.64,-19.82111093638063,Loss
736,156,Gold,439786.0,2024-07-30,368509.66,-71276.34000000003,-16.20705070193231,Loss
737,104,Stocks,237775.0,2026-04-29,347864.87,110089.87,46.30001892545474,Profit
738,307,Fixed Deposits,47646.0,2025-08-11,39022.22,-8623.779999999999,-18.09969357343743,Loss
739,181,Cryptocurrency,498683.0,2024-12-23,484899.68,-13783.320000000007,-2.763944229099449,Loss
740,422,Fixed Deposits,163479.0,2024-09-11,161536.56,-1942.4400000000023,-1.1881893087185524,Loss
741,92,Stocks,109542.0,2026-07-15,150257.02,40715.01999999999,37.16841029011702,Profit
742,450,Cryptocurrency,30751.0,2026-02-27,41211.97,10460.970000000001,34.01830834769601,Profit
743,189,Mutual Funds,257407.0,2025-04-15,242446.93,-14960.070000000007,-5.811834953983383,Loss
744,453,Gold,190591.0,2025-09-02,176034.59,-14556.410000000003,-7.637511739798838,Loss
745,30,Fixed Deposits,35723.0,2025-11-15,39037.7,3314.699999999997,9.27889594938834,Profit
746,161,Cryptocurrency,358189.0,2025-05-15,513270.12,155081.12,43.29589127527646,Profit
747,103,Mutual Funds,480841.0,2026-05-14,432388.08,-48452.919999999984,-10.076703109759771,Loss
748,300,Mutual Funds,437459.0,2025-10-28,686624.01,249165.01,56.95734000214877,Profit
749,245,Mutual Funds,201003.0,2026-01-04,256123.85,55120.850000000006,27.422899160709047,Profit
750,91,Cryptocurrency,128893.0,2025-12-08,151163.11,22270.109999999986,17.277982512626743,Profit
751,356,Fixed Deposits,306774.0,2024-10-04,466973.25,160199.25,52.220608656535425,Profit
752,368,Cryptocurrency,497615.0,2024-08-07,567087.03,69472.03000000003,13.96099996985622,Profit
753,349,Stocks,242317.0,2026-04-13,326194.81,83877.81,34.614909395543854,Profit
754,476,Stocks,309700.0,2026-06-03,256596.7,-53103.29999999999,-17.14669034549564,Loss
755,258,Gold,292977.0,2025-12-26,421800.91,128823.90999999997,43.97065639964911,Profit
756,117,Fixed Deposits,33932.0,2025-11-15,54100.46,20168.46,59.437875751503,Profit
757,145,Fixed Deposits,84250.0,2025-03-29,116356.94,32106.940000000002,38.10912759643917,Profit
758,456,Gold,370818.0,2025-01-26,310613.92,-60204.080000000016,-16.23547939959765,Loss
759,363,Fixed Deposits,431112.0,2025-10-22,623229.39,192117.39,44.56322023047375,Profit
760,231,Gold,401613.0,2026-02-04,605948.15,204335.15000000002,50.87861946699933,Profit
761,292,Mutual Funds,475511.0,2024-07-19,478200.11,2689.109999999986,0.5655200405458519,Profit
762,62,Gold,113537.0,2025-02-16,114286.56,749.5599999999977,0.6601900701973785,Profit
763,23,Mutual Funds,241120.0,2024-11-05,330924.6,89804.59999999998,37.24477438619773,Profit
764,273,Fixed Deposits,65622.0,2025-03-02,79241.29,13619.289999999994,20.75415257078418,Profit
765,152,Fixed Deposits,132932.0,2026-07-05,122834.78,-10097.220000000001,-7.59577829266091,Loss
766,261,Stocks,218801.0,2026-04-07,256680.98,37879.98000000001,17.312525993939705,Profit
767,410,Stocks,14704.0,2025-01-29,19051.73,4347.73,29.56834874863982,Profit
768,57,Mutual Funds,433001.0,2025-10-15,383726.02,-49274.97999999998,-11.379876720838977,Loss
769,37,Gold,18852.0,2026-04-23,18728.73,-123.27000000000044,-0.6538828771483155,Loss
770,469,Stocks,245663.0,2026-03-26,276850.07,31187.070000000007,12.695061934438645,Profit
771,161,Gold,269199.0,2024-07-28,267995.42,-1203.5800000000163,-0.4470967574173813,Loss
772,26,Mutual Funds,379647.0,2024-12-27,517825.33,138178.33000000002,36.39652888077609,Profit
773,135,Fixed Deposits,177721.0,2026-04-30,283580.61,105859.60999999999,59.56505421418965,Profit
774,359,Gold,75106.0,2025-06-25,80935.18,5829.179999999993,7.761270737357859,Profit
775,73,Fixed Deposits,463831.0,2025-07-07,569531.79,105700.79000000004,22.788642846209083,Profit
776,448,Cryptocurrency,419565.0,2024-09-20,490185.36,70620.35999999999,16.831804368810552,Profit
777,232,Stocks,12603.0,2026-01-11,13675.48,1072.4799999999996,8.509719907958418,Profit
778,419,Fixed Deposits,176149.0,2024-12-06,258643.2,82494.20000000001,46.83205695178515,Profit
779,180,Mutual Funds,473870.0,2025-12-15,625944.5,152074.5,32.09202945955642,Profit
780,464,Stocks,143187.0,2025-07-31,207031.72,63844.72,44.58834950100219,Profit
781,412,Cryptocurrency,54779.0,2025-12-30,59881.36,5102.360000000001,9.314445316635938,Profit
782,120,Fixed Deposits,487160.0,2026-01-28,508222.14,21062.140000000014,4.323454306593319,Profit
783,475,Mutual Funds,69691.0,2026-06-10,58161.89,-11529.11,-16.543183481367752,Loss
784,35,Cryptocurrency,167705.0,2026-03-31,228196.78,60491.78,36.070349721236695,Profit
785,428,Cryptocurrency,66206.0,2026-02-28,85894.95,19688.949999999997,29.73892094372111,Profit
786,340,Gold,470895.0,2025-04-05,518220.19,47325.19,10.05005149767995,Profit
787,321,Fixed Deposits,124333.0,2025-04-14,146236.86,21903.859999999986,17.61709280721931,Profit
788,207,Mutual Funds,303091.0,2026-05-10,375870.01,72779.01000000001,24.012263643592192,Profit
789,418,Fixed Deposits,485471.0,2025-12-31,478443.19,-7027.809999999998,-1.4476271497164606,Loss
790,189,Fixed Deposits,426189.0,2024-10-12,658514.21,232325.20999999996,54.51224926030469,Profit
791,49,Stocks,111174.0,2024-11-24,100611.34,-10562.660000000003,-9.50101642470362,Loss
792,315,Gold,99695.0,2025-02-22,79996.86,-19698.14,-19.758403129545112,Loss
793,101,Cryptocurrency,158191.0,2026-05-30,219047.3,60856.29999999999,38.470140526325764,Profit
794,497,Stocks,388913.0,2024-11-09,422119.76,33206.76000000001,8.538351765047713,Profit
795,497,Mutual Funds,297672.0,2025-06-09,362293.03,64621.03000000003,21.708803649654662,Profit
796,102,Mutual Funds,252035.0,2026-05-05,205241.23,-46793.76999999999,-18.566377685638898,Loss
797,196,Mutual Funds,463809.0,2026-02-09,634178.51,170369.51,36.732687377778355,Profit
798,147,Fixed Deposits,415528.0,2025-10-09,392407.32,-23120.679999999993,-5.5641689609364455,Loss
799,358,Cryptocurrency,90582.0,2026-01-29,119738.7,29156.699999999997,32.18818308273166,Profit
800,365,Fixed Deposits,459639.0,2025-10-14,443481.42,-16157.580000000016,-3.5152761188672015,Loss
801,339,Fixed Deposits,49349.0,2025-12-23,72163.68,22814.679999999993,46.23129141421304,Profit
802,368,Mutual Funds,454422.0,2025-06-01,567221.22,112799.21999999997,24.82257021006905,Profit
803,201,Cryptocurrency,128035.0,2026-07-11,112760.96,-15274.039999999994,-11.929581754988865,Loss
804,336,Mutual Funds,299132.0,2025-01-20,246261.46,-52870.54000000001,-17.67465199310004,Loss
805,266,Stocks,158794.0,2024-07-21,214680.18,55886.17999999999,35.194138317568665,Profit
806,27,Stocks,189295.0,2025-09-22,257097.03,67802.03,35.81818325893447,Profit
807,430,Fixed Deposits,188285.0,2025-01-08,208221.5,19936.5,10.588469607244337,Profit
808,497,Fixed Deposits,342386.0,2025-07-09,390792.15,48406.15000000002,14.137888231411338,Profit
809,120,Mutual Funds,175699.0,2026-06-27,186108.62,10409.619999999995,5.924689383547997,Profit
810,170,Mutual Funds,270056.0,2026-06-04,387349.02,117293.02000000002,43.43285096424446,Profit
811,143,Mutual Funds,409277.0,2025-04-13,518485.25,109208.25,26.683212103294345,Profit
812,436,Fixed Deposits,488356.0,2026-01-05,447900.38,-40455.619999999995,-8.2840427884576,Loss
813,251,Cryptocurrency,264445.0,2025-02-09,227742.98,-36702.01999999999,-13.878885968726953,Loss
814,169,Gold,346291.0,2026-01-18,295219.27,-51071.72999999998,-14.748211764094354,Loss
815,36,Stocks,458790.0,2024-12-04,696612.69,237822.68999999994,51.836938468580385,Profit
816,384,Fixed Deposits,15432.0,2024-07-31,19003.89,3571.8899999999994,23.145995334370138,Profit
817,354,Fixed Deposits,136750.0,2025-07-05,124523.56,-12226.440000000002,-8.940723948811701,Loss
818,174,Mutual Funds,330765.0,2026-05-24,295411.89,-35353.109999999986,-10.688286245521741,Loss
819,325,Mutual Funds,297450.0,2025-06-10,291037.29,-6412.710000000021,-2.1558951084215905,Loss
820,40,Gold,289404.0,2026-01-03,271872.09,-17531.909999999974,-6.05793631048637,Loss
821,319,Mutual Funds,213957.0,2025-02-26,335090.2,121133.20000000001,56.61567511228892,Profit
822,339,Fixed Deposits,248225.0,2024-10-25,376185.63,127960.63,51.55025883774801,Profit
823,330,Stocks,196830.0,2024-09-12,240429.47,43599.47,22.15082558553066,Profit
824,158,Mutual Funds,256495.0,2025-06-10,390489.18,133994.18,52.24046472640792,Profit
825,122,Stocks,446639.0,2025-06-18,681467.3,234828.30000000005,52.57675661999961,Profit
826,111,Cryptocurrency,253481.0,2025-08-31,219284.3,-34196.70000000001,-13.49083363250106,Loss
827,387,Gold,54294.0,2024-11-04,85600.75,31306.75,57.66152797730872,Profit
828,120,Cryptocurrency,178388.0,2026-03-05,225275.32,46887.32000000001,26.2838980200462,Profit
829,434,Cryptocurrency,437087.0,2024-08-05,536732.12,99645.12,22.797548314180013,Profit
830,182,Stocks,413504.0,2025-08-31,390191.56,-23312.440000000002,-5.637778594644793,Loss
831,138,Mutual Funds,219503.0,2025-06-11,350214.6,130711.59999999998,59.54888999239189,Profit
832,278,Fixed Deposits,27257.0,2025-09-17,36743.44,9486.440000000002,34.80368345746048,Profit
833,329,Mutual Funds,483882.0,2024-08-08,603828.25,119946.25,24.78832649282263,Profit
834,388,Stocks,381648.0,2025-05-02,499037.61,117389.60999999999,30.758607407873217,Profit
835,344,Fixed Deposits,298925.0,2026-06-25,372495.53,73570.53000000003,24.611701931922735,Profit
836,150,Stocks,422465.0,2024-09-23,506485.82,84020.82,19.88823216124413,Profit
837,54,Cryptocurrency,301098.0,2026-05-13,311663.03,10565.030000000028,3.5088343330078673,Profit
838,241,Fixed Deposits,217345.0,2024-09-07,242366.78,25021.78,11.512470956313695,Profit
839,70,Mutual Funds,231373.0,2024-10-23,351625.92,120252.91999999998,51.97361835650659,Profit
840,297,Cryptocurrency,461120.0,2024-10-01,549203.43,88083.43000000005,19.102062369882038,Profit
841,9,Cryptocurrency,317737.0,2025-06-11,424524.65,106787.65000000002,33.60881798468546,Profit
842,406,Cryptocurrency,283864.0,2026-03-30,328983.65,45119.65000000002,15.894812304483846,Profit
843,107,Cryptocurrency,387722.0,2024-07-29,405386.49,17664.48999999999,4.555967935789043,Profit
844,214,Gold,175812.0,2025-05-30,162468.01,-13343.98999999999,-7.589919914454072,Loss
845,24,Mutual Funds,355339.0,2025-05-10,309436.85,-45902.15000000002,-12.917847463971032,Loss
846,67,Gold,165038.0,2026-05-17,245080.21,80042.20999999999,48.49926077630606,Profit
847,295,Mutual Funds,87267.0,2024-08-07,124713.89,37446.89,42.91071080706338,Profit
848,262,Mutual Funds,346499.0,2026-01-05,425167.0,78668.0,22.703673026473382,Profit
849,183,Mutual Funds,355052.0,2025-04-08,313108.97,-41943.03000000003,-11.813207642824157,Loss
850,475,Fixed Deposits,21779.0,2026-07-12,31366.61,9587.61,44.022269158363564,Profit
851,417,Gold,156495.0,2026-05-27,162921.84,6426.8399999999965,4.106738234448383,Profit
852,50,Gold,379991.0,2025-08-28,589437.5,209446.5,55.11880544539213,Profit
853,497,Gold,314119.0,2024-11-17,417351.0,103232.0,32.86397830121706,Profit
854,372,Gold,423896.0,2026-02-05,534094.59,110198.58999999997,25.99661001755147,Profit
855,211,Stocks,362730.0,2025-10-14,547527.87,184797.87,50.946398147382354,Profit
856,313,Stocks,140300.0,2026-07-06,160545.09,20245.089999999997,14.429857448325015,Profit
857,249,Cryptocurrency,65332.0,2025-12-08,59967.87,-5364.129999999997,-8.21057062389028,Loss
858,348,Mutual Funds,404797.0,2024-10-09,344992.73,-59804.27000000002,-14.773891604927908,Loss
859,354,Stocks,343437.0,2025-12-10,376794.49,33357.48999999999,9.712841074199924,Profit
860,289,Cryptocurrency,268879.0,2026-04-11,246036.08,-22842.920000000013,-8.49561326842186,Loss
861,161,Fixed Deposits,395784.0,2025-02-28,355685.04,-40098.96000000002,-10.131526287065677,Loss
862,436,Gold,66909.0,2025-07-25,87400.58,20491.58,30.626044328864584,Profit
863,122,Mutual Funds,166446.0,2026-05-30,238199.24,71753.23999999999,43.10902034293404,Profit
864,132,Cryptocurrency,462872.0,2025-08-07,608805.21,145933.20999999996,31.527767935844025,Profit
865,167,Cryptocurrency,172030.0,2024-10-18,160905.72,-11124.279999999999,-6.4664767773062835,Loss
866,427,Gold,32751.0,2026-05-23,49235.03,16484.03,50.3313791945284,Profit
867,85,Cryptocurrency,68584.0,2025-06-03,59566.31,-9017.690000000002,-13.148387378980525,Loss
868,139,Fixed Deposits,15237.0,2025-01-21,15317.26,80.26000000000022,0.5267441097328884,Profit
869,275,Fixed Deposits,161862.0,2025-02-08,251312.89,89450.89000000001,55.26367522951651,Profit
870,320,Mutual Funds,172595.0,2024-12-25,247572.58,74977.57999999999,43.44133955213071,Profit
871,179,Fixed Deposits,88503.0,2025-04-19,75125.36,-13377.64,-15.115465012485451,Loss
872,327,Stocks,283352.0,2025-07-16,267801.98,-15550.020000000019,-5.487880798441521,Loss
873,108,Stocks,205883.0,2025-12-29,182700.21,-23182.790000000008,-11.2601768965869,Loss
874,249,Stocks,239528.0,2025-06-10,230450.35,-9077.649999999994,-3.7898074546608305,Loss
875,132,Stocks,180794.0,2025-12-16,263702.19,82908.19,45.8578216091242,Profit
876,251,Mutual Funds,19435.0,2024-11-11,18927.21,-507.7900000000009,-2.6127604836634983,Loss
877,96,Stocks,499351.0,2024-12-29,593382.19,94031.18999999994,18.830680222929352,Profit
878,398,Gold,437324.0,2025-02-07,427446.72,-9877.280000000028,-2.2585725914882393,Loss
879,406,Stocks,291055.0,2025-10-12,294636.81,3581.8099999999977,1.23062994966587,Profit
880,257,Mutual Funds,91587.0,2026-02-11,109584.77,17997.770000000004,19.65100942273467,Profit
881,259,Stocks,430392.0,2025-12-30,503580.8,73188.79999999999,17.005148794587257,Profit
882,254,Mutual Funds,129815.0,2026-02-04,121015.9,-8799.100000000006,-6.778184339252016,Loss
883,186,Stocks,266247.0,2026-05-12,361281.72,95034.71999999997,35.694193737394215,Profit
884,79,Cryptocurrency,292038.0,2025-12-19,385413.91,93375.90999999997,31.973890384128083,Profit
885,420,Mutual Funds,139164.0,2025-06-08,185020.3,45856.29999999999,32.95126613204564,Profit
886,294,Cryptocurrency,216120.0,2024-12-16,282320.61,66200.60999999999,30.6314131038312,Profit
887,152,Gold,343651.0,2024-10-22,281515.94,-62135.06,-18.0808611061804,Loss
888,201,Fixed Deposits,286695.0,2025-10-07,270854.06,-15840.940000000002,-5.525363190847417,Loss
889,383,Stocks,73914.0,2025-07-15,95344.2,21430.199999999997,28.993424790973286,Profit
890,283,Stocks,345582.0,2025-09-13,292576.15,-53005.84999999998,-15.338139717925117,Loss
891,270,Mutual Funds,156878.0,2025-07-07,222471.14,65593.14000000001,41.81156057573402,Profit
892,499,Cryptocurrency,278033.0,2025-11-04,303157.33,25124.330000000016,9.03645610413153,Profit
893,271,Gold,222367.0,2025-05-23,196254.31,-26112.690000000002,-11.743059896477446,Loss
894,78,Gold,261144.0,2025-11-18,238494.97,-22649.03,-8.673004166283736,Loss
895,419,Cryptocurrency,222169.0,2025-07-19,291868.17,69699.16999999998,31.372140127560545,Profit
896,348,Cryptocurrency,257920.0,2026-02-02,384761.46,126841.46000000002,49.17860576923078,Profit
897,105,Gold,392056.0,2026-07-14,526422.78,134366.78000000003,34.27234374681169,Profit
898,499,Stocks,294987.0,2025-03-15,375501.62,80514.62,27.29429432483465,Profit
899,328,Mutual Funds,278255.0,2025-07-22,230151.8,-48103.20000000001,-17.287452157193943,Loss
900,66,Cryptocurrency,132712.0,2025-10-27,134150.55,1438.5499999999884,1.0839637711736605,Profit
901,131,Gold,424740.0,2026-02-15,530493.12,105753.12,24.89831897160616,Profit
902,147,Gold,438436.0,2024-08-30,538229.46,99793.45999999996,22.761237672088964,Profit
903,244,Gold,462886.0,2026-02-24,537041.22,74155.21999999997,16.020190716504707,Profit
904,248,Stocks,383369.0,2026-07-08,420392.42,37023.419999999984,9.657384921576858,Profit
905,162,Mutual Funds,467186.0,2025-04-07,504319.14,37133.140000000014,7.948256154936153,Profit
906,168,Cryptocurrency,60716.0,2025-06-23,90319.48,29603.479999999996,48.75729626457605,Profit
907,204,Gold,209541.0,2026-01-03,267536.27,57995.27000000002,27.67728988598891,Profit
908,438,Stocks,370924.0,2025-05-16,593258.8,222334.80000000005,59.94079649739571,Profit
909,29,Fixed Deposits,499184.0,2025-07-07,522346.59,23162.590000000026,4.640090627904746,Profit
910,273,Fixed Deposits,133938.0,2024-11-06,160607.08,26669.079999999987,19.9115112962714,Profit
911,393,Cryptocurrency,94072.0,2026-01-04,143880.19,49808.19,52.94688111233948,Profit
912,391,Fixed Deposits,261819.0,2025-12-04,320462.04,58643.03999999998,22.398313338604144,Profit
913,326,Gold,285833.0,2025-12-03,337744.75,51911.75,18.16156636917361,Profit
914,82,Fixed Deposits,361839.0,2024-08-27,339695.39,-22143.609999999986,-6.119741100323621,Loss
915,15,Cryptocurrency,171265.0,2025-11-19,248906.48,77641.48000000001,45.3341196391557,Profit
916,460,Cryptocurrency,306886.0,2025-05-23,357342.72,50456.71999999997,16.441519000540907,Profit
917,284,Gold,111932.0,2025-10-16,104094.85,-7837.149999999994,-7.001706393167274,Loss
918,291,Gold,155911.0,2024-11-25,158559.73,2648.7300000000105,1.698873075023578,Profit
919,128,Mutual Funds,226562.0,2026-06-09,353723.2,127161.20000000001,56.12644662388221,Profit
920,383,Mutual Funds,414977.0,2025-10-20,657859.51,242882.51,58.52914980830263,Profit
921,315,Stocks,46295.0,2024-07-17,57349.7,11054.699999999997,23.878820606976987,Profit
922,382,Mutual Funds,446832.0,2025-07-30,511949.81,65117.81,14.573219912629353,Profit
923,139,Fixed Deposits,318484.0,2025-01-16,434904.46,116420.46000000002,36.55457103025584,Profit
924,107,Cryptocurrency,300302.0,2025-03-31,309987.18,9685.179999999993,3.2251466856697566,Profit
925,475,Cryptocurrency,80191.0,2025-02-27,106300.57,26109.570000000007,32.5592273447145,Profit
926,164,Stocks,260915.0,2024-07-18,233542.14,-27372.859999999986,-10.491102466320443,Loss
927,487,Mutual Funds,427356.0,2024-11-08,402231.76,-25124.23999999999,-5.878995497898705,Loss
928,307,Cryptocurrency,330755.0,2025-08-11,293221.04,-37533.96000000002,-11.34796450544966,Loss
929,195,Stocks,331432.0,2025-10-25,517050.45,185618.45,56.00498744840571,Profit
930,214,Gold,329455.0,2024-09-03,321401.87,-8053.130000000005,-2.444379353781246,Loss
931,252,Stocks,105642.0,2025-01-16,159485.25,53843.25,50.96765490997899,Profit
932,32,Gold,306306.0,2026-01-20,283417.11,-22888.890000000014,-7.472556854909801,Loss
933,195,Stocks,261904.0,2024-12-28,296749.23,34845.22999999998,13.30458106787219,Profit
934,321,Mutual Funds,333869.0,2025-09-17,330091.27,-3777.7299999999814,-1.1315006784097899,Loss
935,136,Stocks,31525.0,2026-04-16,25310.1,-6214.9000000000015,-19.714195083267253,Loss
936,421,Fixed Deposits,499625.0,2024-12-31,663565.45,163940.44999999995,32.81269952464348,Profit
937,399,Mutual Funds,227972.0,2025-11-20,191983.41,-35988.59,-15.786407979927358,Loss
938,77,Cryptocurrency,242001.0,2024-10-11,208909.85,-33091.149999999994,-13.67397242160156,Loss
939,282,Gold,393998.0,2024-11-21,466781.13,72783.13,18.47296940593607,Profit
940,144,Cryptocurrency,472140.0,2024-10-12,581618.11,109478.10999999999,23.187637141525816,Profit
941,119,Mutual Funds,175132.0,2025-02-24,272939.91,97807.90999999997,55.84810885503505,Profit
942,243,Stocks,224576.0,2026-03-20,250379.72,25803.72,11.489972214306071,Profit
943,82,Stocks,425109.0,2026-04-14,663338.99,238229.99,56.039742748330426,Profit
944,46,Cryptocurrency,298102.0,2026-03-26,357009.87,58907.869999999995,19.760977786126897,Profit
945,275,Fixed Deposits,42140.0,2025-05-31,43779.21,1639.2099999999991,3.8899145704793527,Profit
946,401,Mutual Funds,385326.0,2024-11-04,431528.75,46202.75,11.990561239054722,Profit
947,392,Mutual Funds,54430.0,2024-08-31,78524.85,24094.850000000006,44.26759140180049,Profit
948,90,Gold,258530.0,2026-05-25,356638.54,98108.53999999998,37.948609445712286,Profit
949,489,Cryptocurrency,450888.0,2024-09-27,450322.27,-565.7299999999814,-0.12547018328276233,Loss
950,374,Fixed Deposits,269211.0,2025-03-18,414835.34,145624.34000000003,54.09301254406395,Profit
951,48,Mutual Funds,262891.0,2025-06-14,232768.1,-30122.899999999994,-11.45832303121826,Loss
952,326,Mutual Funds,159031.0,2026-04-28,247614.56,88583.56,55.70207066546774,Profit
953,471,Stocks,321945.0,2025-09-05,271568.25,-50376.75,-15.647626147323301,Loss
954,422,Stocks,127731.0,2026-02-02,114408.26,-13322.740000000005,-10.430310574566867,Loss
955,46,Mutual Funds,434793.0,2026-05-29,351460.12,-83332.88,-19.166104330106513,Loss
956,144,Gold,193987.0,2025-07-28,293510.02,99523.02000000002,51.30396366766846,Profit
957,347,Gold,377685.0,2025-10-25,306240.43,-71444.57,-18.916443597177544,Loss
958,150,Mutual Funds,59101.0,2026-03-09,62393.45,3292.449999999997,5.570887125429345,Profit
959,482,Mutual Funds,317827.0,2025-11-19,269336.07,-48490.92999999999,-15.257020328669368,Loss
960,181,Stocks,471855.0,2025-09-20,705412.31,233557.31000000006,49.497686789373866,Profit
961,311,Gold,243258.0,2026-07-06,383871.45,140613.45,57.80424487581087,Profit
962,121,Cryptocurrency,352506.0,2026-05-10,322892.65,-29613.349999999977,-8.400807362144185,Loss
963,118,Cryptocurrency,128788.0,2024-10-06,187512.7,58724.70000000001,45.597959437214655,Profit
964,134,Mutual Funds,294842.0,2024-07-25,362634.31,67792.31,22.992758833544748,Profit
965,479,Fixed Deposits,223556.0,2024-09-29,291672.47,68116.46999999997,30.46953336076865,Profit
966,330,Gold,33801.0,2025-02-13,35683.79,1882.7900000000009,5.570219815981779,Profit
967,345,Cryptocurrency,451078.0,2026-05-07,608816.5,157738.5,34.96922926855222,Profit
968,95,Mutual Funds,329996.0,2024-09-26,491053.52,161057.52000000002,48.80590067758398,Profit
969,364,Cryptocurrency,144870.0,2025-05-06,172022.21,27152.209999999992,18.742465658866564,Profit
970,119,Stocks,223850.0,2024-11-12,205518.01,-18331.98999999999,-8.189408085771719,Loss
971,323,Cryptocurrency,480438.0,2025-07-29,460724.79,-19713.21000000002,-4.103174603174607,Loss
972,36,Gold,374513.0,2025-02-22,430169.64,55656.640000000014,14.861070243222535,Profit
973,351,Fixed Deposits,269246.0,2024-08-14,330273.55,61027.54999999999,22.66609346099849,Profit
974,152,Fixed Deposits,424475.0,2026-02-14,552313.09,127838.08999999997,30.116753636845505,Profit
975,47,Fixed Deposits,235648.0,2024-11-20,312587.98,76939.97999999998,32.650385320477994,Profit
976,265,Mutual Funds,290156.0,2025-03-05,309329.49,19173.48999999999,6.607993631012279,Profit
977,110,Stocks,492300.0,2025-05-21,745384.04,253084.04000000004,51.40849888279505,Profit
978,135,Cryptocurrency,297513.0,2025-01-27,420561.87,123048.87,41.3591574149701,Profit
979,163,Stocks,241927.0,2026-07-01,231885.92,-10041.079999999987,-4.150458609415232,Loss
980,87,Gold,478766.0,2025-11-03,710173.1,231407.09999999998,48.33407134174105,Profit
981,340,Cryptocurrency,178900.0,2025-03-16,270415.42,91515.41999999998,51.15451089994409,Profit
982,346,Stocks,431579.0,2024-12-18,369497.33,-62081.669999999984,-14.38477544088104,Loss
983,371,Fixed Deposits,40320.0,2026-05-14,43679.98,3359.980000000003,8.333283730158739,Profit
984,372,Cryptocurrency,99489.0,2025-10-01,126449.91,26960.910000000003,27.099387872026053,Profit
985,24,Stocks,184981.0,2024-11-23,287220.95,102239.95000000001,55.27051426903304,Profit
986,447,Gold,154974.0,2024-12-31,221094.63,66120.63,42.66562778272485,Profit
987,162,Gold,178802.0,2026-02-20,228188.81,49386.81,27.62094943009586,Profit
988,350,Cryptocurrency,226418.0,2024-10-25,204379.63,-22038.369999999995,-9.733488503564203,Loss
989,482,Stocks,353432.0,2024-07-25,303903.58,-49528.419999999984,-14.013564136807075,Loss
990,4,Gold,251258.0,2025-06-07,239036.78,-12221.220000000001,-4.8640122901559355,Loss
991,143,Cryptocurrency,382610.0,2025-05-29,460880.56,78270.56,20.457008442016676,Profit
992,321,Cryptocurrency,262576.0,2024-10-22,303554.92,40978.919999999984,15.606498689903109,Profit
993,176,Stocks,376908.0,2025-12-30,583833.52,206925.52000000002,54.90080337907395,Profit
994,377,Gold,26323.0,2025-07-28,32918.1,6595.0999999999985,25.054515062872767,Profit
995,43,Gold,166562.0,2025-01-24,135402.22,-31159.78,-18.70761638308858,Loss
996,158,Gold,284185.0,2025-04-26,326776.28,42591.28000000003,14.98716681035242,Profit
997,437,Cryptocurrency,213171.0,2024-09-16,260264.96,47093.95999999999,22.09210446073809,Profit
998,343,Fixed Deposits,410340.0,2024-08-16,516727.12,106387.12,25.926577959740705,Profit
999,183,Gold,224164.0,2026-02-09,246117.37,21953.369999999995,9.793441408968432,Profit
1000,189,Stocks,68829.0,2025-03-27,91010.29,22181.289999999994,32.22666317976434,Profit
1001,34,Fixed Deposits,116474.0,2024-12-06,112562.43,-3911.570000000007,-3.3583203118292557,Loss
1002,76,Cryptocurrency,118384.0,2026-02-28,143997.94,25613.940000000002,21.636319097175296,Profit
1003,134,Gold,49141.0,2025-05-01,50015.89,874.8899999999994,1.7803666999043555,Profit
1004,186,Stocks,311337.0,2026-01-27,276845.71,-34491.28999999998,-11.078442330978964,Loss
1005,286,Stocks,477868.0,2025-06-01,555487.28,77619.28000000003,16.242828563536378,Profit
1006,20,Gold,199084.0,2025-10-10,297679.23,98595.22999999998,49.524436921098626,Profit
1007,371,Cryptocurrency,142709.0,2026-06-22,146979.9,4270.899999999994,2.992733464602789,Profit
1008,383,Cryptocurrency,135839.0,2025-01-19,123916.8,-11922.199999999997,-8.77671360949359,Loss
1009,499,Mutual Funds,339981.0,2025-04-17,429613.35,89632.34999999998,26.36392916074721,Profit
1010,167,Mutual Funds,67176.0,2024-08-01,55317.66,-11858.339999999997,-17.652643801357623,Loss
1011,338,Stocks,314422.0,2025-03-29,443978.13,129556.13,41.204537214317064,Profit
1012,150,Cryptocurrency,313668.0,2025-03-02,279150.92,-34517.080000000016,-11.004335794534354,Loss
1013,479,Gold,138984.0,2025-08-31,146702.85,7718.850000000006,5.553768779140049,Profit
1014,381,Gold,466072.0,2025-06-30,415500.83,-50571.169999999984,-10.850505930414181,Loss
1015,404,Stocks,460445.0,2025-07-06,693815.12,233370.12,50.68360390491806,Profit
1016,411,Fixed Deposits,465144.0,2026-03-06,373324.97,-91819.03000000003,-19.739914951068922,Loss
1017,236,Stocks,123579.0,2025-09-14,114240.6,-9338.399999999994,-7.556623698201145,Loss
1018,209,Cryptocurrency,450024.0,2026-06-30,570704.84,120680.83999999997,26.816534229285544,Profit
1019,188,Mutual Funds,28358.0,2025-12-03,26971.6,-1386.4000000000015,-4.888920234149099,Loss
1020,460,Stocks,458429.0,2025-01-26,542992.77,84563.77000000002,18.446426818547696,Profit
1021,436,Mutual Funds,138340.0,2024-12-31,211578.92,73238.92000000001,52.94124620500218,Profit
1022,127,Fixed Deposits,195199.0,2025-12-04,241808.57,46609.57000000001,23.877975809302303,Profit
1023,159,Stocks,454411.0,2026-01-20,436394.59,-18016.409999999974,-3.964782982806309,Loss
1024,343,Mutual Funds,225912.0,2026-02-13,196092.9,-29819.100000000006,-13.199431637097634,Loss
1025,462,Fixed Deposits,206756.0,2024-12-02,208193.16,1437.1600000000035,0.6950995376192244,Profit
1026,121,Fixed Deposits,373080.0,2026-06-29,411216.26,38136.26000000001,10.222006004074196,Profit
1027,240,Mutual Funds,95149.0,2025-11-30,121226.86,26077.86,27.407392615792077,Profit
1028,146,Cryptocurrency,242891.0,2026-02-26,355845.42,112954.41999999998,46.50416030235784,Profit
1029,297,Stocks,197575.0,2025-08-21,184621.94,-12953.059999999998,-6.556021763887131,Loss
1030,70,Cryptocurrency,66210.0,2026-03-16,89490.26,23280.259999999995,35.161244524996214,Profit
1031,50,Cryptocurrency,469458.0,2025-04-22,727140.22,257682.21999999997,54.88930213139407,Profit
1032,5,Cryptocurrency,397295.0,2025-11-10,562354.29,165059.29000000004,41.54577580890775,Profit
1033,233,Stocks,412969.0,2025-03-30,499133.03,86164.03000000003,20.86452736161795,Profit
1034,105,Cryptocurrency,56540.0,2025-12-08,76518.38,19978.380000000005,35.33494870887868,Profit
1035,73,Mutual Funds,52388.0,2025-07-23,74426.52,22038.520000000004,42.06787814003208,Profit
1036,88,Mutual Funds,70182.0,2025-01-11,106454.45,36272.45,51.683408851272404,Profit
1037,375,Gold,136180.0,2025-11-22,136320.17,140.1700000000128,0.10292994566016508,Profit
1038,123,Fixed Deposits,285455.0,2026-02-06,301422.87,15967.869999999995,5.593830901543149,Profit
1039,259,Mutual Funds,304568.0,2025-06-20,407328.38,102760.38,33.73971658217541,Profit
1040,217,Gold,421371.0,2026-07-01,513391.81,92020.81,21.838429792273317,Profit
1041,395,Fixed Deposits,81438.0,2026-06-09,120088.54,38650.53999999999,47.46008006090522,Profit
1042,266,Stocks,452761.0,2024-10-06,487454.06,34693.06,7.662554857860989,Profit
1043,244,Cryptocurrency,143939.0,2025-07-31,218483.65,74544.65,51.78905647531246,Profit
1044,105,Fixed Deposits,364226.0,2026-04-25,493498.09,129272.09000000003,35.49227402766415,Profit
1045,135,Cryptocurrency,131959.0,2026-04-01,151007.23,19048.23000000001,14.434960859054716,Profit
1046,35,Fixed Deposits,166384.0,2025-08-17,256714.85,90330.85,54.29058683527263,Profit
1047,249,Gold,411473.0,2025-10-08,430038.55,18565.54999999999,4.511972839044114,Profit
1048,308,Cryptocurrency,187750.0,2026-01-16,298300.82,110550.82,58.88192809587217,Profit
1049,207,Fixed Deposits,220689.0,2025-03-26,239940.6,19251.600000000006,8.723407147614973,Profit
1050,185,Fixed Deposits,327931.0,2025-12-30,396433.82,68502.82,20.889400514132547,Profit
1051,245,Fixed Deposits,213872.0,2025-01-04,177408.07,-36463.92999999999,-17.049417408543423,Loss
1052,337,Stocks,389019.0,2026-03-16,621228.84,232209.83999999997,59.69113076739182,Profit
1053,432,Stocks,314876.0,2026-02-27,419950.41,105074.40999999997,33.37009171864479,Profit
1054,271,Cryptocurrency,280655.0,2025-12-05,322462.9,41807.90000000002,14.896545580873322,Profit
1055,107,Cryptocurrency,372700.0,2025-12-11,341583.46,-31116.53999999998,-8.348950898846251,Loss
1056,228,Gold,325125.0,2025-10-10,513409.85,188284.84999999998,57.9115263360246,Profit
1057,327,Stocks,362666.0,2026-03-30,449516.4,86850.40000000002,23.947764609861423,Profit
1058,351,Mutual Funds,225212.0,2024-11-03,248581.77,23369.76999999999,10.37678720494467,Profit
1059,182,Cryptocurrency,164235.0,2024-11-03,252754.99,88519.98999999999,53.89837123633817,Profit
1060,326,Stocks,127191.0,2026-01-27,150592.47,23401.47,18.398683869141685,Profit
1061,62,Stocks,19786.0,2025-08-14,30951.4,11165.400000000001,56.43080966339837,Profit
1062,390,Gold,157718.0,2025-09-14,137967.22,-19750.78,-12.522844570689456,Loss
1063,54,Fixed Deposits,484768.0,2025-08-31,755311.69,270543.68999999994,55.80890033995642,Profit
1064,463,Cryptocurrency,60070.0,2024-11-24,54442.86,-5627.139999999999,-9.367637755951389,Loss
1065,71,Cryptocurrency,303860.0,2026-06-16,340072.6,36212.59999999998,11.917527808859335,Profit
1066,31,Cryptocurrency,250974.0,2025-04-16,252468.83,1494.8299999999872,0.5956114976053245,Profit
1067,469,Stocks,458083.0,2025-07-31,544923.84,86840.83999999997,18.957446576275473,Profit
1068,462,Mutual Funds,403288.0,2026-06-18,574963.19,171675.18999999994,42.56888129574893,Profit
1069,287,Fixed Deposits,475212.0,2026-04-30,627201.04,151989.04000000004,31.983417927156733,Profit
1070,48,Cryptocurrency,22064.0,2026-03-21,21829.22,-234.77999999999884,-1.0640862944162384,Loss
1071,401,Fixed Deposits,125426.0,2025-07-18,191737.71,66311.70999999999,52.869189801157646,Profit
1072,469,Cryptocurrency,264164.0,2025-09-01,338107.82,73943.82,27.991633984948745,Profit
1073,239,Stocks,401175.0,2024-11-11,529253.38,128078.38,31.92581292453418,Profit
1074,198,Gold,474382.0,2025-04-21,381720.71,-92661.28999999998,-19.533053530698886,Loss
1075,359,Stocks,132819.0,2024-09-15,176383.01,43564.01000000001,32.79953169350771,Profit
1076,341,Mutual Funds,78846.0,2024-09-17,110505.72,31659.72,40.15386956852599,Profit
1077,244,Stocks,62510.0,2024-10-12,62900.47,390.47000000000116,0.6246520556710945,Profit
1078,428,Mutual Funds,411385.0,2025-06-11,420815.04,9430.039999999979,2.2922663684869353,Profit
1079,485,Gold,472153.0,2025-10-11,465405.4,-6747.599999999977,-1.4291130205674807,Loss
1080,3,Stocks,308569.0,2024-10-05,317777.9,9208.900000000023,2.98438922898931,Profit
1081,496,Gold,220344.0,2025-03-29,334082.83,113738.83000000002,51.61875521911195,Profit
1082,387,Stocks,211403.0,2025-09-15,252079.63,40676.630000000005,19.24127377567963,Profit
1083,406,Stocks,248633.0,2025-05-23,243248.05,-5384.950000000012,-2.1658227186254484,Loss
1084,474,Mutual Funds,392419.0,2025-10-17,612244.38,219825.38,56.01802665008575,Profit
1085,393,Gold,153517.0,2026-03-26,183477.7,29960.70000000001,19.5162099311477,Profit
1086,19,Cryptocurrency,414284.0,2024-09-23,465463.88,51179.880000000005,12.353815257166582,Profit
1087,478,Mutual Funds,389387.0,2026-01-21,427198.68,37811.67999999999,9.710565581285454,Profit
1088,407,Cryptocurrency,481593.0,2024-11-29,475234.08,-6358.919999999984,-1.3203929459107553,Loss
1089,485,Mutual Funds,308405.0,2025-07-31,362883.78,54478.78000000003,17.66468766719088,Profit
1090,490,Mutual Funds,66237.0,2025-09-01,69556.96,3319.9600000000064,5.0122439120129325,Profit
1091,354,Cryptocurrency,141966.0,2025-03-21,154719.34,12753.339999999997,8.983376301367931,Profit
1092,286,Gold,311592.0,2025-10-30,428568.96,116976.96000000002,37.541708387891866,Profit
1093,58,Stocks,174312.0,2026-05-11,216526.99,42214.98999999999,24.218063013447146,Profit
1094,166,Gold,445406.0,2025-09-25,511040.57,65634.57,14.735897136545088,Profit
1095,79,Fixed Deposits,20634.0,2024-12-14,32512.24,11878.240000000002,57.56634680624213,Profit
1096,114,Gold,382830.0,2024-12-08,612148.47,229318.46999999997,59.90086200141054,Profit
1097,404,Cryptocurrency,366078.0,2026-04-09,329421.59,-36656.409999999974,-10.013278590901384,Loss
1098,353,Gold,226434.0,2026-01-07,227548.63,1114.6300000000047,0.49225381347324365,Profit
1099,72,Gold,195492.0,2024-07-21,167625.58,-27866.420000000013,-14.25450657827431,Loss
1100,442,Gold,485215.0,2026-04-04,730915.68,245700.68000000005,50.63748647506776,Profit
1101,206,Mutual Funds,455821.0,2026-01-08,561464.21,105643.20999999996,23.17646839439165,Profit
1102,52,Gold,323985.0,2026-04-02,387870.13,63885.130000000005,19.718545611679556,Profit
1103,221,Mutual Funds,118145.0,2024-10-20,116463.71,-1681.2899999999936,-1.4230733420796424,Loss
1104,240,Mutual Funds,324728.0,2026-05-04,447577.56,122849.56,37.83152669310931,Profit
1105,1,Stocks,85300.0,2025-06-01,86783.86,1483.8600000000006,1.7395779601406807,Profit
1106,202,Mutual Funds,234686.0,2024-10-13,312370.61,77684.60999999999,33.101510102860836,Profit
1107,353,Cryptocurrency,19538.0,2024-08-04,22883.63,3345.630000000001,17.123707646637325,Profit
1108,165,Fixed Deposits,211522.0,2024-07-28,187097.2,-24424.79999999999,-11.547167670502354,Loss
1109,455,Stocks,401253.0,2024-12-18,487807.17,86554.16999999998,21.57097143198929,Profit
1110,119,Cryptocurrency,324841.0,2024-09-28,372023.34,47182.340000000026,14.524749031064434,Profit
1111,16,Stocks,272821.0,2025-05-27,271561.18,-1259.820000000007,-0.46177530322079563,Loss
1112,145,Cryptocurrency,422813.0,2025-06-13,534757.18,111944.18000000005,26.47604969572838,Profit
1113,360,Fixed Deposits,262635.0,2024-10-30,365267.28,102632.28000000003,39.0779142155463,Profit
1114,23,Fixed Deposits,240541.0,2024-08-27,308341.42,67800.41999999998,28.18663762102926,Profit
1115,167,Cryptocurrency,269772.0,2026-03-12,272157.53,2385.530000000028,0.8842763518823407,Profit
1116,314,Stocks,280885.0,2025-01-01,435349.02,154464.02000000002,54.991907720241386,Profit
1117,422,Stocks,412653.0,2025-01-25,594699.41,182046.41000000003,44.11609996776954,Profit
1118,497,Fixed Deposits,321626.0,2025-01-18,428398.53,106772.53000000003,33.197729661159244,Profit
1119,63,Stocks,189679.0,2025-08-22,203945.57,14266.570000000007,7.52142830782533,Profit
1120,468,Mutual Funds,136089.0,2025-04-15,129509.05,-6579.949999999997,-4.83503442600063,Loss
1121,145,Stocks,459354.0,2025-11-26,429779.13,-29574.869999999995,-6.438361263861856,Loss
1122,251,Mutual Funds,134626.0,2025-07-19,202449.89,67823.89000000001,50.37948836034645,Profit
1123,459,Stocks,102303.0,2025-04-19,124863.63,22560.630000000005,22.052755051171523,Profit
1124,455,Fixed Deposits,432015.0,2026-01-02,446278.04,14263.039999999979,3.3015149936923436,Profit
1125,348,Fixed Deposits,323945.0,2024-10-04,458977.49,135032.49,41.68377039312229,Profit
1126,409,Fixed Deposits,363586.0,2024-08-18,470105.97,106519.96999999997,29.29704939134069,Profit
1127,332,Cryptocurrency,43734.0,2025-08-19,53660.61,9926.61,22.69769515708602,Profit
1128,39,Mutual Funds,353920.0,2025-04-27,421956.72,68036.71999999997,19.223756781193483,Profit
1129,243,Stocks,49730.0,2024-12-31,58961.68,9231.68,18.563603458676855,Profit
1130,86,Fixed Deposits,127160.0,2024-10-09,198156.37,70996.37,55.83231362063542,Profit
1131,108,Gold,134803.0,2024-07-30,124653.96,-10149.039999999994,-7.528793869572631,Loss
1132,82,Mutual Funds,161069.0,2024-10-13,225246.38,64177.380000000005,39.84465042931912,Profit
1133,307,Gold,159314.0,2026-07-03,252716.72,93402.72,58.62806784086773,Profit
1134,284,Cryptocurrency,386526.0,2025-10-22,505071.99,118545.98999999999,30.669603079741076,Profit
1135,277,Gold,244193.0,2025-09-14,226105.84,-18087.160000000003,-7.406911746036949,Loss
1136,267,Fixed Deposits,358197.0,2025-05-13,348474.9,-9722.099999999977,-2.7141768356518834,Loss
1137,376,Stocks,36047.0,2026-05-17,32741.21,-3305.790000000001,-9.170777041085252,Loss
1138,475,Cryptocurrency,324830.0,2026-05-06,404590.03,79760.03000000003,24.554391527876128,Profit
1139,395,Cryptocurrency,475402.0,2025-06-14,402967.41,-72434.59000000003,-15.236492484255434,Loss
1140,260,Fixed Deposits,343153.0,2024-12-22,416382.05,73229.04999999999,21.340058224756884,Profit
1141,5,Mutual Funds,434122.0,2026-04-08,610278.88,176156.88,40.57773621240112,Profit
1142,456,Mutual Funds,383232.0,2026-04-19,307741.64,-75490.35999999999,-19.69834460587842,Loss
1143,150,Stocks,436985.0,2026-07-16,690456.09,253471.08999999997,58.004528759568394,Profit
1144,370,Stocks,484105.0,2026-06-09,769312.66,285207.66000000003,58.91442145815474,Profit
1145,87,Gold,188970.0,2025-07-14,221641.88,32671.880000000005,17.28945335238398,Profit
1146,280,Gold,499900.0,2025-05-26,723474.18,223574.18000000005,44.723780756151235,Profit
1147,116,Stocks,62287.0,2026-01-11,55680.01,-6606.989999999998,-10.607333793568479,Loss
1148,195,Mutual Funds,390641.0,2025-02-01,573492.07,182851.06999999995,46.80795666609494,Profit
1149,81,Fixed Deposits,108450.0,2026-02-16,135263.01,26813.01000000001,24.72384508990319,Profit
1150,277,Stocks,144904.0,2024-07-21,226705.13,81801.13,56.451947496273405,Profit
1151,74,Cryptocurrency,44144.0,2025-07-03,42318.54,-1825.4599999999991,-4.135239217107646,Loss
1152,456,Fixed Deposits,26344.0,2025-10-03,26634.79,290.7900000000009,1.1038187063467997,Profit
1153,277,Cryptocurrency,67121.0,2026-04-25,90587.75,23466.75,34.96185992461376,Profit
1154,218,Mutual Funds,245144.0,2025-12-29,198942.4,-46201.600000000006,-18.84671866331626,Loss
1155,17,Mutual Funds,191107.0,2025-08-24,256067.41,64960.41,33.99164342488763,Profit
1156,350,Mutual Funds,383800.0,2025-03-07,462794.94,78994.94,20.58231891610214,Profit
1157,111,Mutual Funds,39266.0,2025-01-31,41997.39,2731.3899999999994,6.956119798298781,Profit
1158,84,Fixed Deposits,159718.0,2025-07-13,254728.13,95010.13,59.486175634555906,Profit
1159,314,Mutual Funds,128378.0,2026-05-06,133002.16,4624.1600000000035,3.6019878795432265,Profit
1160,414,Stocks,484352.0,2025-01-22,411504.14,-72847.85999999999,-15.04027236390063,Loss
1161,492,Stocks,475833.0,2026-05-25,733311.51,257478.51,54.11110830900757,Profit
1162,106,Cryptocurrency,457818.0,2025-05-20,373081.79,-84736.21000000002,-18.508710885111558,Loss
1163,193,Cryptocurrency,32981.0,2026-07-05,42925.78,9944.779999999999,30.15305782116976,Profit
1164,394,Mutual Funds,433999.0,2026-05-28,656432.44,222433.43999999994,51.252062792771405,Profit
1165,303,Fixed Deposits,77864.0,2025-08-08,111653.19,33789.19,43.39513767594781,Profit
1166,378,Cryptocurrency,35961.0,2025-06-26,48709.18,12748.18,35.450015294346656,Profit
1167,412,Cryptocurrency,385999.0,2026-02-01,374882.99,-11116.01000000001,-2.879802797416576,Loss
1168,238,Fixed Deposits,310289.0,2025-06-24,401616.79,91327.78999999998,29.433138138960768,Profit
1169,174,Mutual Funds,57346.0,2026-03-22,52189.91,-5156.0899999999965,-8.991193806019595,Loss
1170,486,Fixed Deposits,492409.0,2024-09-18,558361.86,65952.85999999999,13.3939184702148,Profit
1171,476,Cryptocurrency,196859.0,2024-09-30,170437.75,-26421.25,-13.421408216032797,Loss
1172,454,Stocks,244267.0,2025-09-15,282220.23,37953.22999999998,15.537600248907948,Profit
1173,498,Mutual Funds,412081.0,2025-01-26,487918.74,75837.73999999999,18.403600263055075,Profit
1174,116,Gold,374727.0,2025-11-03,536489.19,161762.18999999994,43.16801031150676,Profit
1175,61,Fixed Deposits,478240.0,2024-09-19,741294.27,263054.27,55.004656657745066,Profit
1176,167,Gold,315991.0,2025-07-14,334036.31,18045.309999999998,5.710703785867318,Profit
1177,384,Fixed Deposits,291053.0,2024-10-03,277859.46,-13193.539999999979,-4.533036938289583,Loss
1178,467,Fixed Deposits,404378.0,2026-04-02,514695.42,110317.41999999998,27.280767005128858,Profit
1179,271,Mutual Funds,136947.0,2025-05-14,195546.04,58599.04000000001,42.789575529219334,Profit
1180,253,Fixed Deposits,291062.0,2024-07-22,284086.68,-6975.320000000007,-2.396506586225618,Loss
1181,428,Gold,281880.0,2025-04-26,348764.64,66884.64000000001,23.728054491272886,Profit
1182,230,Stocks,46430.0,2026-05-04,52641.71,6211.709999999999,13.37865604135257,Profit
1183,288,Cryptocurrency,420185.0,2026-07-17,539969.78,119784.78000000003,28.50762878256007,Profit
1184,103,Cryptocurrency,458890.0,2025-05-21,690927.49,232037.49,50.56494802676023,Profit
1185,341,Mutual Funds,208752.0,2025-07-24,288527.81,79775.81,38.21559074883115,Profit
1186,427,Fixed Deposits,82777.0,2025-11-24,68864.62,-13912.380000000005,-16.80705993210675,Loss
1187,481,Stocks,292358.0,2026-01-11,302314.47,9956.469999999972,3.405574672148521,Profit
1188,86,Stocks,102265.0,2025-08-08,154586.86,52321.859999999986,51.16301765022244,Profit
1189,363,Mutual Funds,486624.0,2025-06-17,695665.99,209041.99,42.9575997073716,Profit
1190,174,Gold,33672.0,2025-03-18,48171.69,14499.690000000002,43.06156450463294,Profit
1191,297,Stocks,58537.0,2025-06-22,54192.35,-4344.6500000000015,-7.422057843756942,Loss
1192,498,Fixed Deposits,307523.0,2024-11-10,376808.22,69285.21999999997,22.53009368404964,Profit
1193,492,Mutual Funds,267115.0,2026-05-26,398083.63,130968.63,49.03080321209966,Profit
1194,449,Gold,474866.0,2024-11-16,572892.75,98026.75,20.64303403486457,Profit
1195,262,Cryptocurrency,178572.0,2024-12-11,258814.62,80242.62,44.9357234056851,Profit
1196,94,Stocks,134702.0,2025-01-05,172918.11,38216.109999999986,28.370855666582518,Profit
1197,323,Mutual Funds,404035.0,2024-12-22,395623.11,-8411.890000000014,-2.081970621357064,Loss
1198,233,Cryptocurrency,32578.0,2025-03-14,30887.87,-1690.130000000001,-5.1879489225857975,Loss
1199,472,Mutual Funds,457868.0,2025-02-19,667114.3,209246.30000000005,45.7001362838198,Profit
1200,127,Stocks,352767.0,2025-06-24,429047.52,76280.52000000002,21.623485189941242,Profit
1201,367,Fixed Deposits,309224.0,2026-04-19,299195.82,-10028.179999999993,-3.2430147724626788,Loss
1202,148,Cryptocurrency,83209.0,2025-07-25,80434.52,-2774.479999999996,-3.334350851470389,Loss
1203,68,Mutual Funds,88191.0,2025-09-05,87666.81,-524.1900000000023,-0.5943803789502357,Loss
1204,387,Cryptocurrency,472336.0,2026-04-09,657746.35,185410.34999999998,39.25391035195284,Profit
1205,353,Fixed Deposits,496677.0,2026-01-14,574679.85,78002.84999999998,15.70494506490133,Profit
1206,385,Fixed Deposits,287452.0,2025-12-29,390076.18,102624.18,35.70132752598694,Profit
1207,38,Mutual Funds,226977.0,2024-09-18,320974.14,93997.14000000001,41.41262771117779,Profit
1208,181,Gold,61243.0,2025-10-27,51320.13,-9922.870000000003,-16.202455790865898,Loss
1209,307,Fixed Deposits,223611.0,2025-10-06,206399.83,-17211.170000000013,-7.696924569900414,Loss
1210,257,Mutual Funds,289111.0,2026-03-17,407014.12,117903.12,40.78126394360643,Profit
1211,315,Fixed Deposits,413278.0,2024-10-15,380870.48,-32407.52000000002,-7.841578791999579,Loss
1212,352,Fixed Deposits,290613.0,2025-09-25,304248.39,13635.390000000014,4.691940828524537,Profit
1213,231,Gold,318877.0,2024-11-27,489661.12,170784.12,53.55799258021118,Profit
1214,422,Stocks,203163.0,2025-09-06,209770.61,6607.609999999986,3.2523687876237237,Profit
1215,432,Cryptocurrency,411556.0,2025-06-25,387874.21,-23681.78999999998,-5.7542084187814,Loss
1216,289,Gold,146124.0,2024-12-09,207295.57,61171.57000000001,41.86278092578906,Profit
1217,357,Fixed Deposits,396922.0,2025-04-16,395918.72,-1003.2800000000279,-0.2527650268818629,Loss
1218,224,Mutual Funds,270170.0,2024-09-27,287802.02,17632.02000000002,6.526268645667549,Profit
1219,232,Stocks,355785.0,2024-10-25,296452.13,-59332.869999999995,-16.67660806385879,Loss
1220,196,Stocks,286802.0,2025-11-19,264093.76,-22708.23999999999,-7.9177411594061375,Loss
1221,269,Stocks,297324.0,2025-09-30,416805.13,119481.13,40.18549797527277,Profit
1222,316,Fixed Deposits,154107.0,2025-05-12,234914.03,80807.03,52.43566483028026,Profit
1223,213,Stocks,426916.0,2025-04-04,350546.56,-76369.44,-17.888633829605823,Loss
1224,227,Gold,287617.0,2025-01-07,351750.29,64133.28999999998,22.29815692396485,Profit
1225,280,Fixed Deposits,14316.0,2026-03-14,14133.59,-182.40999999999985,-1.2741687622240838,Loss
1226,141,Gold,312278.0,2026-02-05,460550.33,148272.33000000002,47.48087601432058,Profit
1227,190,Stocks,467389.0,2025-02-18,703944.22,236555.21999999997,50.612064040873875,Profit
1228,48,Mutual Funds,10646.0,2024-11-14,13025.78,2379.7800000000007,22.353747886530158,Profit
1229,67,Cryptocurrency,153634.0,2025-04-15,144951.47,-8682.529999999999,-5.651437832771391,Loss
1230,431,Fixed Deposits,474282.0,2025-06-27,705148.32,230866.31999999995,48.67701494047844,Profit
1231,475,Mutual Funds,129196.0,2025-05-26,136620.53,7424.529999999999,5.746718164649059,Profit
1232,465,Cryptocurrency,202721.0,2024-12-25,258505.96,55784.95999999999,27.518096299840668,Profit
1233,216,Mutual Funds,208428.0,2024-08-01,179008.81,-29419.190000000002,-14.114797436045063,Loss
1234,420,Mutual Funds,245034.0,2025-08-17,259635.25,14601.25,5.95886693275219,Profit
1235,348,Mutual Funds,282373.0,2025-10-23,384447.85,102074.84999999998,36.14894129396223,Profit
1236,105,Gold,368913.0,2024-10-19,502602.01,133689.01,36.23862807762264,Profit
1237,112,Cryptocurrency,373162.0,2025-11-17,445970.13,72808.13,19.511131894458707,Profit
1238,65,Gold,24969.0,2024-11-16,29915.89,4946.889999999999,19.81212703752653,Profit
1239,483,Stocks,415444.0,2025-09-30,561145.84,145701.83999999997,35.07135498406523,Profit
1240,496,Stocks,355964.0,2024-07-22,477916.08,121952.08000000002,34.25966670786934,Profit
1241,489,Fixed Deposits,384781.0,2025-11-13,586499.55,201718.55000000005,52.424249118329655,Profit
1242,276,Cryptocurrency,247141.0,2026-02-22,291378.35,44237.34999999998,17.89964028631428,Profit
1243,493,Cryptocurrency,318089.0,2026-01-18,420913.66,102824.65999999997,32.32575159782324,Profit
1244,35,Fixed Deposits,230837.0,2024-11-12,258694.65,27857.649999999994,12.068104333360766,Profit
1245,120,Stocks,389175.0,2024-08-27,562286.52,173111.52000000002,44.481665060705346,Profit
1246,209,Stocks,485015.0,2025-07-29,760674.34,275659.33999999997,56.8352195292929,Profit
1247,215,Gold,42210.0,2026-02-14,51161.24,8951.239999999998,21.20644397062307,Profit
1248,73,Fixed Deposits,298832.0,2025-05-26,425898.77,127066.77000000002,42.52113896771431,Profit
1249,195,Fixed Deposits,143881.0,2026-02-18,139442.62,-4438.380000000005,-3.0847575426915332,Loss
1250,492,Gold,438284.0,2024-10-23,421964.07,-16319.929999999993,-3.7235970284108006,Loss
1251,478,Cryptocurrency,393527.0,2025-03-16,624864.81,231337.81000000006,58.78575294706591,Profit
1252,289,Stocks,488564.0,2025-02-08,687692.16,199128.16000000003,40.75784544092484,Profit
1253,54,Stocks,296469.0,2025-03-29,346479.96,50010.96000000002,16.868866559404193,Profit
1254,180,Mutual Funds,82364.0,2026-06-18,130473.46,48109.46000000001,58.41078626584431,Profit
1255,70,Stocks,118664.0,2025-08-23,110003.19,-8660.809999999998,-7.298599406728239,Loss
1256,279,Stocks,366489.0,2026-03-01,296964.4,-69524.59999999998,-18.970446589119994,Loss
1257,25,Cryptocurrency,259127.0,2025-11-06,249017.64,-10109.359999999986,-3.9013147993068977,Loss
1258,202,Gold,136371.0,2024-10-08,133434.75,-2936.25,-2.1531337307785376,Loss
1259,165,Cryptocurrency,426006.0,2026-07-13,396293.26,-29712.73999999999,-6.974723360703838,Loss
1260,359,Gold,183962.0,2024-09-18,231840.21,47878.20999999999,26.02614126830541,Profit
1261,94,Fixed Deposits,32948.0,2026-05-06,40439.77,7491.769999999997,22.73816316620128,Profit
1262,61,Cryptocurrency,261112.0,2025-07-14,371486.2,110374.20000000001,42.270826312080644,Profit
1263,15,Gold,487816.0,2026-01-27,617610.24,129794.23999999999,26.607212555553733,Profit
1264,72,Mutual Funds,345213.0,2025-07-07,397093.92,51880.919999999984,15.02866925637215,Profit
1265,27,Fixed Deposits,163332.0,2026-05-08,181687.57,18355.570000000007,11.238195822006714,Profit
1266,75,Stocks,179190.0,2025-08-08,243966.76,64776.76000000001,36.14976282158603,Profit
1267,298,Cryptocurrency,340746.0,2026-04-13,360555.25,19809.25,5.81349450910649,Profit
1268,484,Stocks,352733.0,2024-10-05,509848.11,157115.11,44.54222031961852,Profit
1269,437,Fixed Deposits,63109.0,2024-11-08,53592.95,-9516.050000000003,-15.078752634331083,Loss
1270,359,Fixed Deposits,19769.0,2025-01-20,29982.19,10213.189999999999,51.66265364965349,Profit
1271,65,Stocks,189143.0,2025-10-05,265043.66,75900.65999999997,40.128717425439994,Profit
1272,70,Mutual Funds,450483.0,2025-02-22,707162.61,256679.61,56.978756135081674,Profit
1273,376,Mutual Funds,332007.0,2025-07-01,499923.78,167916.78000000003,50.576277006207704,Profit
1274,88,Gold,259874.0,2026-07-02,266517.48,6643.479999999981,2.556423497541109,Profit
1275,49,Mutual Funds,101207.0,2025-03-26,81598.99,-19608.009999999995,-19.37416384242196,Loss
1276,363,Stocks,433873.0,2025-07-02,500202.0,66329.0,15.287653299467815,Profit
1277,493,Stocks,186951.0,2024-11-10,264097.11,77146.10999999999,41.26541714138998,Profit
1278,499,Mutual Funds,173091.0,2025-01-24,274522.56,101431.56,58.60013518900463,Profit
1279,46,Mutual Funds,216335.0,2025-10-18,277401.35,61066.34999999998,28.22767929368802,Profit
1280,362,Fixed Deposits,173710.0,2025-10-26,247148.16,73438.16,42.27629957975937,Profit
1281,260,Stocks,313803.0,2026-06-05,482287.56,168484.56,53.691188420760795,Profit
1282,310,Cryptocurrency,246642.0,2025-01-08,347365.31,100723.31,40.837858110135336,Profit
1283,12,Stocks,290483.0,2026-06-24,330665.78,40182.78000000003,13.8330917816189,Profit
1284,350,Gold,370579.0,2025-11-07,435943.75,65364.75,17.63854670664015,Profit
1285,7,Stocks,80004.0,2025-12-03,110861.86,30857.86,38.570396480175994,Profit
1286,183,Gold,177889.0,2025-12-31,184827.29,6938.290000000008,3.9003479698013974,Profit
1287,18,Gold,168249.0,2025-07-11,260764.26,92515.26000000001,54.98710839291765,Profit
1288,340,Fixed Deposits,407969.0,2024-12-18,446172.77,38203.77000000002,9.364380626959406,Profit
1289,147,Mutual Funds,91811.0,2024-09-18,85446.62,-6364.380000000005,-6.932045179771492,Loss
1290,410,Stocks,299272.0,2026-03-16,455259.83,155987.83000000002,52.12242708973777,Profit
1291,157,Mutual Funds,277219.0,2025-02-12,384619.3,107400.29999999999,38.742041490662615,Profit
1292,268,Mutual Funds,237387.0,2026-06-11,232547.15,-4839.850000000006,-2.0388016192967626,Loss
1293,273,Fixed Deposits,244319.0,2025-09-19,333508.98,89189.97999999998,36.5055439814341,Profit
1294,461,Fixed Deposits,359698.0,2025-04-08,366575.12,6877.119999999995,1.911914995357215,Profit
1295,481,Cryptocurrency,173733.0,2025-01-02,173324.85,-408.1499999999942,-0.2349294607242114,Loss
1296,330,Gold,88330.0,2025-03-26,85184.01,-3145.9900000000052,-3.561632514434513,Loss
1297,497,Gold,326695.0,2025-01-12,275701.29,-50993.71000000002,-15.608965548906479,Loss
1298,49,Gold,195109.0,2026-01-03,284129.55,89020.54999999999,45.62606030475273,Profit
1299,70,Gold,369891.0,2025-06-22,533143.59,163252.58999999997,44.13532364939941,Profit
1300,322,Stocks,264329.0,2025-04-12,369952.1,105623.09999999998,39.95895266883315,Profit
1301,230,Mutual Funds,205368.0,2026-05-31,167422.99,-37945.01000000001,-18.476593237505362,Loss
1302,272,Gold,145718.0,2024-07-23,150109.0,4391.0,3.013354561550392,Profit
1303,342,Stocks,333570.0,2024-08-10,474111.28,140541.28000000003,42.132469946338105,Profit
1304,67,Gold,366280.0,2025-06-11,409352.77,43072.77000000002,11.759520039314191,Profit
1305,62,Stocks,300933.0,2026-05-07,294791.8,-6141.200000000012,-2.0407200273815143,Loss
1306,183,Gold,361620.0,2025-03-18,536163.35,174543.34999999998,48.2670621093966,Profit
1307,348,Cryptocurrency,76152.0,2024-09-23,89451.56,13299.559999999998,17.464492068494586,Profit
1308,386,Stocks,99521.0,2026-02-21,152001.45,52480.45000000001,52.733041267672164,Profit
1309,299,Mutual Funds,164633.0,2026-03-21,170015.05,5382.049999999988,3.2691197997971178,Profit
1310,319,Mutual Funds,261316.0,2025-07-08,211540.53,-49775.47,-19.047999357100217,Loss
1311,147,Gold,104490.0,2024-11-27,165613.71,61123.70999999999,58.497186333620434,Profit
1312,296,Cryptocurrency,101422.0,2025-12-04,121695.02,20273.020000000004,19.98877955473172,Profit
1313,157,Mutual Funds,89372.0,2024-12-31,103225.7,13853.699999999997,15.501163675424067,Profit
1314,438,Fixed Deposits,22591.0,2025-01-21,28767.56,6176.560000000001,27.34079943340269,Profit
1315,462,Mutual Funds,474175.0,2025-06-06,753791.54,279616.54000000004,58.96905994622239,Profit
1316,355,Cryptocurrency,165505.0,2025-03-01,242119.29,76614.29000000001,46.291223830095774,Profit
1317,298,Gold,321615.0,2025-10-27,273291.46,-48323.53999999998,-15.025275562396025,Loss
1318,481,Stocks,216928.0,2026-02-05,217958.98,1030.9800000000105,0.4752636819589959,Profit
1319,7,Stocks,144365.0,2024-10-19,167610.03,23245.03,16.10156893983999,Profit
1320,292,Stocks,201517.0,2026-06-28,297571.07,96054.07,47.66549224134937,Profit
1321,299,Fixed Deposits,92931.0,2024-11-29,83121.21,-9809.789999999994,-10.555993156212667,Loss
1322,13,Fixed Deposits,379790.0,2026-06-01,585386.76,205596.76,54.13432686484636,Profit
1323,146,Cryptocurrency,360097.0,2025-03-25,485214.45,125117.45000000001,34.74548524425363,Profit
1324,100,Stocks,272575.0,2024-08-21,219949.13,-52625.869999999995,-19.30693203705402,Loss
1325,202,Mutual Funds,330912.0,2025-10-29,321444.41,-9467.590000000026,-2.8610597379363774,Loss
1326,260,Cryptocurrency,174657.0,2024-10-27,228460.64,53803.640000000014,30.80531556135741,Profit
1327,314,Gold,238866.0,2025-06-12,280691.67,41825.669999999984,17.510097711687717,Profit
1328,500,Stocks,28128.0,2026-02-22,25047.87,-3080.130000000001,-10.950405290102392,Loss
1329,297,Fixed Deposits,34865.0,2025-04-06,33667.16,-1197.8399999999965,-3.4356517997992158,Loss
1330,439,Fixed Deposits,14968.0,2025-03-17,21328.21,6360.209999999999,42.492049706039545,Profit
1331,246,Fixed Deposits,110115.0,2025-02-26,135768.96,25653.959999999992,23.297425418880255,Profit
1332,86,Cryptocurrency,258187.0,2025-05-13,261408.44,3221.4400000000023,1.2477158028870556,Profit
1333,395,Mutual Funds,374029.0,2026-04-03,538639.19,164610.18999999994,44.01000724542748,Profit
1334,361,Fixed Deposits,58240.0,2025-03-06,76023.75,17783.75,30.535285027472526,Profit
1335,381,Fixed Deposits,247631.0,2025-05-03,222346.05,-25284.95000000001,-10.210736943274473,Loss
1336,170,Mutual Funds,72688.0,2025-03-01,62917.05,-9770.949999999997,-13.44231510015408,Loss
1337,221,Fixed Deposits,224115.0,2025-01-20,202929.18,-21185.820000000007,-9.453102201994515,Loss
1338,129,Fixed Deposits,196984.0,2024-10-18,269736.12,72752.12,36.93300978759696,Profit
1339,222,Cryptocurrency,171808.0,2025-01-13,153042.68,-18765.320000000007,-10.922262059973928,Loss
1340,68,Gold,328944.0,2024-10-29,357588.83,28644.830000000016,8.708117491123115,Profit
1341,57,Gold,310425.0,2024-08-15,270981.52,-39443.47999999998,-12.706283321253114,Loss
1342,247,Stocks,27801.0,2024-12-18,22392.25,-5408.75,-19.455235423186217,Loss
1343,412,Fixed Deposits,119163.0,2026-02-28,165114.59,45951.59,38.56196134706242,Profit
1344,212,Mutual Funds,148103.0,2025-08-04,206454.58,58351.57999999999,39.3993234438195,Profit
1345,23,Fixed Deposits,153374.0,2024-08-29,238271.85,84897.85,55.35348233729316,Profit
1346,22,Gold,464422.0,2024-09-30,619158.95,154736.94999999995,33.31817829474055,Profit
1347,456,Stocks,156349.0,2025-02-18,218035.55,61686.54999999999,39.45439369615411,Profit
1348,46,Stocks,425962.0,2025-01-03,647531.28,221569.28000000003,52.01620801855565,Profit
1349,322,Stocks,107063.0,2024-11-08,162959.33,55896.32999999999,52.208820974566365,Profit
1350,20,Fixed Deposits,95799.0,2024-08-26,95688.4,-110.60000000000582,-0.11545005688995275,Loss
1351,164,Fixed Deposits,182085.0,2025-01-31,220451.16,38366.16,21.070467089546092,Profit
1352,190,Mutual Funds,100250.0,2025-09-28,87557.93,-12692.070000000007,-12.66041895261846,Loss
1353,399,Fixed Deposits,281080.0,2025-01-03,448043.21,166963.21000000002,59.40060125231251,Profit
1354,158,Stocks,373760.0,2025-07-31,372123.18,-1636.820000000007,-0.43793343321917994,Loss
1355,497,Gold,81205.0,2025-09-03,112822.15,31617.149999999994,38.9349793731913,Profit
1356,359,Stocks,370129.0,2025-09-27,548497.85,178368.84999999998,48.19099557181414,Profit
1357,162,Stocks,149691.0,2026-03-31,166018.16,16327.160000000003,10.907242252373225,Profit
1358,370,Mutual Funds,350408.0,2025-08-18,347035.65,-3372.3499999999767,-0.9624066802127738,Loss
1359,378,Cryptocurrency,307016.0,2024-09-15,452984.69,145968.69,47.54432668004274,Profit
1360,251,Cryptocurrency,175148.0,2025-11-07,198595.36,23447.359999999986,13.387169707904164,Profit
1361,233,Stocks,365299.0,2024-07-31,400098.52,34799.52000000002,9.526311323053175,Profit
1362,149,Cryptocurrency,293359.0,2024-11-07,365931.36,72572.35999999999,24.73841266161938,Profit
1363,391,Stocks,392721.0,2026-02-03,523588.91,130867.90999999997,33.32337970212949,Profit
1364,70,Stocks,111217.0,2025-06-27,116281.34,5064.3399999999965,4.55356645117203,Profit
1365,108,Cryptocurrency,61024.0,2026-04-22,49664.48,-11359.519999999997,-18.614840062926056,Loss
1366,289,Stocks,437772.0,2025-10-04,661084.89,223312.89,51.01123187412626,Profit
1367,68,Mutual Funds,265420.0,2025-08-14,346931.64,81511.64000000001,30.710436289654137,Profit
1368,346,Cryptocurrency,250267.0,2025-02-19,330930.09,80663.09000000003,32.23081349119142,Profit
1369,477,Gold,110304.0,2025-08-02,150138.46,39834.45999999999,36.11334131128517,Profit
1370,409,Cryptocurrency,152907.0,2024-09-25,163035.5,10128.5,6.623960969739777,Profit
1371,312,Fixed Deposits,152079.0,2025-03-26,217099.54,65020.54000000001,42.75444998980794,Profit
1372,284,Gold,376608.0,2025-12-25,314555.56,-62052.44,-16.476665392131874,Loss
1373,285,Gold,378408.0,2025-01-16,303643.87,-74764.13,-19.757544766495425,Loss
1374,101,Cryptocurrency,330804.0,2025-08-22,267742.45,-63061.54999999999,-19.06311592362849,Loss
1375,80,Mutual Funds,218633.0,2024-08-31,297474.28,78841.28000000003,36.061015491714436,Profit
1376,27,Cryptocurrency,126709.0,2025-01-16,146308.89,19599.890000000014,15.468427657072517,Profit
1377,367,Stocks,364765.0,2025-02-13,436195.42,71430.41999999998,19.582586048551804,Profit
1378,192,Mutual Funds,392202.0,2026-03-27,326292.76,-65909.23999999999,-16.804921953483152,Loss
1379,460,Fixed Deposits,482418.0,2025-10-30,459770.27,-22647.72999999998,-4.694627895310702,Loss
1380,184,Gold,270319.0,2024-12-06,280527.54,10208.539999999979,3.776478900854168,Profit
1381,447,Cryptocurrency,388394.0,2025-04-11,378262.79,-10131.210000000021,-2.6084877727256397,Loss
1382,245,Stocks,200347.0,2024-09-12,222162.41,21815.410000000003,10.888812909601842,Profit
1383,313,Mutual Funds,333675.0,2026-02-07,323604.69,-10070.309999999998,-3.017999550460777,Loss
1384,69,Gold,51008.0,2024-12-18,60868.32,9860.32,19.330928481806776,Profit
1385,183,Gold,39319.0,2024-11-22,60916.6,21597.6,54.92916910399552,Profit
1386,219,Mutual Funds,74640.0,2026-03-19,61650.92,-12989.080000000002,-17.402304394426583,Loss
1387,243,Cryptocurrency,31198.0,2025-04-20,26289.05,-4908.950000000001,-15.734822745047762,Loss
1388,38,Mutual Funds,11536.0,2026-06-04,17272.88,5736.880000000001,49.73023578363385,Profit
1389,383,Mutual Funds,323784.0,2025-11-04,360846.13,37062.130000000005,11.446560052380601,Profit
1390,165,Gold,356546.0,2026-07-14,347689.5,-8856.5,-2.4839712126906486,Loss
1391,11,Gold,158417.0,2024-11-10,245985.82,87568.82,55.277413408914455,Profit
1392,479,Mutual Funds,353869.0,2026-01-28,485838.84,131969.84000000003,37.293416490283136,Profit
1393,339,Fixed Deposits,490166.0,2026-05-15,516114.06,25948.059999999998,5.293729063215318,Profit
1394,409,Mutual Funds,120975.0,2025-11-19,179899.77,58924.76999999999,48.70822070675759,Profit
1395,456,Gold,138040.0,2024-07-30,208973.18,70933.18,51.38596059113299,Profit
1396,35,Cryptocurrency,338373.0,2024-07-19,480169.12,141796.12,41.90527021955061,Profit
1397,390,Gold,467127.0,2026-02-28,540031.82,72904.81999999995,15.607066172582606,Profit
1398,468,Cryptocurrency,437888.0,2025-04-17,560698.27,122810.27000000002,28.046046020900327,Profit
1399,483,Stocks,35178.0,2025-09-14,32005.37,-3172.630000000001,-9.018790152936496,Loss
1400,378,Stocks,357139.0,2026-07-13,312063.61,-45075.390000000014,-12.621245509451507,Loss
1401,56,Gold,260754.0,2025-04-20,293466.8,32712.79999999999,12.54546430735482,Profit
1402,213,Fixed Deposits,195558.0,2024-10-02,204475.01,8917.01000000001,4.55977766187014,Profit
1403,368,Cryptocurrency,36029.0,2024-09-06,32985.07,-3043.9300000000003,-8.448555330428267,Loss
1404,37,Cryptocurrency,179427.0,2024-11-02,200265.89,20838.890000000014,11.614132767086344,Profit
1405,394,Cryptocurrency,479636.0,2025-05-05,489506.13,9870.130000000005,2.0578376101877267,Profit
1406,406,Mutual Funds,95514.0,2026-03-03,85518.47,-9995.529999999999,-10.464989425633938,Loss
1407,228,Gold,377507.0,2025-09-09,494395.3,116888.29999999999,30.96321392715896,Profit
1408,409,Fixed Deposits,193959.0,2026-04-29,209377.31,15418.309999999998,7.949262472996869,Profit
1409,448,Gold,212412.0,2025-11-27,298364.43,85952.43,40.46495960680187,Profit
1410,393,Cryptocurrency,368780.0,2026-06-04,540687.35,171907.34999999998,46.61514995390205,Profit
1411,474,Gold,337750.0,2026-05-01,327801.24,-9948.76000000001,-2.9455988156920827,Loss
1412,282,Stocks,103720.0,2025-06-24,155811.7,52091.70000000001,50.22338989587352,Profit
1413,86,Gold,334775.0,2024-10-22,358177.42,23402.419999999984,6.990492121574186,Profit
1414,129,Gold,383931.0,2024-08-24,332921.2,-51009.79999999999,-13.28618944549932,Loss
1415,261,Gold,493171.0,2026-05-28,575400.5,82229.5,16.67362841691827,Profit
1416,16,Gold,469343.0,2026-03-01,479601.8,10258.799999999988,2.1857788440436927,Profit
1417,466,Fixed Deposits,70195.0,2025-06-05,58088.74,-12106.260000000002,-17.246613006624408,Loss
1418,293,Cryptocurrency,258389.0,2025-05-08,400882.37,142493.37,55.1468406162801,Profit
1419,326,Stocks,465292.0,2025-09-15,557478.77,92186.77000000002,19.812670323151917,Profit
1420,432,Gold,50335.0,2025-05-18,75553.81,25218.809999999998,50.101937021952914,Profit
1421,81,Gold,138541.0,2026-01-17,179230.94,40689.94,29.370323586519515,Profit
1422,366,Cryptocurrency,114924.0,2026-01-16,95697.58,-19226.42,-16.729682224774635,Loss
1423,404,Mutual Funds,249595.0,2026-06-20,263166.54,13571.539999999979,5.437424627897185,Profit
1424,145,Gold,238343.0,2025-10-14,251717.25,13374.25,5.611345833525633,Profit
1425,321,Gold,217846.0,2025-12-05,267000.65,49154.65000000002,22.563944254197928,Profit
1426,454,Cryptocurrency,259032.0,2025-08-30,396472.71,137440.71000000002,53.059355600852406,Profit
1427,167,Stocks,479346.0,2024-08-27,580215.03,100869.03000000003,21.043052408907144,Profit
1428,347,Gold,282558.0,2025-08-09,438190.24,155632.24,55.079749998230454,Profit
1429,400,Fixed Deposits,484173.0,2025-07-02,606933.97,122760.96999999997,25.354774016725422,Profit
1430,483,Stocks,207518.0,2025-08-12,210648.57,3130.570000000007,1.5085775691747256,Profit
1431,292,Fixed Deposits,399959.0,2025-01-27,397197.28,-2761.719999999972,-0.6905007763295669,Loss
1432,149,Cryptocurrency,200066.0,2025-05-13,162310.68,-37755.32000000001,-18.871432427298995,Loss
1433,307,Fixed Deposits,474016.0,2026-06-03,518983.61,44967.609999999986,9.48651733274826,Profit
1434,488,Stocks,223555.0,2025-04-22,194835.21,-28719.790000000008,-12.84685647827157,Loss
1435,302,Stocks,384505.0,2026-04-06,446305.57,61800.57000000001,16.07276108243066,Profit
1436,142,Mutual Funds,448203.0,2025-03-21,665760.67,217557.67000000004,48.539985229906996,Profit
1437,289,Fixed Deposits,360137.0,2024-09-29,344368.86,-15768.140000000014,-4.378372674843189,Loss
1438,199,Stocks,475523.0,2024-10-01,630753.33,155230.32999999996,32.644126572216265,Profit
1439,50,Stocks,60068.0,2026-03-20,87247.99,27179.990000000005,45.248701471665456,Profit
1440,188,Stocks,103139.0,2024-11-30,131328.43,28189.429999999993,27.33149439106448,Profit
1441,10,Cryptocurrency,450942.0,2024-10-31,650414.08,199472.07999999996,44.23453127009681,Profit
1442,262,Gold,449053.0,2026-05-03,651783.21,202730.20999999996,45.1461653746885,Profit
1443,99,Mutual Funds,40224.0,2024-09-23,47145.68,6921.68,17.20783611774065,Profit
1444,402,Mutual Funds,473402.0,2024-10-07,632174.58,158772.57999999996,33.5386373526094,Profit
1445,5,Mutual Funds,239009.0,2025-11-03,219909.34,-19099.660000000003,-7.991188616328257,Loss
1446,470,Stocks,458400.0,2025-03-21,602991.41,144591.41000000003,31.54262870855149,Profit
1447,40,Cryptocurrency,261987.0,2025-05-07,397063.28,135076.28000000003,51.55839030180888,Profit
1448,212,Mutual Funds,39232.0,2026-02-15,35407.36,-3824.6399999999994,-9.748776508972266,Loss
1449,371,Mutual Funds,456209.0,2025-09-03,427427.17,-28781.830000000016,-6.308913239326716,Loss
1450,113,Gold,249752.0,2026-03-13,251993.65,2241.649999999994,0.8975503699670049,Profit
1451,158,Fixed Deposits,112430.0,2025-08-07,145309.56,32879.56,29.244472115983278,Profit
1452,105,Fixed Deposits,453378.0,2025-01-16,682390.59,229012.58999999997,50.512506120720445,Profit
1453,274,Gold,454779.0,2024-09-29,398450.35,-56328.65000000002,-12.38593910448812,Loss
1454,238,Mutual Funds,129344.0,2025-11-03,161976.36,32632.359999999986,25.229125432953975,Profit
1455,278,Fixed Deposits,299800.0,2024-12-20,359301.65,59501.65000000002,19.847114743162116,Profit
1456,224,Mutual Funds,277358.0,2025-09-30,357697.64,80339.64000000001,28.966043885519806,Profit
1457,279,Cryptocurrency,266789.0,2026-03-04,271249.63,4460.630000000005,1.6719692341138521,Profit
1458,187,Fixed Deposits,430986.0,2025-09-03,500543.75,69557.75,16.13921333871634,Profit
1459,292,Stocks,279544.0,2025-05-08,438991.19,159447.19,57.03831597172538,Profit
1460,7,Fixed Deposits,18086.0,2024-12-25,17479.6,-606.4000000000015,-3.3528696229127584,Loss
1461,342,Fixed Deposits,196162.0,2025-01-13,263216.5,67054.5,34.18322610903233,Profit
1462,401,Mutual Funds,46155.0,2026-06-20,39447.73,-6707.269999999997,-14.532055031957528,Loss
1463,220,Stocks,300596.0,2025-04-08,400797.64,100201.64000000001,33.33432247934105,Profit
1464,27,Cryptocurrency,237325.0,2026-05-27,365398.89,128073.89000000001,53.96561255662068,Profit
1465,455,Stocks,185732.0,2025-03-03,276493.26,90761.26000000001,48.86678655266729,Profit
1466,175,Stocks,418460.0,2024-09-20,440272.73,21812.72999999998,5.212620083162066,Profit
1467,77,Stocks,441475.0,2025-09-16,550436.59,108961.58999999997,24.681259414462872,Profit
1468,391,Fixed Deposits,205391.0,2024-11-06,295549.19,90158.19,43.895881513795636,Profit
1469,276,Mutual Funds,253449.0,2025-07-04,250858.7,-2590.2999999999884,-1.0220202091939556,Loss
1470,404,Mutual Funds,53355.0,2024-09-17,61121.22,7766.220000000001,14.555749226876582,Profit
1471,372,Cryptocurrency,71971.0,2024-08-30,68896.62,-3074.3800000000047,-4.2716927651415215,Loss
1472,416,Fixed Deposits,65219.0,2025-05-18,68654.09,3435.0899999999965,5.267008080467344,Profit
1473,324,Stocks,360346.0,2024-09-26,295080.7,-65265.29999999999,-18.111842506923896,Loss
1474,464,Fixed Deposits,342632.0,2025-04-28,452125.76,109493.76000000001,31.956664876602304,Profit
1475,392,Gold,341773.0,2025-08-18,419484.08,77711.08000000002,22.737629947362727,Profit
1476,275,Fixed Deposits,87546.0,2025-02-07,126741.17,39195.17,44.770943275535146,Profit
1477,362,Stocks,230654.0,2025-07-27,284798.79,54144.78999999998,23.47446391564854,Profit
1478,124,Cryptocurrency,279157.0,2025-07-11,311223.29,32066.28999999998,11.48682999172508,Profit
1479,218,Fixed Deposits,438526.0,2025-01-25,597897.9,159371.90000000002,36.34263418816673,Profit
1480,430,Gold,139338.0,2025-08-28,165647.67,26309.670000000013,18.881905869181423,Profit
1481,362,Stocks,491876.0,2025-08-03,530771.83,38895.82999999996,7.907649488895567,Profit
1482,185,Mutual Funds,452625.0,2024-12-31,589178.07,136553.06999999995,30.169140016569994,Profit
1483,35,Gold,66552.0,2025-12-20,92324.45,25772.449999999997,38.7252824858757,Profit
1484,408,Gold,155044.0,2024-11-21,130538.32,-24505.679999999993,-15.805629369727297,Loss
1485,251,Fixed Deposits,376800.0,2025-11-28,452400.24,75600.23999999999,20.063757961783438,Profit
1486,18,Cryptocurrency,52936.0,2024-09-05,71309.73,18373.729999999996,34.70932824542843,Profit
1487,260,Fixed Deposits,134798.0,2025-06-20,212909.89,78111.89000000001,57.94736568791823,Profit
1488,464,Stocks,227605.0,2025-02-23,218630.55,-8974.450000000012,-3.94299334373147,Loss
1489,30,Stocks,337894.0,2024-11-20,300616.71,-37277.28999999998,-11.03224383978407,Loss
1490,68,Fixed Deposits,327881.0,2024-10-15,405758.89,77877.89000000001,23.751876442977792,Profit
1491,354,Cryptocurrency,483734.0,2024-09-09,683038.39,199304.39,41.20123663004875,Profit
1492,442,Gold,114969.0,2026-01-06,138198.47,23229.47,20.20498569179518,Profit
1493,3,Gold,325275.0,2025-01-19,329161.98,3886.9799999999814,1.1949827069402756,Profit
1494,450,Stocks,63234.0,2026-03-12,53509.77,-9724.230000000003,-15.378166808995166,Loss
1495,63,Cryptocurrency,256404.0,2026-04-25,356466.3,100062.29999999999,39.02524921608087,Profit
1496,347,Fixed Deposits,76458.0,2025-04-06,82912.34,6454.3399999999965,8.44168039969656,Profit
1497,257,Cryptocurrency,452983.0,2025-07-31,440689.4,-12293.599999999977,-2.7139208314660763,Loss
1498,16,Gold,18099.0,2026-01-10,24148.66,6049.66,33.42538261782419,Profit
1499,345,Fixed Deposits,391759.0,2024-08-09,387998.76,-3760.2399999999907,-0.9598350005998562,Loss
1500,119,Fixed Deposits,17647.0,2024-09-17,24832.93,7185.93,40.720405734685784,Profit
1501,107,Stocks,22275.0,2026-07-17,22272.41,-2.5900000000001455,-0.011627384960718946,Loss
1502,189,Cryptocurrency,31544.0,2024-09-24,35218.17,3674.1699999999983,11.647761856454471,Profit
1503,410,Cryptocurrency,36289.0,2026-05-06,56955.39,20666.39,56.94946126925514,Profit
1504,471,Fixed Deposits,51034.0,2025-03-12,65818.45,14784.449999999997,28.969804444096088,Profit
1505,187,Fixed Deposits,357722.0,2025-02-22,511619.81,153897.81,43.02162293624659,Profit
1506,327,Mutual Funds,339850.0,2024-11-12,376331.96,36481.96000000002,10.734724143004273,Profit
1507,406,Stocks,482071.0,2025-09-26,456817.31,-25253.690000000002,-5.238583113275846,Loss
1508,88,Stocks,52724.0,2025-11-01,73300.73,20576.729999999996,39.0272551399742,Profit
1509,25,Mutual Funds,476014.0,2025-02-10,596688.62,120674.62,25.351065304801956,Profit
1510,42,Gold,392579.0,2024-11-29,612378.26,219799.26,55.98854243349747,Profit
1511,125,Mutual Funds,417834.0,2026-02-17,421653.92,3819.9199999999837,0.9142195225855205,Profit
1512,87,Cryptocurrency,172062.0,2024-11-20,234277.52,62215.51999999999,36.15877997466029,Profit
1513,173,Fixed Deposits,428882.0,2025-06-30,642491.59,213609.58999999997,49.80614481372498,Profit
1514,249,Mutual Funds,277200.0,2025-07-23,357224.22,80024.21999999997,28.868766233766223,Profit
1515,423,Gold,433787.0,2025-09-03,364057.63,-69729.37,-16.074564244663854,Loss
1516,359,Stocks,354191.0,2025-01-04,300190.94,-54000.06,-15.246028272881015,Loss
1517,195,Cryptocurrency,323490.0,2025-06-17,303404.91,-20085.090000000026,-6.208875081146257,Loss
1518,140,Fixed Deposits,450663.0,2026-07-10,408136.31,-42526.69,-9.436472486092713,Loss
1519,480,Fixed Deposits,433498.0,2025-03-20,372143.87,-61354.130000000005,-14.153267143101006,Loss
1520,437,Cryptocurrency,435482.0,2025-06-23,516317.62,80835.62,18.56233323076499,Profit
1521,28,Fixed Deposits,211801.0,2026-03-09,317575.48,105774.47999999998,49.94050075306537,Profit
1522,77,Stocks,10027.0,2025-11-29,13593.42,3566.42,35.56816595192979,Profit
1523,227,Fixed Deposits,368224.0,2025-11-17,576460.04,208236.04000000004,56.551457808290614,Profit
1524,95,Stocks,212824.0,2026-03-04,289805.65,76981.65000000002,36.171507912641445,Profit
1525,155,Gold,166466.0,2026-07-11,152483.75,-13982.25,-8.39946295339589,Loss
1526,340,Mutual Funds,99194.0,2026-01-23,115066.55,15872.550000000003,16.00152226949211,Profit
1527,412,Fixed Deposits,51967.0,2025-04-23,72403.41,20436.410000000003,39.32574518444398,Profit
1528,19,Cryptocurrency,348985.0,2025-08-29,336998.81,-11986.190000000002,-3.4345860137255193,Loss
1529,89,Fixed Deposits,238606.0,2024-09-10,298621.21,60015.21000000002,25.152431204579944,Profit
1530,159,Stocks,280750.0,2024-12-11,442256.79,161506.78999999998,57.52690650044523,Profit
1531,348,Gold,212496.0,2026-01-07,199459.75,-13036.25,-6.134821361343272,Loss
1532,239,Mutual Funds,28138.0,2025-04-19,27303.12,-834.880000000001,-2.9670907669343984,Loss
1533,128,Gold,321815.0,2026-04-25,493513.44,171698.44,53.353150101766545,Profit
1534,413,Fixed Deposits,99388.0,2026-05-10,137842.75,38454.75,38.691542238499615,Profit
1535,89,Stocks,460119.0,2025-01-18,489999.18,29880.179999999993,6.494011331851107,Profit
1536,23,Cryptocurrency,156790.0,2026-06-17,224547.99,67757.98999999999,43.21575993366923,Profit
1537,392,Mutual Funds,80186.0,2025-06-03,78534.47,-1651.5299999999988,-2.059623874491805,Loss
1538,369,Stocks,309241.0,2024-08-22,300515.44,-8725.559999999998,-2.8216051558493205,Loss
1539,212,Stocks,76341.0,2026-06-08,64549.52,-11791.480000000003,-15.44580238665986,Loss
1540,62,Cryptocurrency,98817.0,2024-10-09,122046.37,23229.369999999995,23.507463290729326,Profit
1541,157,Mutual Funds,61118.0,2026-02-02,66700.0,5582.0,9.133152262835825,Profit
1542,381,Cryptocurrency,169907.0,2024-08-06,247595.27,77688.26999999999,45.72399606843744,Profit
1543,16,Gold,372659.0,2024-10-14,387466.78,14807.780000000028,3.9735468618764145,Profit
1544,369,Mutual Funds,135613.0,2024-07-22,156691.33,21078.329999999987,15.54300103972332,Profit
1545,255,Mutual Funds,304120.0,2024-12-31,480103.82,175983.82,57.866572405629356,Profit
1546,42,Cryptocurrency,18234.0,2025-04-23,25145.48,6911.48,37.9043545025776,Profit
1547,138,Mutual Funds,409302.0,2024-11-09,549483.31,140181.31000000006,34.248870027510264,Profit
1548,212,Gold,427800.0,2025-02-07,466954.26,39154.26000000001,9.152468443197758,Profit
1549,48,Fixed Deposits,409438.0,2026-06-23,518045.11,108607.10999999999,26.52589891509825,Profit
1550,204,Gold,156114.0,2025-04-10,152189.66,-3924.3399999999965,-2.5137655815621893,Loss
1551,231,Stocks,337096.0,2026-07-07,289453.72,-47642.28000000003,-14.133149013930757,Loss
1552,419,Fixed Deposits,280474.0,2026-03-24,339251.76,58777.76000000001,20.956580645621344,Profit
1553,99,Fixed Deposits,189145.0,2025-03-15,220895.94,31750.940000000002,16.78656057522007,Profit
1554,404,Mutual Funds,359832.0,2026-03-20,457391.74,97559.73999999999,27.112580315258228,Profit
1555,37,Mutual Funds,266500.0,2024-08-06,278065.16,11565.159999999974,4.339647279549709,Profit
1556,175,Stocks,94768.0,2025-01-18,82830.77,-11937.229999999996,-12.59626667229444,Loss
1557,261,Fixed Deposits,20147.0,2025-01-20,30611.93,10464.93,51.9428699061895,Profit
1558,220,Stocks,225149.0,2025-12-05,232136.3,6987.299999999988,3.103411518594348,Profit
1559,438,Stocks,493167.0,2024-12-31,454122.63,-39044.369999999995,-7.91706866031182,Loss
1560,414,Fixed Deposits,273566.0,2024-11-01,233175.33,-40390.67000000001,-14.764506554177059,Loss
1561,365,Mutual Funds,41545.0,2025-06-25,39890.61,-1654.3899999999994,-3.982163918642435,Loss
1562,422,Fixed Deposits,324949.0,2024-08-09,293450.55,-31498.45000000001,-9.693351879833454,Loss
1563,425,Cryptocurrency,318519.0,2025-09-13,401693.47,83174.46999999997,26.11287552704861,Profit
1564,15,Gold,163526.0,2025-03-25,143840.2,-19685.79999999999,-12.038330296099696,Loss
1565,21,Gold,102707.0,2025-07-06,136090.04,33383.04000000001,32.503178945933584,Profit
1566,371,Fixed Deposits,87608.0,2026-04-11,86483.01,-1124.9900000000052,-1.2841178887772866,Loss
1567,57,Cryptocurrency,48797.0,2025-10-23,39211.21,-9585.79,-19.644219931553174,Loss
1568,162,Mutual Funds,486290.0,2024-12-15,754804.29,268514.29000000004,55.21690555018611,Profit
1569,311,Cryptocurrency,134934.0,2025-10-12,165510.23,30576.23000000001,22.660137548727533,Profit
1570,325,Mutual Funds,274399.0,2026-01-18,228041.47,-46357.53,-16.89420515380887,Loss
1571,171,Cryptocurrency,189167.0,2025-01-10,236428.77,47261.76999999999,24.984151569776962,Profit
1572,258,Stocks,326377.0,2025-08-15,444634.13,118257.13,36.23329156159901,Profit
1573,175,Cryptocurrency,345333.0,2025-10-15,432874.92,87541.91999999998,25.350001303090057,Profit
1574,165,Mutual Funds,316741.0,2025-04-06,310417.04,-6323.960000000021,-1.9965713311506945,Loss
1575,26,Mutual Funds,321011.0,2025-05-04,351962.33,30951.330000000016,9.64182847316759,Profit
1576,134,Gold,206704.0,2025-03-21,174145.13,-32558.869999999995,-15.751446512887993,Loss
1577,2,Fixed Deposits,233148.0,2026-04-11,370916.96,137768.96000000002,59.09077495839553,Profit
1578,331,Mutual Funds,210580.0,2024-08-16,297998.33,87418.33000000002,41.51312090416944,Profit
1579,29,Gold,314826.0,2025-06-22,406406.57,91580.57,29.089265181401792,Profit
1580,96,Mutual Funds,312171.0,2025-02-25,464880.73,152709.72999999998,48.918615117996225,Profit
1581,244,Gold,276920.0,2024-12-20,352109.41,75189.40999999997,27.152033078145305,Profit
1582,413,Mutual Funds,391953.0,2024-08-17,584719.6,192766.59999999998,49.18104976872226,Profit
1583,246,Stocks,63372.0,2026-04-10,75343.53,11971.529999999999,18.890882408634727,Profit
1584,282,Fixed Deposits,359883.0,2025-08-06,522241.53,162358.53000000003,45.1142537991514,Profit
1585,375,Stocks,412968.0,2026-04-20,341721.15,-71246.84999999998,-17.252390015691283,Loss
1586,258,Stocks,74948.0,2025-06-19,101824.22,26876.22,35.85982281048194,Profit
1587,177,Stocks,493319.0,2026-04-11,716288.87,222969.87,45.19790845274558,Profit
1588,315,Fixed Deposits,291306.0,2024-09-02,423742.88,132436.88,45.46314871646997,Profit
1589,462,Fixed Deposits,386729.0,2025-11-07,487326.35,100597.34999999998,26.012362662225996,Profit
1590,422,Stocks,14844.0,2025-06-04,21717.42,6873.419999999998,46.304365400161664,Profit
1591,331,Fixed Deposits,326460.0,2026-01-16,381416.63,54956.630000000005,16.83410831342278,Profit
1592,329,Fixed Deposits,499517.0,2025-12-24,768558.93,269041.93000000005,53.86041516104558,Profit
1593,96,Stocks,475831.0,2025-07-16,509159.31,33328.31,7.004232595186105,Profit
1594,66,Stocks,124943.0,2024-11-22,167254.93,42311.92999999999,33.86498643381381,Profit
1595,401,Gold,103986.0,2025-01-15,91210.47,-12775.529999999999,-12.285817321562517,Loss
1596,317,Cryptocurrency,416906.0,2024-11-20,612055.2,195149.19999999995,46.808920955802975,Profit
1597,164,Mutual Funds,297920.0,2024-08-18,441712.7,143792.7,48.265541084854995,Profit
1598,117,Mutual Funds,418895.0,2026-02-26,537192.92,118297.92000000004,28.240470762362897,Profit
1599,246,Fixed Deposits,218146.0,2026-01-25,183449.43,-34696.57000000001,-15.90520568793377,Loss
1600,465,Fixed Deposits,265553.0,2024-11-02,373590.01,108037.01000000001,40.6837844046198,Profit
1601,1,Cryptocurrency,453159.0,2024-07-29,541507.51,88348.51000000001,19.496139324166574,Profit
1602,175,Gold,11445.0,2025-06-09,17357.15,5912.1500000000015,51.657055482743566,Profit
1603,90,Gold,243665.0,2025-12-31,210569.67,-33095.32999999999,-13.58230767652309,Loss
1604,36,Mutual Funds,170676.0,2025-08-31,214848.8,44172.79999999999,25.881084628184393,Profit
1605,17,Fixed Deposits,361643.0,2024-12-11,551230.14,189587.14,52.42383787326176,Profit
1606,166,Stocks,251231.0,2025-10-10,314564.28,63333.28000000003,25.209181987891633,Profit
1607,278,Cryptocurrency,263962.0,2026-05-30,214500.97,-49461.03,-18.737935763481104,Loss
1608,296,Fixed Deposits,225351.0,2026-04-02,295432.87,70081.87,31.098983363730355,Profit
1609,325,Gold,360383.0,2025-02-21,457350.06,96967.06,26.9066687385365,Profit
1610,86,Stocks,426631.0,2025-05-25,600863.33,174232.32999999996,40.83911623862306,Profit
1611,443,Fixed Deposits,412867.0,2026-02-28,584030.2,171163.19999999995,41.45722472370036,Profit
1612,139,Cryptocurrency,131424.0,2025-12-04,150503.07,19079.070000000007,14.517188641344053,Profit
1613,73,Mutual Funds,317931.0,2026-06-15,263703.07,-54227.92999999999,-17.056509116758036,Loss
1614,356,Stocks,134756.0,2025-07-30,155091.17,20335.170000000013,15.090363323339972,Profit
1615,350,Mutual Funds,304522.0,2026-06-06,377473.37,72951.37,23.95602616559723,Profit
1616,210,Mutual Funds,243285.0,2025-05-18,290109.77,46824.77000000002,19.246879174630585,Profit
1617,17,Cryptocurrency,152382.0,2025-01-07,219726.76,67344.76000000001,44.19469491147249,Profit
1618,356,Mutual Funds,467277.0,2025-01-18,396950.16,-70326.84000000003,-15.050353430620387,Loss
1619,58,Mutual Funds,435586.0,2024-12-14,408234.87,-27351.130000000005,-6.2791572731906,Loss
1620,264,Mutual Funds,250377.0,2026-03-18,381249.48,130872.47999999998,52.270168585772645,Profit
1621,89,Mutual Funds,391509.0,2024-08-05,317835.76,-73673.23999999999,-18.817764087160192,Loss
1622,464,Fixed Deposits,237649.0,2026-01-28,360415.95,122766.95000000001,51.65893818194059,Profit
1623,21,Cryptocurrency,164795.0,2025-06-23,175845.75,11050.75,6.705755635789921,Profit
1624,177,Mutual Funds,35906.0,2025-05-29,35695.15,-210.84999999999854,-0.5872277613769246,Loss
1625,329,Mutual Funds,72446.0,2025-09-16,75178.61,2732.6100000000006,3.7719266764210593,Profit
1626,472,Mutual Funds,478699.0,2024-08-14,391936.9,-86762.09999999998,-18.124562616592048,Loss
1627,442,Mutual Funds,325037.0,2025-10-24,270190.89,-54846.109999999986,-16.87380513603066,Loss
1628,256,Gold,434745.0,2025-04-18,565387.64,130642.64000000001,30.05040656016746,Profit
1629,428,Gold,345213.0,2024-09-08,547006.92,201793.92000000004,58.45490175630699,Profit
1630,285,Mutual Funds,93110.0,2024-08-28,74976.99,-18133.009999999995,-19.47482547524433,Loss
1631,160,Stocks,177885.0,2024-09-24,254674.73,76789.73000000001,43.16818731202744,Profit
1632,165,Mutual Funds,54478.0,2025-07-15,52800.98,-1677.0199999999968,-3.0783435515253808,Loss
1633,317,Stocks,386710.0,2024-08-10,380348.21,-6361.789999999979,-1.6451061518967647,Loss
1634,140,Gold,224619.0,2025-04-07,191713.31,-32905.69,-14.649557695475451,Loss
1635,19,Fixed Deposits,35871.0,2025-12-13,36090.95,219.9499999999971,0.6131694126174265,Profit
1636,364,Fixed Deposits,313542.0,2026-06-09,277938.36,-35603.640000000014,-11.355301682071307,Loss
1637,139,Fixed Deposits,131256.0,2024-08-16,172905.8,41649.79999999999,31.731730358993104,Profit
1638,93,Gold,294179.0,2025-09-20,320665.54,26486.53999999998,9.00354546041695,Profit
1639,349,Gold,217468.0,2026-04-19,189310.29,-28157.709999999992,-12.94797855316644,Loss
1640,142,Cryptocurrency,230281.0,2025-03-09,186008.67,-44272.32999999999,-19.22535076710627,Loss
1641,408,Fixed Deposits,89789.0,2024-12-22,121390.62,31601.619999999995,35.19542482932207,Profit
1642,146,Stocks,418384.0,2026-06-16,395807.56,-22576.440000000002,-5.3961050135760456,Loss
1643,184,Fixed Deposits,38149.0,2024-11-29,47230.61,9081.61,23.80563055388084,Profit
1644,79,Fixed Deposits,125061.0,2024-12-21,180676.46,55615.45999999999,44.470666314838354,Profit
1645,134,Fixed Deposits,495008.0,2025-09-28,459543.17,-35464.830000000016,-7.164496331372426,Loss
1646,342,Mutual Funds,193154.0,2025-09-18,164811.98,-28342.01999999999,-14.673276245897052,Loss
1647,276,Fixed Deposits,436738.0,2026-06-27,497692.7,60954.70000000001,13.956811635351174,Profit
1648,409,Stocks,287259.0,2025-11-02,414319.04,127060.03999999998,44.23187437121203,Profit
1649,491,Mutual Funds,344911.0,2025-05-08,458329.57,113418.57,32.88343079808995,Profit
1650,423,Cryptocurrency,55938.0,2025-09-11,77243.24,21305.240000000005,38.08723944366979,Profit
1651,317,Fixed Deposits,281489.0,2025-05-24,239111.93,-42377.07000000001,-15.054609593980583,Loss
1652,431,Stocks,405593.0,2024-10-12,517579.75,111986.75,27.610621978189958,Profit
1653,229,Stocks,366917.0,2024-08-19,504333.89,137416.89,37.45176429546737,Profit
1654,173,Stocks,92680.0,2026-01-19,89406.43,-3273.570000000007,-3.5321212775140345,Loss
1655,339,Cryptocurrency,211232.0,2025-03-07,293667.15,82435.15000000002,39.025881495228006,Profit
1656,179,Cryptocurrency,426581.0,2025-07-24,607440.22,180859.21999999997,42.39739228892051,Profit
1657,443,Stocks,28968.0,2024-10-04,38598.88,9630.879999999997,33.2466169566418,Profit
1658,113,Cryptocurrency,291283.0,2025-07-10,452872.94,161589.94,55.47523885705654,Profit
1659,455,Stocks,433345.0,2024-08-19,577273.42,143928.42000000004,33.21335656347715,Profit
1660,294,Cryptocurrency,305887.0,2025-09-22,383336.47,77449.46999999997,25.319634374785448,Profit
1661,452,Mutual Funds,18031.0,2025-08-05,19708.92,1677.9199999999983,9.305751206255882,Profit
1662,78,Stocks,455227.0,2024-12-01,635122.93,179895.93000000005,39.51785153341081,Profit
1663,40,Stocks,223076.0,2026-04-06,319577.07,96501.07,43.25927934874213,Profit
1664,208,Cryptocurrency,241611.0,2025-02-23,215947.78,-25663.22,-10.621710104258499,Loss
1665,101,Gold,80796.0,2025-07-03,110293.9,29497.899999999994,36.50910936184959,Profit
1666,196,Gold,273622.0,2025-07-03,226878.93,-46743.07000000001,-17.08308176974074,Loss
1667,486,Stocks,253148.0,2024-11-23,337464.8,84316.79999999999,33.30731429835511,Profit
1668,214,Stocks,426384.0,2025-11-11,637700.52,211316.52000000002,49.56014296971744,Profit
1669,79,Gold,194637.0,2024-08-23,212874.04,18237.040000000008,9.369770393090732,Profit
1670,84,Mutual Funds,95494.0,2025-06-29,89702.56,-5791.440000000002,-6.0647161078182945,Loss
1671,134,Gold,395525.0,2024-08-04,419358.46,23833.46000000002,6.0257783958030515,Profit
1672,134,Mutual Funds,487923.0,2024-12-07,477453.86,-10469.140000000014,-2.145654129852459,Loss
1673,375,Fixed Deposits,23230.0,2025-05-28,26929.96,3699.959999999999,15.927507533362029,Profit
1674,278,Cryptocurrency,232438.0,2025-03-22,342245.48,109807.47999999998,47.241621421626405,Profit
1675,20,Gold,304365.0,2024-10-26,348184.57,43819.57000000001,14.39704630952968,Profit
1676,221,Fixed Deposits,362608.0,2025-12-30,352592.58,-10015.419999999984,-2.762051581873534,Loss
1677,466,Stocks,267315.0,2025-03-11,412793.85,145478.84999999998,54.422254643398226,Profit
1678,113,Mutual Funds,351785.0,2025-02-11,531590.43,179805.43000000005,51.112307233111146,Profit
1679,357,Cryptocurrency,463263.0,2025-06-18,610502.31,147239.31000000006,31.783092973106005,Profit
1680,410,Gold,134473.0,2026-03-02,157445.62,22972.619999999995,17.083444260186056,Profit
1681,232,Mutual Funds,33065.0,2025-07-28,27804.67,-5260.330000000002,-15.909057916225622,Loss
1682,490,Stocks,138439.0,2025-04-10,217652.5,79213.5,57.21906399208315,Profit
1683,383,Fixed Deposits,117439.0,2025-01-14,155091.52,37652.51999999999,32.06134248418327,Profit
1684,69,Mutual Funds,104933.0,2025-06-14,97159.39,-7773.610000000001,-7.4081652101817355,Loss
1685,460,Gold,368789.0,2026-01-01,526769.27,157980.27000000002,42.8375765003837,Profit
1686,192,Cryptocurrency,81966.0,2024-08-28,129138.56,47172.56,57.55137496034941,Profit
1687,332,Mutual Funds,172990.0,2025-11-01,225843.4,52853.399999999994,30.552864327417765,Profit
1688,269,Mutual Funds,373848.0,2024-08-14,324894.35,-48953.65000000002,-13.09453307226467,Loss
1689,69,Stocks,272355.0,2025-11-29,360984.66,88629.65999999997,32.54196177782672,Profit
1690,392,Mutual Funds,408452.0,2024-09-19,632359.75,223907.75,54.81862005817085,Profit
1691,366,Stocks,397709.0,2025-02-10,542999.41,145290.41000000003,36.53183860561366,Profit
1692,379,Fixed Deposits,110944.0,2025-02-20,169445.76,58501.76000000001,52.730891260455735,Profit
1693,336,Gold,280492.0,2024-12-28,414449.18,133957.18,47.75793249005319,Profit
1694,411,Stocks,491248.0,2025-09-27,698114.32,206866.31999999995,42.11036380809692,Profit
1695,326,Gold,470419.0,2026-01-25,411755.98,-58663.02000000002,-12.470376409116133,Loss
1696,95,Mutual Funds,240067.0,2025-09-03,311317.94,71250.94,29.67960610996097,Profit
1697,342,Fixed Deposits,248988.0,2026-03-22,338079.27,89091.27000000002,35.78135090847753,Profit
1698,407,Fixed Deposits,295052.0,2026-03-03,411940.08,116888.08000000002,39.61609479007091,Profit
1699,132,Cryptocurrency,421464.0,2025-06-14,350589.23,-70874.77000000002,-16.816328322229186,Loss
1700,326,Mutual Funds,282169.0,2026-05-23,345674.28,63505.28000000003,22.50611512958547,Profit
1701,435,Stocks,281454.0,2025-09-19,404197.59,122743.59000000003,43.610533159948,Profit
1702,395,Gold,134963.0,2025-02-03,202085.05,67122.04999999999,49.73366774597481,Profit
1703,196,Fixed Deposits,411874.0,2025-01-14,527040.35,115166.34999999998,27.96154892030086,Profit
1704,332,Fixed Deposits,148534.0,2026-04-04,119668.0,-28866.0,-19.43393431806859,Loss
1705,402,Stocks,103926.0,2026-03-06,89792.43,-14133.570000000007,-13.599647826337977,Loss
1706,421,Gold,130288.0,2026-01-14,188370.19,58082.19,44.57984618690901,Profit
1707,499,Gold,389235.0,2026-01-06,518345.02,129110.02000000002,33.170197952393806,Profit
1708,475,Cryptocurrency,299536.0,2026-04-17,349370.98,49834.97999999998,16.637392500400612,Profit
1709,202,Mutual Funds,304774.0,2025-09-03,279745.13,-25028.869999999995,-8.212272044203244,Loss
1710,75,Mutual Funds,219856.0,2025-04-16,303698.75,83842.75,38.1353021978022,Profit
1711,200,Gold,383961.0,2024-08-09,524836.67,140875.67000000004,36.69009873398601,Profit
1712,142,Stocks,29872.0,2025-11-02,33295.34,3423.3399999999965,11.460029459025163,Profit
1713,357,Gold,79138.0,2026-04-03,77082.84,-2055.1600000000035,-2.596931941671515,Loss
1714,41,Fixed Deposits,198015.0,2024-07-29,285572.18,87557.18,44.21744817311819,Profit
1715,3,Stocks,475191.0,2025-03-31,646040.48,170849.47999999998,35.953854344884476,Profit
1716,383,Fixed Deposits,498271.0,2025-07-21,638292.63,140021.63,28.10150099042489,Profit
1717,167,Stocks,39888.0,2025-06-30,49977.2,10089.199999999997,25.29382270356999,Profit
1718,396,Mutual Funds,419243.0,2024-08-24,459105.97,39862.96999999997,9.508320949902556,Profit
1719,333,Fixed Deposits,150154.0,2024-09-20,127306.24,-22847.759999999995,-15.21621801617006,Loss
1720,90,Gold,457580.0,2025-06-09,464437.56,6857.559999999998,1.4986581581362817,Profit
1721,227,Mutual Funds,281304.0,2026-05-10,414965.65,133661.65000000002,47.515019338509234,Profit
1722,326,Gold,201053.0,2024-12-22,215759.82,14706.820000000007,7.314897066942551,Profit
1723,71,Fixed Deposits,113261.0,2026-06-08,122637.75,9376.75,8.278886818940324,Profit
1724,31,Gold,150358.0,2024-12-08,128199.5,-22158.5,-14.73716064326474,Loss
1725,171,Cryptocurrency,45132.0,2025-11-21,53715.24,8583.239999999998,19.018080297793137,Profit
1726,379,Gold,226415.0,2024-11-22,182503.83,-43911.17000000001,-19.39410816421174,Loss
1727,72,Fixed Deposits,224018.0,2025-01-09,331678.8,107660.79999999999,48.05899525930952,Profit
1728,49,Cryptocurrency,118829.0,2025-03-23,155370.66,36541.66,30.7514663928839,Profit
1729,413,Cryptocurrency,479626.0,2024-11-28,691458.44,211832.43999999994,44.16617114168122,Profit
1730,168,Mutual Funds,373851.0,2025-01-18,440848.97,66997.96999999997,17.921035385755278,Profit
1731,24,Mutual Funds,223493.0,2026-01-12,197627.06,-25865.940000000002,-11.573489997449586,Loss
1732,141,Gold,260822.0,2026-06-05,259865.07,-956.929999999993,-0.3668900629548094,Loss
1733,54,Mutual Funds,148693.0,2026-03-13,208899.96,60206.95999999999,40.49078302273812,Profit
1734,46,Gold,115645.0,2025-07-04,150297.0,34652.0,29.964114315361666,Profit
1735,240,Mutual Funds,211222.0,2025-07-14,273769.09,62547.090000000026,29.612014846938305,Profit
1736,83,Mutual Funds,69943.0,2025-12-06,72274.35,2331.350000000006,3.3332141886965183,Profit
1737,39,Mutual Funds,93665.0,2025-06-05,132921.52,39256.51999999999,41.91162120322425,Profit
1738,108,Stocks,344488.0,2025-10-27,415129.51,70641.51000000001,20.506232437704654,Profit
1739,22,Gold,195033.0,2024-09-12,268352.01,73319.01000000001,37.593130393318056,Profit
1740,73,Stocks,69578.0,2025-11-27,105224.17,35646.17,51.23195550317629,Profit
1741,185,Fixed Deposits,467373.0,2025-12-14,687554.7,220181.69999999995,47.110487768869824,Profit
1742,25,Stocks,134811.0,2026-02-27,128556.68,-6254.320000000007,-4.639324684187497,Loss
1743,378,Mutual Funds,473461.0,2025-07-10,728044.22,254583.21999999997,53.77068438583114,Profit
1744,187,Stocks,496000.0,2025-06-06,618937.01,122937.01000000001,24.7856875,Profit
1745,3,Gold,462362.0,2025-02-16,370646.73,-91715.27000000002,-19.83624735596784,Loss
1746,16,Gold,480407.0,2024-09-03,619881.08,139474.07999999996,29.032482873896498,Profit
1747,117,Gold,430186.0,2025-12-26,437990.87,7804.869999999995,1.81430125573589,Profit
1748,99,Mutual Funds,147797.0,2025-10-01,217960.84,70163.84,47.4731151511871,Profit
1749,74,Cryptocurrency,461603.0,2024-08-28,501961.73,40358.72999999998,8.743168913546919,Profit
1750,229,Gold,146735.0,2024-11-26,182183.69,35448.69,24.158305789348148,Profit
1751,156,Fixed Deposits,274838.0,2026-04-30,223315.58,-51522.42000000001,-18.746468828910125,Loss
1752,126,Cryptocurrency,68728.0,2026-02-10,72949.13,4221.130000000005,6.141790827610297,Profit
1753,128,Gold,297490.0,2024-12-27,321209.33,23719.330000000016,7.973152038723996,Profit
1754,458,Cryptocurrency,164896.0,2025-11-20,142462.69,-22433.309999999998,-13.604520424995147,Loss
1755,18,Stocks,357710.0,2026-05-21,388945.37,31235.369999999995,8.732037125045427,Profit
1756,435,Cryptocurrency,246638.0,2024-08-05,269577.42,22939.419999999984,9.30084577396832,Profit
1757,228,Gold,105045.0,2025-04-01,138794.03,33749.03,32.12816412013898,Profit
1758,432,Mutual Funds,199652.0,2026-06-03,226650.21,26998.209999999992,13.522634383827855,Profit
1759,333,Mutual Funds,64395.0,2026-01-18,81392.98,16997.979999999996,26.39642829412221,Profit
1760,249,Gold,84173.0,2024-08-27,92406.97,8233.970000000001,9.782198567236525,Profit
1761,365,Cryptocurrency,370138.0,2024-11-27,347478.34,-22659.659999999974,-6.121949110872154,Loss
1762,72,Gold,474235.0,2025-09-30,567046.12,92811.12,19.57070228894957,Profit
1763,11,Gold,459048.0,2024-12-23,596891.03,137843.03000000003,30.02802103483732,Profit
1764,229,Gold,208461.0,2024-12-10,310705.41,102244.40999999997,49.047260638680605,Profit
1765,413,Stocks,97250.0,2025-07-27,114437.22,17187.22,17.673233933161956,Profit
1766,140,Stocks,24053.0,2026-06-07,33849.28,9796.279999999999,40.72789257057331,Profit
1767,477,Cryptocurrency,497925.0,2025-07-20,532058.23,34133.22999999998,6.855094642767481,Profit
1768,275,Gold,219994.0,2024-09-10,287838.1,67844.09999999998,30.839068338227392,Profit
1769,311,Mutual Funds,301149.0,2025-01-01,382270.02,81121.02000000002,26.937170636462355,Profit
1770,423,Stocks,76452.0,2024-12-10,86746.88,10294.880000000005,13.465808611939522,Profit
1771,82,Stocks,464981.0,2024-08-25,415300.99,-49680.01000000001,-10.684309681470857,Loss
1772,407,Gold,81808.0,2025-12-17,130750.73,48942.729999999996,59.82633727752786,Profit
1773,20,Mutual Funds,272519.0,2025-12-26,256490.88,-16028.119999999995,-5.881468815018401,Loss
1774,322,Gold,357409.0,2026-06-15,384972.03,27563.030000000028,7.711901491008907,Profit
1775,181,Cryptocurrency,323331.0,2024-09-22,395684.57,72353.57,22.377554271010204,Profit
1776,122,Cryptocurrency,250028.0,2025-11-28,331292.81,81264.81,32.50228374422065,Profit
1777,412,Gold,423716.0,2025-04-15,483217.68,59501.67999999999,14.042821134911119,Profit
1778,249,Fixed Deposits,290851.0,2025-12-18,380608.41,89757.40999999997,30.86027209808458,Profit
1779,142,Stocks,39165.0,2026-05-19,42482.1,3317.0999999999985,8.46955189582535,Profit
1780,414,Cryptocurrency,175720.0,2024-09-18,198769.38,23049.380000000005,13.117106760755751,Profit
1781,255,Fixed Deposits,35815.0,2025-03-20,36433.32,618.3199999999997,1.7264274745218477,Profit
1782,152,Fixed Deposits,457718.0,2026-03-09,627321.87,169603.87,37.05422771225951,Profit
1783,346,Fixed Deposits,313153.0,2025-05-31,488854.57,175701.57,56.10726066810793,Profit
1784,179,Cryptocurrency,381762.0,2025-09-04,306295.51,-75466.48999999999,-19.76794180667536,Loss
1785,152,Cryptocurrency,435595.0,2025-12-22,388566.82,-47028.17999999999,-10.796308497572285,Loss
1786,323,Mutual Funds,241805.0,2025-12-27,314162.58,72357.58000000002,29.923938710944775,Profit
1787,89,Cryptocurrency,126400.0,2026-02-24,141181.35,14781.350000000006,11.694106012658233,Profit
1788,215,Fixed Deposits,216257.0,2025-07-03,240709.82,24452.820000000007,11.307296411214438,Profit
1789,148,Cryptocurrency,251625.0,2024-12-01,255853.62,4228.619999999995,1.6805245901639325,Profit
1790,350,Mutual Funds,442951.0,2025-04-11,648587.84,205636.83999999997,46.424286207729516,Profit
1791,73,Gold,292814.0,2025-02-10,238401.68,-54412.32000000001,-18.5825541128498,Loss
1792,450,Gold,190648.0,2025-03-02,282293.57,91645.57,48.070564600730144,Profit
1793,295,Gold,417658.0,2025-09-07,542541.24,124883.23999999999,29.900837527354916,Profit
1794,176,Stocks,427579.0,2025-02-20,355908.18,-71670.82,-16.76200655317497,Loss
1795,256,Gold,473826.0,2026-05-28,546962.75,73136.75,15.435360237724396,Profit
1796,127,Gold,420872.0,2025-04-10,418515.86,-2356.140000000014,-0.5598234142447143,Loss
1797,269,Stocks,268152.0,2025-04-16,423971.72,155819.71999999997,58.10872937736805,Profit
1798,49,Cryptocurrency,48363.0,2026-01-05,40366.25,-7996.75,-16.53485102247586,Loss
1799,72,Stocks,135452.0,2024-07-18,133431.92,-2020.0799999999872,-1.49136225378731,Loss
1800,51,Fixed Deposits,20084.0,2025-01-17,16377.28,-3706.7199999999993,-18.456084445329612,Loss
1801,174,Gold,106945.0,2025-02-13,165706.39,58761.390000000014,54.94542989387069,Profit
1802,464,Mutual Funds,258929.0,2026-05-06,231980.63,-26948.369999999995,-10.407629118406975,Loss
1803,403,Cryptocurrency,384075.0,2026-03-17,470379.54,86304.53999999998,22.47075180628783,Profit
1804,299,Fixed Deposits,422765.0,2024-07-27,415961.85,-6803.150000000023,-1.609203694724025,Loss
1805,427,Gold,50213.0,2025-11-05,50109.54,-103.45999999999913,-0.20604225997251532,Loss
1806,123,Fixed Deposits,324602.0,2025-04-16,471412.84,146810.84000000003,45.227953000905735,Profit
1807,329,Fixed Deposits,496697.0,2025-02-23,591194.4,94497.40000000002,19.025160208336274,Profit
1808,93,Mutual Funds,173648.0,2024-12-19,140357.91,-33290.09,-19.17101838201419,Loss
1809,475,Stocks,447670.0,2026-07-16,398261.34,-49408.659999999974,-11.036848571492389,Loss
1810,115,Cryptocurrency,115891.0,2024-12-09,95431.53,-20459.47,-17.654062869420407,Loss
1811,391,Stocks,108327.0,2026-02-14,120142.57,11815.570000000007,10.907317658570816,Profit
1812,460,Gold,423062.0,2025-01-23,598540.14,175478.14,41.47811431894144,Profit
1813,236,Gold,225790.0,2024-11-18,208683.95,-17106.04999999999,-7.5760884007263325,Loss
1814,149,Gold,426275.0,2025-10-28,591835.75,165560.75,38.83895372705413,Profit
1815,302,Fixed Deposits,71974.0,2025-01-07,85460.61,13486.61,18.738169338927946,Profit
1816,182,Mutual Funds,73423.0,2025-08-12,79926.37,6503.369999999995,8.857401631641306,Profit
1817,156,Cryptocurrency,160435.0,2025-04-05,212237.95,51802.95000000001,32.28905787390532,Profit
1818,210,Mutual Funds,308306.0,2025-05-04,260658.32,-47647.67999999999,-15.454671657379354,Loss
1819,37,Stocks,75670.0,2025-10-22,76162.58,492.58000000000175,0.650958107572356,Profit
1820,36,Cryptocurrency,122475.0,2024-10-07,126666.61,4191.610000000001,3.4224209022249443,Profit
1821,222,Stocks,20676.0,2024-08-12,23869.46,3193.459999999999,15.445250532017793,Profit
1822,32,Mutual Funds,426931.0,2026-06-05,351639.21,-75291.78999999998,-17.63558748369174,Loss
1823,147,Gold,37208.0,2025-01-26,44613.08,7405.080000000002,19.90184906471727,Profit
1824,43,Stocks,437147.0,2025-11-14,518401.59,81254.59000000003,18.58747515137929,Profit
1825,475,Cryptocurrency,227970.0,2025-02-28,233372.44,5402.440000000002,2.3698030442602107,Profit
1826,463,Fixed Deposits,230827.0,2025-02-15,336738.63,105911.63,45.883553483777895,Profit
1827,428,Gold,51986.0,2026-05-22,70097.18,18111.179999999993,34.83857192321008,Profit
1828,329,Stocks,112175.0,2024-08-19,125990.42,13815.419999999998,12.315952752395809,Profit
1829,295,Stocks,146224.0,2025-10-20,203883.53,57659.53,39.432329850093005,Profit
1830,480,Mutual Funds,255922.0,2026-03-21,362580.24,106658.23999999999,41.67607317854659,Profit
1831,265,Mutual Funds,212832.0,2025-02-02,225155.63,12323.630000000005,5.79030878815216,Profit
1832,89,Cryptocurrency,27139.0,2024-12-23,35825.62,8686.620000000003,32.00788533107337,Profit
1833,47,Stocks,381318.0,2024-08-08,395153.55,13835.549999999988,3.628349566503545,Profit
1834,91,Gold,385921.0,2025-04-05,403641.71,17720.71000000002,4.59179728493656,Profit
1835,264,Stocks,369730.0,2026-03-26,514026.1,144296.09999999998,39.02742541854867,Profit
1836,197,Cryptocurrency,147289.0,2026-01-19,232874.19,85585.19,58.106980154661926,Profit
1837,346,Gold,117235.0,2024-07-19,153017.01,35782.01000000001,30.521610440568097,Profit
1838,29,Mutual Funds,433035.0,2026-02-23,544245.4,111210.40000000002,25.681619268650348,Profit
1839,249,Fixed Deposits,421403.0,2026-03-01,516208.73,94805.72999999998,22.497640026293116,Profit
1840,461,Gold,427758.0,2026-04-05,585984.07,158226.06999999995,36.989622637098535,Profit
1841,484,Mutual Funds,246817.0,2026-02-09,254815.02,7998.0199999999895,3.2404656081226126,Profit
1842,368,Gold,411823.0,2025-06-24,419803.68,7980.679999999993,1.9378907928891762,Profit
1843,50,Cryptocurrency,42280.0,2025-12-21,54892.91,12612.910000000003,29.831859035004737,Profit
1844,26,Fixed Deposits,112056.0,2026-05-26,109575.14,-2480.8600000000006,-2.2139465981295072,Loss
1845,308,Fixed Deposits,471103.0,2025-10-04,634036.24,162933.24,34.5854813066357,Profit
1846,208,Stocks,252477.0,2025-03-23,374803.29,122326.28999999998,48.4504687555698,Profit
1847,99,Mutual Funds,495588.0,2026-07-16,625000.15,129412.15000000002,26.11284978651622,Profit
1848,370,Gold,401549.0,2024-11-10,322709.55,-78839.45000000001,-19.63383049142197,Loss
1849,375,Stocks,20002.0,2024-09-06,20424.6,422.59999999999854,2.1127887211278797,Profit
1850,397,Stocks,190446.0,2025-04-08,182257.17,-8188.829999999987,-4.299817271037452,Loss
1851,488,Fixed Deposits,69622.0,2026-06-01,94541.02,24919.020000000004,35.79187613110799,Profit
1852,37,Gold,30576.0,2024-12-12,25403.38,-5172.619999999999,-16.917255363683932,Loss
1853,379,Gold,154655.0,2025-03-28,242333.85,87678.85,56.69318806375482,Profit
1854,267,Mutual Funds,223030.0,2025-07-07,249991.26,26961.26000000001,12.08862484867507,Profit
1855,285,Mutual Funds,394586.0,2024-08-09,433257.92,38671.919999999984,9.800631548002206,Profit
1856,39,Gold,171217.0,2025-07-30,247291.78,76074.78,44.43179123568337,Profit
1857,226,Cryptocurrency,246385.0,2025-06-12,297161.2,50776.20000000001,20.608478600564162,Profit
1858,405,Cryptocurrency,293623.0,2025-03-10,424645.28,131022.28000000003,44.62262152488055,Profit
1859,24,Cryptocurrency,164739.0,2025-02-28,203166.02,38427.01999999999,23.326000522037884,Profit
1860,142,Mutual Funds,175182.0,2024-08-26,175844.37,662.3699999999953,0.378103914785763,Profit
1861,406,Stocks,224698.0,2025-08-31,282072.04,57374.03999999998,25.533845428085687,Profit
1862,30,Mutual Funds,70640.0,2026-05-31,102959.64,32319.64,45.752604756511886,Profit
1863,348,Stocks,384930.0,2026-04-02,615329.3,230399.30000000005,59.85485672719717,Profit
1864,82,Stocks,159989.0,2024-09-04,210672.69,50683.69,31.679484214539748,Profit
1865,107,Cryptocurrency,89918.0,2025-12-22,120855.27,30937.270000000004,34.406092217353596,Profit
1866,29,Cryptocurrency,309659.0,2025-04-28,342282.97,32623.969999999972,10.535450285636772,Profit
1867,198,Gold,77283.0,2024-10-02,120716.75,43433.75,56.20091093772239,Profit
1868,342,Fixed Deposits,70199.0,2025-03-12,94750.73,24551.729999999996,34.97447257083434,Profit
1869,186,Cryptocurrency,440113.0,2025-10-24,533385.24,93272.23999999999,21.19279366889867,Profit
1870,99,Stocks,483410.0,2024-09-21,585440.72,102030.71999999997,21.106456217289665,Profit
1871,349,Stocks,48237.0,2025-01-19,57742.49,9505.489999999998,19.705806745858983,Profit
1872,189,Stocks,376380.0,2025-11-13,595009.35,218629.34999999998,58.08739837398373,Profit
1873,416,Mutual Funds,349138.0,2025-12-31,295650.79,-53487.21000000002,-15.319790455350041,Loss
1874,178,Gold,357090.0,2026-04-04,479184.39,122094.39000000001,34.19148954045199,Profit
1875,37,Mutual Funds,385721.0,2025-07-10,562976.58,177255.57999999996,45.95435042427038,Profit
1876,131,Mutual Funds,391823.0,2024-09-21,507865.67,116042.66999999998,29.61609451206284,Profit
1877,417,Gold,413549.0,2025-08-01,393961.62,-19587.380000000005,-4.736410921075859,Loss
1878,171,Stocks,352965.0,2025-06-16,300054.73,-52910.27000000002,-14.990231326052164,Loss
1879,302,Stocks,98677.0,2025-11-22,138684.83,40007.82999999999,40.54423016508405,Profit
1880,475,Gold,269685.0,2026-07-17,262053.89,-7631.109999999986,-2.829638281699014,Loss
1881,141,Stocks,448660.0,2024-12-10,599903.42,151243.42000000004,33.71002986671422,Profit
1882,285,Cryptocurrency,34308.0,2025-03-12,44331.03,10023.029999999999,29.214847848898213,Profit
1883,63,Gold,194135.0,2024-10-25,309788.26,115653.26000000001,59.57362660004636,Profit
1884,320,Fixed Deposits,90606.0,2026-06-05,81709.22,-8896.779999999999,-9.819195196786083,Loss
1885,265,Gold,47392.0,2025-11-17,51118.87,3726.8700000000026,7.863922180958817,Profit
1886,427,Stocks,99669.0,2025-01-16,89680.18,-9988.820000000007,-10.021992796155281,Loss
1887,165,Cryptocurrency,78872.0,2026-03-21,124947.6,46075.600000000006,58.41819657166042,Profit
1888,120,Mutual Funds,242792.0,2025-01-02,257448.33,14656.329999999987,6.036578635210381,Profit
1889,155,Mutual Funds,335053.0,2025-03-29,271156.45,-63896.54999999999,-19.070579878407294,Loss
1890,466,Mutual Funds,227040.0,2025-03-21,315265.23,88225.22999999998,38.85889270613107,Profit
1891,45,Gold,164033.0,2025-08-26,206141.19,42108.19,25.670560192156454,Profit
1892,326,Cryptocurrency,499855.0,2025-04-10,645339.45,145484.44999999995,29.105330545858287,Profit
1893,465,Mutual Funds,446096.0,2025-11-12,474790.01,28694.01000000001,6.432250008966682,Profit
1894,29,Fixed Deposits,374270.0,2025-02-03,358479.02,-15790.979999999981,-4.219141261656019,Loss
1895,494,Stocks,379568.0,2026-06-28,600565.98,220997.97999999998,58.22355414576571,Profit
1896,413,Mutual Funds,103132.0,2026-03-18,152330.52,49198.51999999999,47.704417639529915,Profit
1897,442,Mutual Funds,468638.0,2024-10-05,609460.22,140822.21999999997,30.049253368271454,Profit
1898,308,Gold,241890.0,2025-01-25,308663.38,66773.38,27.604853445781142,Profit
1899,295,Cryptocurrency,159462.0,2024-10-14,232262.13,72800.13,45.65359145125485,Profit
1900,237,Mutual Funds,247684.0,2026-01-18,360995.54,113311.53999999998,45.74842945042876,Profit
1901,142,Stocks,481217.0,2026-06-13,734918.81,253701.81000000006,52.720874366450076,Profit
1902,29,Mutual Funds,472330.0,2026-05-13,429069.72,-43260.28000000003,-9.158910084051412,Loss
1903,215,Gold,306404.0,2024-08-01,320400.28,13996.280000000028,4.567916867926016,Profit
1904,421,Fixed Deposits,326062.0,2026-01-03,450264.11,124202.10999999999,38.09156234090449,Profit
1905,201,Gold,170071.0,2024-12-31,189418.15,19347.149999999994,11.375925348824898,Profit
1906,333,Fixed Deposits,290133.0,2025-05-08,414177.52,124044.52000000002,42.75436437771643,Profit
1907,460,Cryptocurrency,298622.0,2024-10-08,432865.67,134243.66999999998,44.95438045421971,Profit
1908,298,Stocks,190368.0,2025-03-04,300638.53,110270.53000000003,57.9249296100185,Profit
1909,380,Fixed Deposits,188857.0,2024-12-17,186606.96,-2250.040000000008,-1.1913987832063455,Loss
1910,104,Cryptocurrency,247541.0,2026-06-20,266735.9,19194.900000000023,7.754230612302618,Profit
1911,427,Cryptocurrency,300943.0,2024-09-21,247872.51,-53070.48999999999,-17.634731494003844,Loss
1912,440,Fixed Deposits,377389.0,2025-08-22,393803.54,16414.53999999998,4.349501442808344,Profit
1913,49,Cryptocurrency,162616.0,2025-02-03,214897.34,52281.34,32.15018202390908,Profit
1914,347,Stocks,374265.0,2026-06-05,386277.43,12012.429999999993,3.2096054934337954,Profit
1915,327,Fixed Deposits,401921.0,2024-11-05,462663.49,60742.48999999999,15.113042115241551,Profit
1916,433,Mutual Funds,493652.0,2025-02-09,620058.91,126406.91000000003,25.606481894127853,Profit
1917,19,Mutual Funds,208149.0,2025-12-01,274728.02,66579.02000000002,31.98623101720403,Profit
1918,398,Cryptocurrency,347568.0,2026-05-26,349342.16,1774.1599999999744,0.5104497537172509,Profit
1919,437,Cryptocurrency,189629.0,2025-05-01,182993.24,-6635.760000000009,-3.4993381813963103,Loss
1920,486,Gold,310036.0,2024-10-03,292301.35,-17734.650000000023,-5.720190558515792,Loss
1921,95,Fixed Deposits,81604.0,2026-05-03,127451.18,45847.17999999999,56.182515562962585,Profit
1922,164,Stocks,140289.0,2024-12-16,206719.35,66430.35,47.35250090883819,Profit
1923,478,Fixed Deposits,105357.0,2025-02-22,91877.43,-13479.570000000007,-12.794185483641341,Loss
1924,370,Mutual Funds,237224.0,2024-12-17,288179.9,50955.90000000002,21.48007790105555,Profit
1925,454,Stocks,267316.0,2025-08-29,359244.74,91928.73999999999,34.38953897260171,Profit
1926,68,Mutual Funds,161052.0,2025-12-31,129890.36,-31161.64,-19.348806596627178,Loss
1927,244,Mutual Funds,481898.0,2025-03-23,412733.59,-69164.40999999997,-14.352499906619236,Loss
1928,117,Gold,299460.0,2025-01-31,386970.61,87510.60999999999,29.222804381219525,Profit
1929,439,Fixed Deposits,60417.0,2025-09-08,57825.39,-2591.6100000000006,-4.289537712895378,Loss
1930,314,Mutual Funds,300023.0,2025-02-01,332663.08,32640.080000000016,10.87919259523437,Profit
1931,282,Cryptocurrency,255449.0,2025-01-22,282517.24,27068.23999999999,10.596338212324179,Profit
1932,296,Mutual Funds,105308.0,2024-08-12,166926.31,61618.31,58.51246818855167,Profit
1933,176,Gold,289628.0,2025-09-17,286759.95,-2868.0499999999884,-0.9902530142113292,Loss
1934,442,Stocks,229134.0,2025-07-26,283350.81,54216.81,23.661617219618215,Profit
1935,309,Stocks,179308.0,2025-02-20,209601.35,30293.350000000006,16.894589198474137,Profit
1936,382,Stocks,65636.0,2026-05-10,76296.99,10660.990000000005,16.242595526845033,Profit
1937,202,Fixed Deposits,36498.0,2026-04-14,36455.24,-42.76000000000204,-0.11715710449888223,Loss
1938,116,Cryptocurrency,350856.0,2025-11-11,300432.23,-50423.77000000002,-14.371642497206839,Loss
1939,82,Mutual Funds,225935.0,2025-04-13,242175.12,16240.119999999995,7.187961139265715,Profit
1940,279,Mutual Funds,483159.0,2025-12-01,572118.6,88959.59999999998,18.412075527931794,Profit
1941,489,Mutual Funds,109940.0,2024-12-19,152551.68,42611.67999999999,38.75903219938148,Profit
1942,408,Fixed Deposits,452376.0,2025-01-31,715755.87,263379.87,58.22145074009231,Profit
1943,388,Cryptocurrency,175873.0,2025-11-27,275500.66,99627.65999999997,56.647501321976634,Profit
1944,253,Stocks,115284.0,2025-06-14,118537.53,3253.529999999999,2.8221869470177983,Profit
1945,29,Mutual Funds,137585.0,2024-07-22,115114.19,-22470.809999999998,-16.332310935058324,Loss
1946,38,Mutual Funds,489552.0,2025-09-21,542823.35,53271.34999999998,10.881653021538055,Profit
1947,370,Cryptocurrency,336826.0,2025-04-11,467270.46,130444.46000000002,38.72755072351897,Profit
1948,293,Gold,150533.0,2025-10-27,191081.3,40548.29999999999,26.93648568752366,Profit
1949,24,Fixed Deposits,266412.0,2025-04-28,312308.82,45896.82000000001,17.227760010810325,Profit
1950,297,Fixed Deposits,434958.0,2026-07-02,386881.29,-48076.71000000002,-11.053184445394733,Loss
1951,100,Cryptocurrency,327398.0,2024-09-03,440468.24,113070.23999999999,34.53602037886609,Profit
1952,453,Stocks,409958.0,2025-01-15,598484.51,188526.51,45.98678645129502,Profit
1953,155,Mutual Funds,371352.0,2025-01-12,490188.99,118836.98999999999,32.001171395333806,Profit
1954,384,Fixed Deposits,13557.0,2026-05-30,11027.73,-2529.2700000000004,-18.656561186103122,Loss
1955,251,Cryptocurrency,12950.0,2024-12-21,18134.0,5184.0,40.03088803088803,Profit
1956,414,Cryptocurrency,404563.0,2026-06-23,406198.84,1635.8400000000256,0.40434740695516536,Profit
1957,14,Gold,302784.0,2026-04-07,399127.75,96343.75,31.81930022722469,Profit
1958,170,Gold,105942.0,2026-06-20,95986.39,-9955.61,-9.397226784466973,Loss
1959,441,Cryptocurrency,309950.0,2025-07-14,474076.83,164126.83000000002,52.95267946442975,Profit
1960,337,Stocks,216196.0,2025-05-07,339493.96,123297.96000000002,57.03063886473386,Profit
1961,149,Stocks,83131.0,2025-06-07,75599.83,-7531.169999999998,-9.059400223743246,Loss
1962,315,Stocks,75457.0,2025-06-12,105348.09,29891.089999999997,39.61340896139522,Profit
1963,277,Mutual Funds,77951.0,2025-07-20,65080.5,-12870.5,-16.511013328886097,Loss
1964,248,Stocks,71524.0,2025-01-15,111419.51,39895.509999999995,55.77919299815446,Profit
1965,266,Stocks,477033.0,2025-10-04,752927.79,275894.79000000004,57.83557741288339,Profit
1966,113,Gold,288898.0,2026-03-03,435155.17,146257.16999999998,50.62588526054178,Profit
1967,92,Cryptocurrency,337695.0,2025-06-09,433785.87,96090.87,28.454928263669878,Profit
1968,123,Mutual Funds,440306.0,2025-10-20,464493.13,24187.130000000005,5.493254691055767,Profit
1969,161,Cryptocurrency,413111.0,2025-06-09,588795.49,175684.49,42.52718760817311,Profit
1970,9,Mutual Funds,176587.0,2024-11-08,225986.26,49399.26000000001,27.97446018110054,Profit
1971,306,Mutual Funds,458029.0,2025-01-18,595155.12,137126.12,29.938305216481925,Profit
1972,23,Stocks,107513.0,2026-01-22,124646.79,17133.789999999994,15.936482099839083,Profit
1973,461,Mutual Funds,493946.0,2025-01-17,734742.36,240796.36,48.74953132528657,Profit
1974,387,Gold,355635.0,2024-08-09,434911.18,79276.18,22.29144488028456,Profit
1975,212,Mutual Funds,177123.0,2025-10-29,204004.44,26881.440000000002,15.17670771159025,Profit
1976,476,Fixed Deposits,278491.0,2026-04-27,348335.2,69844.20000000001,25.079517830019643,Profit
1977,470,Cryptocurrency,465158.0,2026-06-15,465986.42,828.4199999999837,0.17809432493904948,Profit
1978,97,Mutual Funds,379350.0,2025-06-20,363358.88,-15991.119999999995,-4.2154000263608795,Loss
1979,432,Stocks,264399.0,2025-08-15,409918.6,145519.59999999998,55.037878358087575,Profit
1980,43,Gold,420620.0,2025-12-18,598669.49,178049.49,42.33024820503067,Profit
1981,112,Stocks,36668.0,2026-04-04,53005.77,16337.769999999997,44.55593432966073,Profit
1982,468,Cryptocurrency,145865.0,2025-06-23,168285.51,22420.51000000001,15.370726356562582,Profit
1983,74,Mutual Funds,336904.0,2026-03-02,360084.91,23180.909999999974,6.880568351815346,Profit
1984,161,Cryptocurrency,337177.0,2024-09-02,351698.11,14521.109999999986,4.306672756445424,Profit
1985,63,Fixed Deposits,160066.0,2024-09-21,196030.66,35964.66,22.46864418427399,Profit
1986,304,Gold,237085.0,2026-03-11,321934.55,84849.54999999999,35.78866229411392,Profit
1987,404,Cryptocurrency,49409.0,2025-06-03,44645.38,-4763.620000000003,-9.64119897184724,Loss
1988,115,Mutual Funds,26791.0,2025-05-15,40673.5,13882.5,51.817774625807175,Profit
1989,354,Mutual Funds,34890.0,2026-03-23,30720.06,-4169.939999999999,-11.951676698194321,Loss
1990,432,Stocks,165708.0,2026-04-13,152404.99,-13303.01000000001,-8.027982957974274,Loss
1991,236,Mutual Funds,175585.0,2025-09-02,259929.3,84344.29999999999,48.03616482045732,Profit
1992,273,Mutual Funds,314103.0,2024-07-21,472091.1,157988.09999999998,50.298182443338646,Profit
1993,227,Mutual Funds,28110.0,2026-07-10,22874.03,-5235.970000000001,-18.626716471006763,Loss
1994,296,Stocks,403409.0,2025-02-20,518797.7,115388.70000000001,28.603402502175214,Profit
1995,47,Gold,347838.0,2024-12-25,469740.4,121902.40000000002,35.04573968341585,Profit
1996,102,Cryptocurrency,34675.0,2025-01-25,47091.0,12416.0,35.80677721701514,Profit
1997,351,Fixed Deposits,195526.0,2026-06-25,161126.21,-34399.79000000001,-17.593460716221887,Loss
1998,213,Stocks,235557.0,2025-10-22,312222.22,76665.21999999997,32.546356083665515,Profit
1999,439,Stocks,447365.0,2025-12-08,544929.86,97564.85999999999,21.808782537748815,Profit
2000,420,Stocks,465578.0,2024-12-23,492090.51,26512.51000000001,5.6945366834343565,Profit
