goal_id,user_id,goal_name,target_amount,current_amount,deadline,completion_percentage,remaining_amount,goal_status
1,240,Vacation,813314.0,270251.0,2028-11-15,33.22837182195315,543063.0,Started
2,373,Car Purchase,71896.0,52134.0,2027-03-11,72.51307444085901,19762.0,Half Completed
3,406,Emergency Fund,993359.0,323850.0,2028-07-03,32.60150660536624,669509.0,Started
4,422,Car Purchase,920308.0,134584.0,2026-11-24,14.623799858308306,785724.0,Started
5,241,Emergency Fund,259270.0,72840.0,2028-01-31,28.094264666178116,186430.0,Started
6,392,Vacation,118850.0,84150.0,2029-04-01,70.80353386621793,34700.0,Half Completed
7,345,Car Purchase,507665.0,184993.0,2028-07-19,36.439975180483195,322672.0,Started
8,167,Vacation,984022.0,573094.0,2028-01-10,58.239958049718396,410928.0,Half Completed
9,298,Emergency Fund,79491.0,64606.0,2027-03-18,81.27460970424325,14885.0,Almost Complete
10,38,Car Purchase,598619.0,400845.0,2027-06-17,66.96162333637923,197774.0,Half Completed
11,364,Vacation,333738.0,43652.0,2029-02-02,13.079721218440813,290086.0,Started
12,152,House Down Payment,299309.0,241270.0,2027-06-18,80.60900273630261,58039.0,Almost Complete
13,320,House Down Payment,696155.0,650129.0,2028-03-21,93.3885413449591,46026.0,Almost Complete
14,397,Vacation,379919.0,68632.0,2029-03-26,18.064903308336778,311287.0,Started
15,63,House Down Payment,140381.0,72648.0,2026-10-29,51.75059302897116,67733.0,Half Completed
16,66,Emergency Fund,359263.0,166968.0,2027-06-17,46.475144949521656,192295.0,Started
17,463,Car Purchase,725136.0,59137.0,2028-12-25,8.15529776483308,665999.0,Started
18,14,Emergency Fund,533884.0,343329.0,2027-05-22,64.3077897071274,190555.0,Half Completed
19,462,House Down Payment,60451.0,12050.0,2028-02-09,19.93349985939025,48401.0,Started
20,438,Emergency Fund,159751.0,20268.0,2026-08-31,12.687244524290927,139483.0,Started
21,343,House Down Payment,108417.0,39432.0,2028-07-10,36.37067987492736,68985.0,Started
22,474,Vacation,357783.0,12183.0,2029-06-14,3.4051366330988335,345600.0,Started
23,302,Vacation,947219.0,789798.0,2028-08-02,83.38071765874628,157421.0,Almost Complete
24,340,Vacation,806450.0,27056.0,2028-06-27,3.35495070990142,779394.0,Started
25,392,Car Purchase,409533.0,257657.0,2027-10-15,62.91483226015975,151876.0,Half Completed
26,192,Vacation,157673.0,13985.0,2028-08-08,8.869622573300438,143688.0,Started
27,373,Vacation,356529.0,128715.0,2027-09-30,36.10225255168584,227814.0,Started
28,424,Vacation,885842.0,716283.0,2029-06-01,80.85900194391324,169559.0,Almost Complete
29,247,House Down Payment,592142.0,285825.0,2028-09-16,48.26967180169621,306317.0,Started
30,385,Emergency Fund,294128.0,263685.0,2028-10-24,89.64974432899962,30443.0,Almost Complete
31,54,Vacation,584035.0,106093.0,2028-03-16,18.165520902000736,477942.0,Started
32,489,Emergency Fund,960036.0,464257.0,2029-04-29,48.35829073076427,495779.0,Started
33,288,House Down Payment,286898.0,102761.0,2026-07-25,35.81795620743261,184137.0,Started
34,131,Car Purchase,115833.0,67881.0,2029-07-02,58.602470798477114,47952.0,Half Completed
35,122,Vacation,166576.0,102753.0,2026-11-07,61.685356834117755,63823.0,Half Completed
36,238,Emergency Fund,907157.0,651003.0,2027-03-31,71.76299141162997,256154.0,Half Completed
37,299,House Down Payment,636809.0,404251.0,2028-10-11,63.4807297007423,232558.0,Half Completed
38,496,Car Purchase,762172.0,540219.0,2027-10-14,70.87888298179413,221953.0,Half Completed
39,97,House Down Payment,771861.0,213037.0,2027-01-09,27.600435829767278,558824.0,Started
40,152,Emergency Fund,986124.0,505281.0,2026-09-05,51.23909366367718,480843.0,Half Completed
41,337,House Down Payment,913909.0,62442.0,2026-11-04,6.832408915986164,851467.0,Started
42,385,Car Purchase,486876.0,426961.0,2027-05-06,87.6939918993748,59915.0,Almost Complete
43,41,Car Purchase,76974.0,27597.0,2029-02-07,35.85236573388417,49377.0,Started
44,219,Vacation,545659.0,28869.0,2026-11-21,5.290666881697177,516790.0,Started
45,46,Car Purchase,567942.0,317324.0,2028-12-07,55.87260670984009,250618.0,Half Completed
46,394,House Down Payment,499024.0,331314.0,2029-01-08,66.39239796081952,167710.0,Half Completed
47,263,Car Purchase,682507.0,658243.0,2028-09-08,96.44487162769026,24264.0,Almost Complete
48,261,Emergency Fund,508628.0,46574.0,2027-06-04,9.156790424435933,462054.0,Started
49,83,Vacation,567077.0,16628.0,2027-10-28,2.9322296619330355,550449.0,Started
50,409,Car Purchase,473662.0,317135.0,2027-03-01,66.95386161440014,156527.0,Half Completed
51,368,Vacation,369950.0,101726.0,2027-04-14,27.497229355318286,268224.0,Started
52,184,Vacation,635414.0,266027.0,2027-06-17,41.866719965251,369387.0,Started
53,161,Emergency Fund,187042.0,63796.0,2029-05-04,34.10784743533538,123246.0,Started
54,300,Vacation,795079.0,330844.0,2027-09-18,41.61146250875699,464235.0,Started
55,365,Vacation,764128.0,118286.0,2028-07-28,15.479867247372168,645842.0,Started
56,178,Car Purchase,898985.0,330393.0,2026-09-14,36.75178117543674,568592.0,Started
57,164,Vacation,616520.0,144576.0,2028-12-03,23.450334133523647,471944.0,Started
58,195,Vacation,143791.0,98288.0,2028-05-28,68.35476490183669,45503.0,Half Completed
59,466,Car Purchase,708248.0,530041.0,2028-03-19,74.83833346511392,178207.0,Half Completed
60,306,Car Purchase,805208.0,533995.0,2028-04-04,66.3176471172666,271213.0,Half Completed
61,91,House Down Payment,716304.0,375073.0,2026-09-19,52.36226518349751,341231.0,Half Completed
62,256,Car Purchase,844566.0,401552.0,2029-04-20,47.545366495928086,443014.0,Started
63,84,Vacation,114025.0,83074.0,2028-05-22,72.85595264196448,30951.0,Half Completed
64,208,Vacation,931844.0,680856.0,2026-12-10,73.06544872317684,250988.0,Half Completed
65,426,House Down Payment,225481.0,38233.0,2027-05-02,16.956195865727043,187248.0,Started
66,23,Car Purchase,513443.0,444503.0,2028-08-31,86.5729983659335,68940.0,Almost Complete
67,315,House Down Payment,142165.0,33692.0,2027-11-04,23.69922273414694,108473.0,Started
68,222,Emergency Fund,130556.0,115534.0,2029-07-03,88.49382640399523,15022.0,Almost Complete
69,446,Car Purchase,705176.0,700466.0,2028-07-18,99.33208163635744,4710.0,Almost Complete
70,244,Emergency Fund,333603.0,73650.0,2027-01-23,22.0771395940684,259953.0,Started
71,328,House Down Payment,784576.0,260114.0,2026-07-29,33.153448486826,524462.0,Started
72,493,Vacation,610398.0,568220.0,2026-09-25,93.0900822086573,42178.0,Almost Complete
73,356,Emergency Fund,149877.0,96756.0,2026-10-27,64.55693668808424,53121.0,Half Completed
74,382,House Down Payment,908576.0,784039.0,2029-04-04,86.29316644947698,124537.0,Almost Complete
75,299,Car Purchase,835406.0,179546.0,2028-04-04,21.492064936090955,655860.0,Started
76,333,Emergency Fund,100837.0,30298.0,2028-10-14,30.046510705395836,70539.0,Started
77,179,Car Purchase,732949.0,636838.0,2027-09-28,86.88708218443576,96111.0,Almost Complete
78,399,Emergency Fund,633242.0,53494.0,2028-01-21,8.44763929113988,579748.0,Started
79,186,House Down Payment,763851.0,300397.0,2028-08-31,39.326648783597854,463454.0,Started
80,129,Emergency Fund,457346.0,415047.0,2027-02-17,90.75120368386298,42299.0,Almost Complete
81,487,House Down Payment,933182.0,176028.0,2029-06-11,18.863201390511176,757154.0,Started
82,348,House Down Payment,432804.0,24278.0,2026-11-13,5.609467564994778,408526.0,Started
83,380,Car Purchase,627396.0,489640.0,2028-02-16,78.04321353658614,137756.0,Almost Complete
84,266,House Down Payment,917506.0,182708.0,2027-01-04,19.913548249275753,734798.0,Started
85,332,Car Purchase,224670.0,39406.0,2029-02-28,17.539502381270307,185264.0,Started
86,429,Emergency Fund,405162.0,332354.0,2026-10-28,82.02990408774762,72808.0,Almost Complete
87,334,Vacation,396283.0,80348.0,2027-02-16,20.275409240366102,315935.0,Started
88,394,Car Purchase,98052.0,11833.0,2028-01-21,12.068086321543671,86219.0,Started
89,109,House Down Payment,398238.0,49638.0,2027-01-01,12.464405707139951,348600.0,Started
90,204,House Down Payment,602358.0,442225.0,2029-02-11,73.41564318893415,160133.0,Half Completed
91,419,Emergency Fund,557571.0,346404.0,2028-01-23,62.127334456060304,211167.0,Half Completed
92,347,House Down Payment,244123.0,146671.0,2026-11-28,60.08077895159407,97452.0,Half Completed
93,234,House Down Payment,909323.0,744739.0,2029-06-28,81.9003808327734,164584.0,Almost Complete
94,447,Vacation,916799.0,46576.0,2029-03-25,5.080284773434526,870223.0,Started
95,396,Car Purchase,226971.0,106896.0,2027-09-02,47.096765666098314,120075.0,Started
96,31,Car Purchase,741325.0,193509.0,2027-09-07,26.103126159241896,547816.0,Started
97,369,Car Purchase,485505.0,256764.0,2026-12-13,52.88596409923688,228741.0,Half Completed
98,92,House Down Payment,619757.0,552819.0,2026-09-03,89.19931521547961,66938.0,Almost Complete
99,233,Vacation,530735.0,17924.0,2027-08-03,3.3772033123875382,512811.0,Started
100,453,Car Purchase,584154.0,433594.0,2028-09-04,74.22597465736774,150560.0,Half Completed
101,180,House Down Payment,99162.0,40091.0,2027-09-07,40.42980173856921,59071.0,Started
102,180,House Down Payment,678793.0,94518.0,2026-08-23,13.924421730925335,584275.0,Started
103,423,Vacation,735050.0,519325.0,2028-02-12,70.65165634990817,215725.0,Half Completed
104,5,Emergency Fund,229782.0,122368.0,2029-07-04,53.25395374746499,107414.0,Half Completed
105,189,Car Purchase,803250.0,347067.0,2027-08-19,43.207843137254905,456183.0,Started
106,125,Car Purchase,608219.0,332309.0,2026-09-11,54.63640563678543,275910.0,Half Completed
107,184,Car Purchase,849872.0,815072.0,2027-02-25,95.90526573413408,34800.0,Almost Complete
108,395,Emergency Fund,640195.0,261864.0,2027-03-01,40.90378712735963,378331.0,Started
109,40,Emergency Fund,575857.0,456943.0,2027-02-05,79.350081704312,118914.0,Almost Complete
110,378,Car Purchase,637411.0,278234.0,2029-03-17,43.65064299172747,359177.0,Started
111,121,Car Purchase,318312.0,254987.0,2027-11-04,80.10599663223505,63325.0,Almost Complete
112,45,House Down Payment,390241.0,330309.0,2026-11-06,84.6423107771864,59932.0,Almost Complete
113,403,House Down Payment,706481.0,635271.0,2026-07-28,89.92046495234834,71210.0,Almost Complete
114,135,Vacation,568531.0,401260.0,2027-03-30,70.57838534750084,167271.0,Half Completed
115,190,House Down Payment,622919.0,224350.0,2028-08-19,36.01591860257915,398569.0,Started
116,50,House Down Payment,582275.0,231040.0,2027-11-07,39.678845906144005,351235.0,Started
117,277,Vacation,630040.0,318213.0,2028-09-11,50.506793219478126,311827.0,Half Completed
118,74,House Down Payment,753329.0,334252.0,2026-08-02,44.36998973887903,419077.0,Started
119,482,House Down Payment,773033.0,62875.0,2028-04-20,8.133546692055837,710158.0,Started
120,233,Vacation,653773.0,511607.0,2028-11-15,78.25453177173117,142166.0,Almost Complete
121,28,House Down Payment,665077.0,574576.0,2029-03-04,86.39240268420048,90501.0,Almost Complete
122,489,Vacation,424763.0,29262.0,2027-06-21,6.8890181112761715,395501.0,Started
123,18,Emergency Fund,776852.0,111543.0,2028-04-27,14.35833337624155,665309.0,Started
124,3,Car Purchase,634003.0,550676.0,2028-02-08,86.85700225393255,83327.0,Almost Complete
125,103,Car Purchase,131112.0,62112.0,2027-02-26,47.37323814753798,69000.0,Started
126,18,Vacation,920183.0,37289.0,2027-10-09,4.0523461094151925,882894.0,Started
127,79,Vacation,475821.0,296532.0,2028-04-23,62.32007414552952,179289.0,Half Completed
128,41,House Down Payment,56240.0,51293.0,2029-01-16,91.20376955903272,4947.0,Almost Complete
129,267,Car Purchase,808616.0,376336.0,2027-03-27,46.54075605726328,432280.0,Started
130,413,Car Purchase,722684.0,233539.0,2027-09-27,32.31550719263191,489145.0,Started
131,345,Car Purchase,129991.0,123853.0,2026-09-18,95.27813464009047,6138.0,Almost Complete
132,257,House Down Payment,553483.0,273585.0,2029-06-07,49.42970244795233,279898.0,Started
133,93,Emergency Fund,727638.0,132355.0,2026-07-25,18.189676734859916,595283.0,Started
134,346,Car Purchase,222029.0,12230.0,2026-10-30,5.508289457683456,209799.0,Started
135,381,House Down Payment,886986.0,284747.0,2026-08-09,32.102761486652554,602239.0,Started
136,6,Vacation,748542.0,200765.0,2026-10-05,26.82080631414136,547777.0,Started
137,298,Car Purchase,151078.0,145082.0,2029-04-09,96.03118918704246,5996.0,Almost Complete
138,231,Emergency Fund,305557.0,226622.0,2026-10-15,74.1668493930756,78935.0,Half Completed
139,70,Vacation,473960.0,444105.0,2027-12-27,93.70094522744536,29855.0,Almost Complete
140,424,Emergency Fund,485254.0,345469.0,2028-07-04,71.19343683926355,139785.0,Half Completed
141,35,Vacation,550894.0,217729.0,2028-12-30,39.52284831564693,333165.0,Started
142,460,Vacation,162103.0,120570.0,2027-10-14,74.37863580562976,41533.0,Half Completed
143,38,Emergency Fund,273795.0,141245.0,2027-10-10,51.58786683467558,132550.0,Half Completed
144,411,Vacation,884914.0,188849.0,2029-01-06,21.340943865731585,696065.0,Started
145,6,Vacation,762924.0,91639.0,2027-09-29,12.011550298588064,671285.0,Started
146,424,Car Purchase,654897.0,486166.0,2027-12-06,74.23549046643976,168731.0,Half Completed
147,71,House Down Payment,106866.0,37568.0,2026-09-30,35.15430539179907,69298.0,Started
148,463,Emergency Fund,79684.0,60067.0,2028-09-01,75.38150695246223,19617.0,Almost Complete
149,331,House Down Payment,961952.0,168610.0,2026-08-22,17.527901600079836,793342.0,Started
150,303,Car Purchase,413179.0,334711.0,2029-06-16,81.00871535097379,78468.0,Almost Complete
151,323,House Down Payment,86478.0,21228.0,2027-03-13,24.547283702213278,65250.0,Started
152,264,House Down Payment,230531.0,174638.0,2028-02-09,75.75467073842563,55893.0,Almost Complete
153,87,Emergency Fund,662684.0,495365.0,2028-10-15,74.75131435193848,167319.0,Half Completed
154,253,Car Purchase,533760.0,428438.0,2027-10-07,80.26791067146283,105322.0,Almost Complete
155,70,Car Purchase,329275.0,52881.0,2028-05-15,16.05982841090274,276394.0,Started
156,201,Vacation,692589.0,558095.0,2027-03-23,80.58097948422514,134494.0,Almost Complete
157,279,Vacation,643669.0,266496.0,2028-02-15,41.40264639123525,377173.0,Started
158,370,Car Purchase,706699.0,60645.0,2028-06-19,8.581446980963607,646054.0,Started
159,181,Vacation,828464.0,329895.0,2027-11-29,39.82007667200989,498569.0,Started
160,417,Emergency Fund,788024.0,217593.0,2029-04-07,27.61248388373958,570431.0,Started
161,329,Car Purchase,558216.0,115546.0,2027-01-14,20.69915588231079,442670.0,Started
162,325,Car Purchase,611888.0,255203.0,2026-09-18,41.7074693407944,356685.0,Started
163,398,Vacation,805858.0,166302.0,2027-08-12,20.63663821665852,639556.0,Started
164,222,Vacation,592287.0,361252.0,2028-08-02,60.9927281875172,231035.0,Half Completed
165,265,House Down Payment,754118.0,209933.0,2028-06-24,27.838216300366785,544185.0,Started
166,405,Car Purchase,817674.0,787453.0,2028-06-04,96.30402825575963,30221.0,Almost Complete
167,245,Vacation,105284.0,99773.0,2028-05-08,94.76558641389005,5511.0,Almost Complete
168,30,Vacation,106523.0,42031.0,2029-05-05,39.45720642490354,64492.0,Started
169,243,House Down Payment,958225.0,851769.0,2027-12-08,88.89029194604608,106456.0,Almost Complete
170,162,Vacation,150252.0,37501.0,2028-09-09,24.958735990203127,112751.0,Started
171,40,Car Purchase,116785.0,113318.0,2027-11-11,97.03129682750354,3467.0,Almost Complete
172,64,Emergency Fund,694689.0,514758.0,2029-04-22,74.0990572759897,179931.0,Half Completed
173,46,House Down Payment,195842.0,124314.0,2029-03-16,63.476680180962205,71528.0,Half Completed
174,472,Vacation,993712.0,352661.0,2028-05-18,35.48925644452316,641051.0,Started
175,2,Car Purchase,513626.0,152856.0,2029-02-20,29.760175692040512,360770.0,Started
176,233,Emergency Fund,50797.0,28583.0,2027-04-25,56.2690710081304,22214.0,Half Completed
177,133,Emergency Fund,483057.0,92869.0,2029-03-27,19.2252674115063,390188.0,Started
178,66,Emergency Fund,905099.0,64948.0,2026-12-16,7.175789609755396,840151.0,Started
179,31,Car Purchase,469627.0,81732.0,2026-10-30,17.403599026461425,387895.0,Started
180,252,Emergency Fund,616405.0,105466.0,2027-09-25,17.109854722138852,510939.0,Started
181,48,Emergency Fund,178416.0,100088.0,2029-04-23,56.09810779302305,78328.0,Half Completed
182,417,Emergency Fund,290636.0,217700.0,2027-08-04,74.90469177940791,72936.0,Half Completed
183,430,Vacation,713625.0,45082.0,2028-02-06,6.31732352425994,668543.0,Started
184,65,House Down Payment,552719.0,12318.0,2027-09-19,2.2286188822891924,540401.0,Started
185,234,Car Purchase,715498.0,527705.0,2027-08-01,73.75352551649341,187793.0,Half Completed
186,17,Car Purchase,175142.0,21485.0,2028-10-28,12.26718890957052,153657.0,Started
187,90,Car Purchase,466106.0,184789.0,2028-12-17,39.64527382183452,281317.0,Started
188,35,Emergency Fund,804714.0,284028.0,2028-02-27,35.295521141672694,520686.0,Started
189,19,Vacation,863209.0,670578.0,2027-07-30,77.6843151542674,192631.0,Almost Complete
190,127,Vacation,801642.0,464311.0,2028-06-09,57.91999421188012,337331.0,Half Completed
191,72,Emergency Fund,822132.0,136078.0,2028-11-13,16.551843256314072,686054.0,Started
192,57,Car Purchase,875093.0,555702.0,2027-10-26,63.502050639189214,319391.0,Half Completed
193,34,Car Purchase,530701.0,24470.0,2028-01-15,4.610882587370289,506231.0,Started
194,159,Emergency Fund,551523.0,144416.0,2027-06-01,26.18494604939413,407107.0,Started
195,151,Vacation,833137.0,66271.0,2029-03-25,7.954394055239414,766866.0,Started
196,384,Vacation,681426.0,540324.0,2029-01-23,79.2931294080355,141102.0,Almost Complete
197,341,Emergency Fund,342068.0,257724.0,2028-10-13,75.34291427435481,84344.0,Almost Complete
198,84,House Down Payment,454593.0,169371.0,2028-12-01,37.2577228421907,285222.0,Started
199,158,House Down Payment,91037.0,24921.0,2027-03-14,27.374583960367758,66116.0,Started
200,255,House Down Payment,442796.0,156342.0,2027-07-19,35.30790702716375,286454.0,Started
201,103,Vacation,581980.0,470162.0,2028-10-22,80.78662496993024,111818.0,Almost Complete
202,480,Emergency Fund,972960.0,219769.0,2028-03-16,22.587670613385956,753191.0,Started
203,130,Car Purchase,621486.0,254506.0,2028-03-20,40.951204049648744,366980.0,Started
204,263,House Down Payment,612217.0,225463.0,2026-08-20,36.82730143070186,386754.0,Started
205,66,Car Purchase,830619.0,740334.0,2029-01-30,89.13039552430175,90285.0,Almost Complete
206,341,Vacation,945214.0,175392.0,2027-09-15,18.55579794628518,769822.0,Started
207,451,Vacation,214338.0,24987.0,2029-05-11,11.65775550765613,189351.0,Started
208,170,Vacation,486366.0,159543.0,2029-06-20,32.803074228050484,326823.0,Started
209,5,House Down Payment,259657.0,118989.0,2029-05-13,45.8254543493917,140668.0,Started
210,171,Car Purchase,871676.0,332303.0,2029-05-10,38.12230691220132,539373.0,Started
211,331,Vacation,512237.0,130156.0,2029-01-21,25.40933200842579,382081.0,Started
212,225,House Down Payment,670848.0,75156.0,2027-07-27,11.203133943903836,595692.0,Started
213,313,House Down Payment,711731.0,152477.0,2027-08-11,21.42340294296581,559254.0,Started
214,312,Car Purchase,51971.0,26723.0,2028-07-26,51.419060629966715,25248.0,Half Completed
215,488,Vacation,473262.0,239109.0,2029-05-07,50.523600035498305,234153.0,Half Completed
216,136,House Down Payment,865702.0,666526.0,2027-02-16,76.99254477868827,199176.0,Almost Complete
217,342,Vacation,909761.0,886324.0,2027-08-04,97.42382889572096,23437.0,Almost Complete
218,278,Car Purchase,599373.0,582562.0,2027-04-05,97.19523568796059,16811.0,Almost Complete
219,308,Vacation,639960.0,237504.0,2028-08-21,37.11231951997,402456.0,Started
220,85,House Down Payment,630571.0,114476.0,2026-09-11,18.15433947961451,516095.0,Started
221,33,Vacation,764236.0,533751.0,2028-09-26,69.84112237581061,230485.0,Half Completed
222,214,Emergency Fund,160008.0,145969.0,2027-05-08,91.22606369681516,14039.0,Almost Complete
223,196,Car Purchase,320435.0,24712.0,2027-11-29,7.712016477600761,295723.0,Started
224,285,House Down Payment,604817.0,486363.0,2028-06-19,80.41490235889533,118454.0,Almost Complete
225,97,Vacation,716732.0,612180.0,2028-07-18,85.41267865813164,104552.0,Almost Complete
226,340,House Down Payment,419683.0,293679.0,2027-11-21,69.97638693966637,126004.0,Half Completed
227,499,Emergency Fund,714314.0,518421.0,2028-12-30,72.57606598778689,195893.0,Half Completed
228,405,Vacation,137152.0,23754.0,2028-04-04,17.31947036864209,113398.0,Started
229,242,House Down Payment,210483.0,66960.0,2027-06-14,31.81254543122247,143523.0,Started
230,19,Vacation,727125.0,45501.0,2029-05-18,6.2576585869004635,681624.0,Started
231,299,Car Purchase,794015.0,596231.0,2027-05-27,75.0906469021366,197784.0,Almost Complete
232,396,Emergency Fund,712603.0,318037.0,2028-02-13,44.63032010811069,394566.0,Started
233,16,House Down Payment,753218.0,569521.0,2027-06-01,75.61170869522502,183697.0,Almost Complete
234,285,Emergency Fund,878064.0,499199.0,2026-12-14,56.852234005721684,378865.0,Half Completed
235,390,Vacation,710923.0,43678.0,2028-07-23,6.1438439887301435,667245.0,Started
236,246,House Down Payment,914515.0,813107.0,2027-03-23,88.91128084285113,101408.0,Almost Complete
237,402,Car Purchase,847259.0,614491.0,2026-11-14,72.52693686346205,232768.0,Half Completed
238,98,Emergency Fund,336784.0,129819.0,2029-01-20,38.546664924699506,206965.0,Started
239,238,Vacation,97726.0,48065.0,2028-08-14,49.18343122608108,49661.0,Started
240,154,Vacation,590710.0,295526.0,2028-10-20,50.02894821486008,295184.0,Half Completed
241,384,Vacation,866335.0,214126.0,2027-03-29,24.716304893603514,652209.0,Started
242,433,Emergency Fund,119008.0,53966.0,2029-01-17,45.346531325625165,65042.0,Started
243,429,Car Purchase,512142.0,135215.0,2026-10-16,26.401857297390173,376927.0,Started
244,188,Emergency Fund,214800.0,39408.0,2029-05-23,18.3463687150838,175392.0,Started
245,103,House Down Payment,427998.0,260224.0,2026-10-15,60.80028411347717,167774.0,Half Completed
246,64,House Down Payment,529248.0,306266.0,2027-06-19,57.86814499062821,222982.0,Half Completed
247,348,Vacation,776088.0,301826.0,2028-04-05,38.89069280803208,474262.0,Started
248,146,Vacation,101862.0,60982.0,2027-08-30,59.86727140641259,40880.0,Half Completed
249,89,Emergency Fund,410601.0,111135.0,2026-08-06,27.066422147047863,299466.0,Started
250,116,Car Purchase,279312.0,43128.0,2028-09-09,15.440797387867331,236184.0,Started
251,381,Car Purchase,52436.0,29129.0,2026-10-06,55.55152948356091,23307.0,Half Completed
252,492,House Down Payment,135825.0,54621.0,2028-11-07,40.21424627277747,81204.0,Started
253,243,Vacation,851101.0,31148.0,2029-01-02,3.659730161285206,819953.0,Started
254,84,House Down Payment,67874.0,30621.0,2028-08-01,45.1144768247046,37253.0,Started
255,83,Car Purchase,297575.0,97967.0,2027-07-25,32.92178442409477,199608.0,Started
256,63,Car Purchase,154184.0,31180.0,2027-05-14,20.222591189747316,123004.0,Started
257,401,Car Purchase,931201.0,702123.0,2028-12-30,75.39972573053508,229078.0,Almost Complete
258,474,House Down Payment,242191.0,55523.0,2027-08-17,22.925294498969823,186668.0,Started
259,322,Vacation,517428.0,352109.0,2028-02-02,68.04985427924272,165319.0,Half Completed
260,484,Car Purchase,281732.0,14760.0,2028-09-30,5.239021481407863,266972.0,Started
261,102,Car Purchase,453781.0,164639.0,2028-11-17,36.281598392175965,289142.0,Started
262,127,Car Purchase,476468.0,70571.0,2027-12-23,14.811277987189067,405897.0,Started
263,43,Car Purchase,165542.0,112837.0,2028-10-28,68.16215824382937,52705.0,Half Completed
264,125,Car Purchase,818608.0,82153.0,2029-02-28,10.035694740339698,736455.0,Started
265,258,House Down Payment,568439.0,321005.0,2029-05-25,56.47131882224829,247434.0,Half Completed
266,365,Car Purchase,135474.0,35129.0,2027-10-24,25.930436836588573,100345.0,Started
267,52,Vacation,76607.0,48613.0,2026-08-23,63.457647473468484,27994.0,Half Completed
268,400,Car Purchase,683997.0,126172.0,2027-04-04,18.446279735145037,557825.0,Started
269,162,Car Purchase,227919.0,27448.0,2026-07-28,12.042874880988421,200471.0,Started
270,34,Vacation,490615.0,23323.0,2026-11-05,4.753829377414062,467292.0,Started
271,216,Emergency Fund,271065.0,242363.0,2029-05-31,89.41139579067752,28702.0,Almost Complete
272,5,Car Purchase,850128.0,555916.0,2027-10-10,65.39203508177593,294212.0,Half Completed
273,280,Car Purchase,962360.0,727176.0,2026-10-28,75.5617440458872,235184.0,Almost Complete
274,103,Emergency Fund,761966.0,456625.0,2028-10-03,59.92721460012651,305341.0,Half Completed
275,115,House Down Payment,82440.0,32453.0,2027-09-16,39.365599223677826,49987.0,Started
276,404,Emergency Fund,764164.0,506301.0,2027-09-24,66.25554200407242,257863.0,Half Completed
277,14,House Down Payment,366230.0,81053.0,2028-09-17,22.131720503508724,285177.0,Started
278,75,Vacation,533796.0,111262.0,2029-03-11,20.843543226251228,422534.0,Started
279,138,Vacation,902710.0,395109.0,2027-10-29,43.7692060573163,507601.0,Started
280,215,Vacation,806508.0,742475.0,2026-07-21,92.06046313241778,64033.0,Almost Complete
281,5,Vacation,427512.0,285229.0,2029-04-22,66.71836112202698,142283.0,Half Completed
282,425,Emergency Fund,900107.0,179932.0,2026-12-11,19.990067847489243,720175.0,Started
283,217,Car Purchase,706177.0,106207.0,2028-07-12,15.039713839448185,599970.0,Started
284,348,Emergency Fund,764751.0,703357.0,2028-05-13,91.97202749653155,61394.0,Almost Complete
285,31,Vacation,87062.0,18095.0,2028-05-07,20.784038960740624,68967.0,Started
286,268,House Down Payment,269243.0,107846.0,2028-03-05,40.055266060770386,161397.0,Started
287,43,Vacation,142565.0,66237.0,2028-05-12,46.46091256619788,76328.0,Started
288,105,Vacation,81051.0,48447.0,2029-07-09,59.773475959581,32604.0,Half Completed
289,316,House Down Payment,447980.0,229018.0,2028-09-26,51.1223715344435,218962.0,Half Completed
290,472,House Down Payment,533574.0,377934.0,2027-11-08,70.8306626634731,155640.0,Half Completed
291,42,Emergency Fund,809250.0,204938.0,2028-05-29,25.324436206363917,604312.0,Started
292,250,House Down Payment,769565.0,508395.0,2026-11-16,66.06264578040842,261170.0,Half Completed
293,268,Car Purchase,880360.0,706250.0,2028-04-05,80.22286337407424,174110.0,Almost Complete
294,354,House Down Payment,176524.0,87081.0,2027-09-11,49.330969160000905,89443.0,Started
295,456,Emergency Fund,874406.0,618922.0,2026-09-09,70.78199371916479,255484.0,Half Completed
296,153,House Down Payment,886038.0,547599.0,2028-09-12,61.80310551014742,338439.0,Half Completed
297,493,Car Purchase,790029.0,274979.0,2028-04-08,34.806190658823915,515050.0,Started
298,462,House Down Payment,572723.0,385275.0,2029-05-02,67.27073995631396,187448.0,Half Completed
299,83,House Down Payment,577365.0,551001.0,2028-03-31,95.43373775687823,26364.0,Almost Complete
300,256,Emergency Fund,179981.0,128646.0,2027-04-22,71.4775448519566,51335.0,Half Completed
301,99,Emergency Fund,903454.0,739116.0,2027-01-10,81.81003127995449,164338.0,Almost Complete
302,271,Emergency Fund,248110.0,55698.0,2026-07-30,22.44891378823909,192412.0,Started
303,267,Vacation,174132.0,77295.0,2027-01-29,44.388739576872716,96837.0,Started
304,23,House Down Payment,934368.0,833993.0,2028-04-30,89.25744460426726,100375.0,Almost Complete
305,304,Car Purchase,408433.0,368115.0,2028-06-25,90.12861350576472,40318.0,Almost Complete
306,228,Emergency Fund,472351.0,81495.0,2028-06-15,17.253059695014937,390856.0,Started
307,283,House Down Payment,967105.0,377795.0,2029-03-25,39.06452763660616,589310.0,Started
308,216,Vacation,708387.0,633506.0,2029-06-29,89.42936558688966,74881.0,Almost Complete
309,363,Emergency Fund,772544.0,229418.0,2027-09-15,29.696431530113493,543126.0,Started
310,25,Car Purchase,838991.0,277268.0,2027-05-25,33.047791931021905,561723.0,Started
311,155,Emergency Fund,637686.0,439952.0,2027-06-09,68.99194901565974,197734.0,Half Completed
312,496,Car Purchase,453583.0,80412.0,2028-06-09,17.728177643342015,373171.0,Started
313,228,Vacation,868968.0,406152.0,2028-01-13,46.73958074405501,462816.0,Started
314,293,Vacation,56404.0,31429.0,2027-01-05,55.721225445003896,24975.0,Half Completed
315,189,Emergency Fund,283392.0,253072.0,2026-08-23,89.30103884372177,30320.0,Almost Complete
316,471,Car Purchase,561895.0,490799.0,2028-01-05,87.34710221660632,71096.0,Almost Complete
317,172,Car Purchase,82830.0,51634.0,2027-07-05,62.33731739707835,31196.0,Half Completed
318,334,Emergency Fund,442747.0,154803.0,2028-12-16,34.964212066936646,287944.0,Started
319,77,House Down Payment,913785.0,813904.0,2029-04-22,89.06952948450675,99881.0,Almost Complete
320,377,Car Purchase,452356.0,246557.0,2027-11-21,54.505080069679636,205799.0,Half Completed
321,15,Emergency Fund,890118.0,825689.0,2029-04-24,92.76174619544825,64429.0,Almost Complete
322,440,House Down Payment,302786.0,241900.0,2028-09-11,79.8914084534952,60886.0,Almost Complete
323,55,Emergency Fund,187084.0,34055.0,2027-01-15,18.203053173975327,153029.0,Started
324,138,Vacation,532103.0,151725.0,2028-04-17,28.514216232571517,380378.0,Started
325,25,Emergency Fund,915392.0,147041.0,2026-12-16,16.063172935747748,768351.0,Started
326,234,House Down Payment,319433.0,134243.0,2029-01-09,42.02540125785376,185190.0,Started
327,394,Car Purchase,839571.0,140562.0,2028-12-17,16.742121869383293,699009.0,Started
328,50,House Down Payment,290781.0,231014.0,2029-05-09,79.4460435860665,59767.0,Almost Complete
329,178,Vacation,270105.0,127072.0,2028-01-31,47.045408267155366,143033.0,Started
330,95,Vacation,399886.0,272207.0,2028-07-24,68.07115027782919,127679.0,Half Completed
331,366,Vacation,731700.0,581123.0,2029-05-16,79.42093754270876,150577.0,Almost Complete
332,9,Vacation,813148.0,760678.0,2027-02-07,93.54730012248693,52470.0,Almost Complete
333,326,Emergency Fund,980651.0,572025.0,2028-10-18,58.33114940993279,408626.0,Half Completed
334,199,House Down Payment,331439.0,329443.0,2026-10-16,99.39777756992991,1996.0,Almost Complete
335,166,Vacation,143871.0,73535.0,2028-05-13,51.111759840412596,70336.0,Half Completed
336,381,Car Purchase,614414.0,580734.0,2027-03-11,94.51835407396317,33680.0,Almost Complete
337,50,Car Purchase,866641.0,754361.0,2028-01-01,87.04423169455403,112280.0,Almost Complete
338,244,House Down Payment,379377.0,303240.0,2028-05-26,79.93104484457413,76137.0,Almost Complete
339,256,Emergency Fund,446081.0,145465.0,2029-05-19,32.609548490072434,300616.0,Started
340,473,House Down Payment,817059.0,580344.0,2029-02-21,71.02840798522506,236715.0,Half Completed
341,363,Vacation,480746.0,16516.0,2028-01-30,3.4354940030702283,464230.0,Started
342,254,House Down Payment,772807.0,266755.0,2028-03-06,34.51767388235355,506052.0,Started
343,149,House Down Payment,395127.0,365777.0,2028-08-16,92.57200849347173,29350.0,Almost Complete
344,189,Emergency Fund,912330.0,793117.0,2026-11-05,86.93312726754574,119213.0,Almost Complete
345,94,Emergency Fund,856450.0,408951.0,2028-06-13,47.749547550937,447499.0,Started
346,340,Vacation,594990.0,302629.0,2029-01-05,50.862871644901595,292361.0,Half Completed
347,416,Vacation,398212.0,337758.0,2027-03-07,84.81863931775034,60454.0,Almost Complete
348,398,House Down Payment,516177.0,479615.0,2027-07-16,92.916770797614,36562.0,Almost Complete
349,188,Car Purchase,611607.0,536357.0,2027-07-17,87.69634749111766,75250.0,Almost Complete
350,27,House Down Payment,880455.0,673080.0,2026-12-25,76.44683714670256,207375.0,Almost Complete
351,452,Car Purchase,447208.0,368693.0,2026-11-29,82.44329260657234,78515.0,Almost Complete
352,470,Car Purchase,451994.0,243494.0,2028-10-19,53.87106908498785,208500.0,Half Completed
353,245,Vacation,868133.0,428792.0,2029-05-15,49.392431804804104,439341.0,Started
354,132,House Down Payment,535615.0,74364.0,2029-03-28,13.88385314078209,461251.0,Started
355,444,Vacation,853103.0,90760.0,2028-04-20,10.63880914731281,762343.0,Started
356,302,Emergency Fund,486294.0,173997.0,2027-12-06,35.780207035250285,312297.0,Started
357,303,House Down Payment,876086.0,46074.0,2029-03-11,5.259072739434256,830012.0,Started
358,163,Emergency Fund,491713.0,392270.0,2029-04-22,79.7762109197845,99443.0,Almost Complete
359,198,Emergency Fund,171717.0,144832.0,2026-12-02,84.34342551989612,26885.0,Almost Complete
360,488,House Down Payment,412991.0,61080.0,2027-04-15,14.789668539992398,351911.0,Started
361,334,Vacation,906575.0,481225.0,2028-04-07,53.08165347599482,425350.0,Half Completed
362,470,Vacation,396425.0,184261.0,2029-06-29,46.480670997036015,212164.0,Started
363,207,Vacation,836387.0,419691.0,2026-11-14,50.17904391149073,416696.0,Half Completed
364,22,House Down Payment,341270.0,221061.0,2027-07-25,64.7759838251238,120209.0,Half Completed
365,204,Emergency Fund,522623.0,411753.0,2028-03-16,78.78585519581036,110870.0,Almost Complete
366,414,Emergency Fund,666369.0,528942.0,2028-12-08,79.37674171517583,137427.0,Almost Complete
367,134,Car Purchase,630463.0,307505.0,2027-03-14,48.774472094317986,322958.0,Started
368,240,Vacation,660947.0,624092.0,2029-02-14,94.42390993528981,36855.0,Almost Complete
369,477,House Down Payment,608753.0,561817.0,2029-07-05,92.28981212412917,46936.0,Almost Complete
370,472,Vacation,316504.0,284463.0,2028-08-16,89.8765892374188,32041.0,Almost Complete
371,346,Emergency Fund,927726.0,214215.0,2028-03-14,23.090330550184,713511.0,Started
372,396,Car Purchase,670691.0,96539.0,2027-02-07,14.393960855297,574152.0,Started
373,445,Emergency Fund,589250.0,348699.0,2026-10-09,59.17675010606703,240551.0,Half Completed
374,325,Emergency Fund,386845.0,336898.0,2027-05-28,87.08862722795952,49947.0,Almost Complete
375,430,Vacation,327449.0,123757.0,2029-02-17,37.79428246841493,203692.0,Started
376,404,House Down Payment,728853.0,271902.0,2028-04-27,37.30546488798153,456951.0,Started
377,1,Car Purchase,828197.0,168732.0,2027-03-12,20.373413571891714,659465.0,Started
378,279,Emergency Fund,269618.0,180341.0,2027-01-17,66.88759652545453,89277.0,Half Completed
379,121,House Down Payment,573716.0,21175.0,2027-07-26,3.690850525347036,552541.0,Started
380,351,Car Purchase,121264.0,102657.0,2028-06-20,84.65579232088666,18607.0,Almost Complete
381,147,Car Purchase,341088.0,102069.0,2028-03-12,29.924535603715167,239019.0,Started
382,179,House Down Payment,181585.0,66522.0,2027-11-25,36.63408321171903,115063.0,Started
383,290,Vacation,770492.0,495376.0,2029-06-17,64.29346443571121,275116.0,Half Completed
384,199,Car Purchase,210516.0,119258.0,2026-08-13,56.65032586596743,91258.0,Half Completed
385,74,Emergency Fund,174506.0,94345.0,2027-10-14,54.06404364319851,80161.0,Half Completed
386,152,Vacation,118954.0,41424.0,2026-11-03,34.82354523597357,77530.0,Started
387,190,Car Purchase,551772.0,197029.0,2027-08-09,35.708408545558676,354743.0,Started
388,59,Vacation,746789.0,640767.0,2028-07-02,85.80295103436178,106022.0,Almost Complete
389,494,Car Purchase,513760.0,367197.0,2027-08-17,71.47247742136406,146563.0,Half Completed
390,230,Vacation,488462.0,263631.0,2026-10-05,53.97164979056712,224831.0,Half Completed
391,184,House Down Payment,121974.0,19281.0,2027-09-15,15.807467165133554,102693.0,Started
392,340,House Down Payment,747262.0,174198.0,2027-07-16,23.31150252521873,573064.0,Started
393,480,Car Purchase,166466.0,154188.0,2027-06-16,92.6243196808958,12278.0,Almost Complete
394,100,Emergency Fund,870744.0,462173.0,2029-05-22,53.077942541091296,408571.0,Half Completed
395,398,Car Purchase,659942.0,659708.0,2027-09-08,99.96454233856915,234.0,Almost Complete
396,470,Car Purchase,746648.0,570514.0,2028-07-27,76.41003525088126,176134.0,Almost Complete
397,89,House Down Payment,521212.0,55839.0,2029-02-27,10.713299003092791,465373.0,Started
398,175,Vacation,803611.0,754822.0,2027-10-30,93.92877897390653,48789.0,Almost Complete
399,76,Car Purchase,521740.0,110275.0,2027-01-29,21.136006439989266,411465.0,Started
400,482,Vacation,299559.0,72262.0,2029-01-12,24.122793840278543,227297.0,Started
401,374,House Down Payment,506483.0,360034.0,2029-05-23,71.0851104578041,146449.0,Half Completed
402,349,Car Purchase,914367.0,384367.0,2028-05-11,42.036403326016796,530000.0,Started
403,498,House Down Payment,575449.0,82714.0,2026-10-15,14.373819400155357,492735.0,Started
404,110,Vacation,669159.0,312383.0,2027-12-28,46.68292588159167,356776.0,Started
405,65,Car Purchase,830074.0,742591.0,2026-09-16,89.46081915588249,87483.0,Almost Complete
406,53,Emergency Fund,432043.0,44106.0,2028-09-27,10.20870607786725,387937.0,Started
407,387,Vacation,871353.0,349401.0,2026-11-10,40.098674130920536,521952.0,Started
408,409,Vacation,541710.0,152286.0,2029-01-25,28.11208949437891,389424.0,Started
409,478,Emergency Fund,378634.0,255170.0,2027-11-07,67.39225743065863,123464.0,Half Completed
410,164,Emergency Fund,383758.0,156354.0,2026-09-14,40.742863992411884,227404.0,Started
411,381,House Down Payment,924600.0,267113.0,2028-09-29,28.889573869781525,657487.0,Started
412,224,Emergency Fund,120317.0,75282.0,2029-03-06,62.569711678316445,45035.0,Half Completed
413,480,Vacation,892661.0,361825.0,2028-12-17,40.533304356300995,530836.0,Started
414,430,Vacation,758947.0,537293.0,2026-07-19,70.79453505976043,221654.0,Half Completed
415,408,House Down Payment,854116.0,776345.0,2028-08-05,90.89456233111193,77771.0,Almost Complete
416,252,Vacation,777924.0,731543.0,2029-03-10,94.03784945573089,46381.0,Almost Complete
417,300,Car Purchase,385932.0,302151.0,2029-06-14,78.29125338142471,83781.0,Almost Complete
418,182,Vacation,173470.0,74267.0,2028-10-06,42.8125900732115,99203.0,Started
419,303,Vacation,774532.0,665418.0,2028-06-22,85.91226702060084,109114.0,Almost Complete
420,331,Vacation,680343.0,536463.0,2027-11-06,78.85184384935245,143880.0,Almost Complete
421,264,Emergency Fund,418194.0,91533.0,2028-10-31,21.88768848907445,326661.0,Started
422,253,House Down Payment,158952.0,93332.0,2027-10-12,58.71709698525341,65620.0,Half Completed
423,254,Car Purchase,883072.0,512311.0,2027-01-30,58.014635273228,370761.0,Half Completed
424,230,Vacation,789757.0,535907.0,2027-09-04,67.85720164556946,253850.0,Half Completed
425,316,Car Purchase,440100.0,356940.0,2027-11-11,81.1042944785276,83160.0,Almost Complete
426,276,Vacation,92934.0,73624.0,2028-11-11,79.22181332989004,19310.0,Almost Complete
427,221,House Down Payment,675567.0,470992.0,2029-07-05,69.7180294478564,204575.0,Half Completed
428,142,Car Purchase,100040.0,69921.0,2027-02-13,69.89304278288685,30119.0,Half Completed
429,245,House Down Payment,928909.0,426601.0,2028-02-26,45.924950667934105,502308.0,Started
430,249,Emergency Fund,909622.0,570432.0,2028-08-03,62.710884301391125,339190.0,Half Completed
431,336,Emergency Fund,122055.0,44446.0,2027-01-06,36.41473106386465,77609.0,Started
432,193,Vacation,775130.0,298657.0,2028-07-07,38.52992401274625,476473.0,Started
433,135,Vacation,244326.0,77249.0,2027-01-18,31.61718359896204,167077.0,Started
434,249,Emergency Fund,497860.0,53188.0,2027-08-17,10.68332462941389,444672.0,Started
435,198,House Down Payment,343559.0,175326.0,2028-01-17,51.03228266469515,168233.0,Half Completed
436,492,Car Purchase,145208.0,47570.0,2028-12-27,32.75990303564542,97638.0,Started
437,301,House Down Payment,93978.0,23133.0,2027-10-24,24.61533550405414,70845.0,Started
438,57,Vacation,267464.0,47162.0,2026-09-28,17.633027248526904,220302.0,Started
439,55,Car Purchase,379847.0,376191.0,2028-05-17,99.03750720684907,3656.0,Almost Complete
440,87,Vacation,321339.0,182874.0,2028-08-12,56.90999225117399,138465.0,Half Completed
441,232,Vacation,859560.0,794703.0,2029-02-18,92.4546279491833,64857.0,Almost Complete
442,491,Car Purchase,295847.0,216245.0,2026-09-20,73.09352469350712,79602.0,Half Completed
443,170,Car Purchase,364719.0,209950.0,2026-12-21,57.56486500566189,154769.0,Half Completed
444,482,Vacation,333682.0,105839.0,2026-12-18,31.718522425542883,227843.0,Started
445,4,Emergency Fund,330906.0,248181.0,2028-10-26,75.00045330093744,82725.0,Almost Complete
446,436,House Down Payment,885894.0,215820.0,2028-10-05,24.36183109943176,670074.0,Started
447,329,House Down Payment,919091.0,523429.0,2027-06-15,56.95072631545733,395662.0,Half Completed
448,170,House Down Payment,317647.0,94090.0,2028-04-13,29.620931411283596,223557.0,Started
449,290,Car Purchase,783708.0,90864.0,2026-10-01,11.594114134345954,692844.0,Started
450,75,Vacation,522623.0,144225.0,2027-03-31,27.596374441997384,378398.0,Started
451,158,Vacation,498891.0,374334.0,2026-11-23,75.03322369014475,124557.0,Almost Complete
452,217,Car Purchase,207755.0,104279.0,2028-08-28,50.19325647998845,103476.0,Half Completed
453,322,Vacation,201321.0,196604.0,2028-07-10,97.65697567566225,4717.0,Almost Complete
454,402,Car Purchase,905885.0,759490.0,2027-04-06,83.83956020907732,146395.0,Almost Complete
455,250,Car Purchase,926735.0,677880.0,2027-01-14,73.14712404301122,248855.0,Half Completed
456,85,House Down Payment,748916.0,381639.0,2029-02-09,50.95885252818741,367277.0,Half Completed
457,35,Car Purchase,413489.0,223990.0,2026-08-15,54.170727637252746,189499.0,Half Completed
458,292,House Down Payment,154398.0,127036.0,2028-04-08,82.27826785321054,27362.0,Almost Complete
459,468,Vacation,109287.0,39604.0,2027-01-03,36.238527912743514,69683.0,Started
460,282,House Down Payment,290631.0,207445.0,2027-05-04,71.37745113219168,83186.0,Half Completed
461,439,House Down Payment,352847.0,303786.0,2028-01-19,86.09567319546433,49061.0,Almost Complete
462,266,Vacation,411537.0,366281.0,2028-01-31,89.00317589912936,45256.0,Almost Complete
463,348,Emergency Fund,165269.0,18282.0,2028-10-30,11.061965643889659,146987.0,Started
464,394,Emergency Fund,176178.0,85523.0,2027-09-20,48.54351848698475,90655.0,Started
465,64,Car Purchase,315110.0,260033.0,2027-09-16,82.52134175367331,55077.0,Almost Complete
466,19,Car Purchase,313982.0,252722.0,2029-06-19,80.4893274136734,61260.0,Almost Complete
467,446,Emergency Fund,229733.0,17419.0,2027-07-22,7.582280299303974,212314.0,Started
468,76,Emergency Fund,91961.0,30440.0,2027-07-31,33.10098846250041,61521.0,Started
469,74,House Down Payment,690537.0,103429.0,2026-10-23,14.978053312132442,587108.0,Started
470,491,Emergency Fund,295482.0,116913.0,2027-05-14,39.566877170182956,178569.0,Started
471,275,House Down Payment,904068.0,312184.0,2027-12-12,34.5310308516616,591884.0,Started
472,360,Car Purchase,827509.0,511423.0,2026-12-17,61.80271151129474,316086.0,Half Completed
473,143,Vacation,239003.0,84762.0,2027-08-29,35.464826801337225,154241.0,Started
474,203,Vacation,402212.0,46783.0,2028-09-14,11.631428202042704,355429.0,Started
475,383,Emergency Fund,121485.0,73306.0,2028-02-16,60.34160595958349,48179.0,Half Completed
476,244,Emergency Fund,632134.0,389543.0,2028-10-23,61.62348489402564,242591.0,Half Completed
477,413,Emergency Fund,119600.0,63496.0,2027-03-25,53.090301003344486,56104.0,Half Completed
478,202,Emergency Fund,691599.0,452802.0,2027-12-26,65.47175458611132,238797.0,Half Completed
479,147,Vacation,702322.0,181931.0,2027-01-08,25.90421487579771,520391.0,Started
480,100,House Down Payment,460753.0,368708.0,2028-12-08,80.02291900432553,92045.0,Almost Complete
481,170,House Down Payment,718897.0,595415.0,2026-09-22,82.8234086385115,123482.0,Almost Complete
482,55,Emergency Fund,242529.0,187206.0,2026-10-30,77.18911965167052,55323.0,Almost Complete
483,433,Emergency Fund,111430.0,12464.0,2028-09-02,11.185497621825363,98966.0,Started
484,431,Vacation,285271.0,150195.0,2029-06-06,52.64993637628781,135076.0,Half Completed
485,14,Vacation,784169.0,220623.0,2028-07-14,28.13462404150126,563546.0,Started
486,352,Car Purchase,51061.0,33053.0,2028-08-15,64.73237891933178,18008.0,Half Completed
487,264,Emergency Fund,225974.0,37533.0,2028-09-23,16.60943294361298,188441.0,Started
488,324,Car Purchase,863104.0,233969.0,2029-02-25,27.10785722230461,629135.0,Started
489,117,House Down Payment,838853.0,654424.0,2029-02-03,78.0141455058276,184429.0,Almost Complete
490,214,House Down Payment,344355.0,272383.0,2026-12-22,79.09947583162725,71972.0,Almost Complete
491,342,Emergency Fund,602560.0,428254.0,2027-09-13,71.072424322889,174306.0,Half Completed
492,308,Car Purchase,291774.0,105872.0,2028-07-21,36.28561832102929,185902.0,Started
493,355,House Down Payment,735520.0,553449.0,2027-11-25,75.2459484446378,182071.0,Almost Complete
494,474,Car Purchase,598778.0,463363.0,2028-10-23,77.38477365567873,135415.0,Almost Complete
495,472,Vacation,936611.0,934067.0,2028-02-03,99.72838243411618,2544.0,Almost Complete
496,461,Vacation,564907.0,470911.0,2027-04-28,83.36080098140047,93996.0,Almost Complete
497,382,Vacation,903303.0,808724.0,2028-04-26,89.52964841254817,94579.0,Almost Complete
498,28,House Down Payment,918058.0,905208.0,2027-01-15,98.60030629873057,12850.0,Almost Complete
499,349,Emergency Fund,199830.0,163858.0,2026-11-03,81.99869889405996,35972.0,Almost Complete
500,440,House Down Payment,650552.0,34304.0,2028-05-14,5.273060416384855,616248.0,Started
501,331,Car Purchase,413425.0,367088.0,2028-05-20,88.79192114651993,46337.0,Almost Complete
502,302,House Down Payment,652571.0,635946.0,2028-10-13,97.45238449149595,16625.0,Almost Complete
503,210,Vacation,517521.0,55272.0,2027-12-27,10.680146312903245,462249.0,Started
504,130,Emergency Fund,425457.0,308885.0,2028-04-30,72.60075636315774,116572.0,Half Completed
505,118,Car Purchase,636869.0,621142.0,2027-02-14,97.53057536165208,15727.0,Almost Complete
506,242,Car Purchase,227216.0,134566.0,2027-07-15,59.22382226603761,92650.0,Half Completed
507,295,Vacation,925895.0,840104.0,2029-03-12,90.73426252436832,85791.0,Almost Complete
508,337,Vacation,686965.0,236452.0,2028-10-10,34.41980304673455,450513.0,Started
509,210,Vacation,489432.0,391883.0,2027-04-29,80.06893705356413,97549.0,Almost Complete
510,351,Vacation,695352.0,96324.0,2028-06-25,13.852552376350394,599028.0,Started
511,305,House Down Payment,635382.0,362024.0,2027-09-22,56.977377388720484,273358.0,Half Completed
512,66,House Down Payment,118488.0,70028.0,2026-09-24,59.10134359597596,48460.0,Half Completed
513,386,Vacation,910500.0,876389.0,2026-12-10,96.25359692476661,34111.0,Almost Complete
514,166,House Down Payment,282785.0,197389.0,2027-09-20,69.80179288151777,85396.0,Half Completed
515,137,Emergency Fund,660952.0,217112.0,2029-05-06,32.84837628148489,443840.0,Started
516,58,Car Purchase,159019.0,61589.0,2029-06-10,38.73059194184343,97430.0,Started
517,465,Car Purchase,162091.0,127335.0,2028-04-25,78.55772374777132,34756.0,Almost Complete
518,334,Car Purchase,889818.0,335851.0,2028-10-04,37.74378580788431,553967.0,Started
519,107,Vacation,872345.0,805432.0,2027-10-19,92.32952558907314,66913.0,Almost Complete
520,337,House Down Payment,292786.0,225761.0,2026-10-27,77.10785351758622,67025.0,Almost Complete
521,376,Car Purchase,112793.0,41841.0,2028-05-05,37.09538712508755,70952.0,Started
522,377,Vacation,181620.0,79563.0,2029-04-06,43.80740006607201,102057.0,Started
523,18,House Down Payment,529884.0,285293.0,2027-09-20,53.84065191626847,244591.0,Half Completed
524,100,Emergency Fund,821654.0,576437.0,2027-08-29,70.15568597000684,245217.0,Half Completed
525,337,Vacation,309596.0,295266.0,2028-04-15,95.37138722722516,14330.0,Almost Complete
526,333,Vacation,914139.0,240901.0,2029-07-03,26.352775671971113,673238.0,Started
527,309,Vacation,916895.0,280078.0,2028-01-25,30.54635481707284,636817.0,Started
528,261,House Down Payment,951790.0,494518.0,2029-06-01,51.95662908834932,457272.0,Half Completed
529,362,House Down Payment,896295.0,103497.0,2026-11-22,11.547202650912924,792798.0,Started
530,144,Vacation,836789.0,147188.0,2028-12-05,17.589619366411366,689601.0,Started
531,277,House Down Payment,939525.0,247325.0,2028-05-18,26.324472472792102,692200.0,Started
532,41,House Down Payment,752939.0,457052.0,2027-03-09,60.70239421785829,295887.0,Half Completed
533,160,House Down Payment,273196.0,108294.0,2028-06-26,39.639672615997306,164902.0,Started
534,387,Vacation,366832.0,79092.0,2029-01-26,21.56082348322938,287740.0,Started
535,430,House Down Payment,985594.0,446797.0,2029-03-31,45.33276379523414,538797.0,Started
536,205,Emergency Fund,945529.0,887378.0,2026-10-08,93.84989778208812,58151.0,Almost Complete
537,374,Car Purchase,249440.0,94171.0,2026-09-13,37.75296664528544,155269.0,Started
538,366,House Down Payment,997408.0,255110.0,2027-12-17,25.577296352144756,742298.0,Started
539,445,Car Purchase,713538.0,522389.0,2028-06-27,73.21109737673397,191149.0,Half Completed
540,448,House Down Payment,818927.0,746722.0,2029-05-20,91.18297479506721,72205.0,Almost Complete
541,139,House Down Payment,968346.0,696829.0,2026-07-26,71.96074543603216,271517.0,Half Completed
542,149,Emergency Fund,234325.0,149130.0,2028-07-29,63.64237704043529,85195.0,Half Completed
543,159,House Down Payment,797280.0,653949.0,2027-05-09,82.02250150511739,143331.0,Almost Complete
544,285,Emergency Fund,490011.0,309245.0,2028-09-20,63.10980773900994,180766.0,Half Completed
545,88,Emergency Fund,58226.0,29042.0,2027-01-15,49.8780613471645,29184.0,Started
546,266,Emergency Fund,650008.0,93307.0,2028-10-11,14.354746403121194,556701.0,Started
547,394,Emergency Fund,283073.0,59325.0,2028-06-21,20.957491530453275,223748.0,Started
548,70,Car Purchase,853768.0,846220.0,2028-11-14,99.11591907871927,7548.0,Almost Complete
549,417,Emergency Fund,565281.0,28811.0,2029-06-01,5.096757188017994,536470.0,Started
550,356,Emergency Fund,293075.0,110576.0,2029-01-16,37.729591401518384,182499.0,Started
551,242,Emergency Fund,541570.0,456917.0,2027-08-24,84.36896430747642,84653.0,Almost Complete
552,357,Vacation,723071.0,271442.0,2029-05-16,37.54015857363938,451629.0,Started
553,500,Car Purchase,815429.0,727111.0,2028-01-29,89.16913673661348,88318.0,Almost Complete
554,12,House Down Payment,452491.0,88731.0,2028-01-30,19.609450795706433,363760.0,Started
555,468,Emergency Fund,719034.0,463550.0,2026-07-24,64.468439600909,255484.0,Half Completed
556,330,Vacation,449713.0,287502.0,2028-11-03,63.93010653461207,162211.0,Half Completed
557,239,Car Purchase,612534.0,152876.0,2027-10-07,24.95796151723823,459658.0,Started
558,147,Car Purchase,198372.0,114675.0,2027-04-18,57.80805758877261,83697.0,Half Completed
559,312,Car Purchase,369357.0,97921.0,2027-03-03,26.511207314332747,271436.0,Started
560,220,House Down Payment,771086.0,707495.0,2028-04-19,91.75305996996444,63591.0,Almost Complete
561,336,Emergency Fund,233559.0,13744.0,2029-01-02,5.884594470776121,219815.0,Started
562,9,Emergency Fund,260035.0,68106.0,2028-08-23,26.191089661007172,191929.0,Started
563,16,House Down Payment,278325.0,216100.0,2026-09-04,77.64304320488637,62225.0,Almost Complete
564,121,Emergency Fund,110089.0,46150.0,2026-08-02,41.92062785564407,63939.0,Started
565,339,House Down Payment,324849.0,29235.0,2026-11-14,8.999565952180859,295614.0,Started
566,160,Vacation,343098.0,182893.0,2027-01-29,53.30634396003474,160205.0,Half Completed
567,246,Emergency Fund,905684.0,847128.0,2027-09-13,93.5346103055812,58556.0,Almost Complete
568,267,Vacation,601049.0,116476.0,2029-04-02,19.378786088987752,484573.0,Started
569,367,Car Purchase,806030.0,622735.0,2028-05-23,77.25953128295473,183295.0,Almost Complete
570,83,Emergency Fund,295744.0,184408.0,2027-12-28,62.35392772127245,111336.0,Half Completed
571,13,House Down Payment,340485.0,171531.0,2027-06-09,50.37843076787524,168954.0,Half Completed
572,221,Car Purchase,344013.0,22383.0,2028-09-26,6.5064401635984686,321630.0,Started
573,39,Vacation,460337.0,94127.0,2028-12-01,20.447411352987054,366210.0,Started
574,214,Vacation,168983.0,44710.0,2029-04-10,26.458282785842364,124273.0,Started
575,42,Emergency Fund,356886.0,133910.0,2029-03-26,37.521785668252605,222976.0,Started
576,463,Vacation,260330.0,93281.0,2027-10-15,35.8318288326355,167049.0,Started
577,35,Vacation,952494.0,760107.0,2028-06-02,79.80176253078758,192387.0,Almost Complete
578,29,Car Purchase,153163.0,20458.0,2027-10-08,13.35701181094651,132705.0,Started
579,482,Emergency Fund,253590.0,220935.0,2027-01-02,87.12291494144091,32655.0,Almost Complete
580,455,House Down Payment,605532.0,493202.0,2027-04-15,81.44937014063667,112330.0,Almost Complete
581,59,Emergency Fund,614481.0,526943.0,2028-08-14,85.75415675993237,87538.0,Almost Complete
582,387,Emergency Fund,138179.0,53710.0,2029-04-23,38.86987168817259,84469.0,Started
583,66,Car Purchase,819843.0,293705.0,2029-01-02,35.82454201597135,526138.0,Started
584,53,House Down Payment,119886.0,62215.0,2028-07-01,51.895133710358174,57671.0,Half Completed
585,488,House Down Payment,86936.0,61489.0,2029-05-01,70.72904205392473,25447.0,Half Completed
586,347,House Down Payment,54537.0,10682.0,2027-02-09,19.58670260557053,43855.0,Started
587,80,Car Purchase,938096.0,534100.0,2026-12-27,56.934471525302314,403996.0,Half Completed
588,254,Vacation,121484.0,55769.0,2026-11-24,45.90645681735867,65715.0,Started
589,159,House Down Payment,70105.0,37166.0,2028-08-01,53.01476356893231,32939.0,Half Completed
590,194,Vacation,676729.0,120431.0,2028-09-27,17.796045388922302,556298.0,Started
591,174,Vacation,895214.0,486837.0,2028-06-08,54.38219241432775,408377.0,Half Completed
592,49,Vacation,368375.0,246186.0,2029-06-16,66.83026806922294,122189.0,Half Completed
593,90,Car Purchase,547161.0,314368.0,2026-08-20,57.454387282719345,232793.0,Half Completed
594,268,Vacation,486740.0,434532.0,2028-04-17,89.273945021983,52208.0,Almost Complete
595,323,Emergency Fund,232927.0,122928.0,2026-10-20,52.7753330442585,109999.0,Half Completed
596,155,House Down Payment,308855.0,301537.0,2029-06-30,97.6306033575626,7318.0,Almost Complete
597,54,House Down Payment,983102.0,676242.0,2027-02-08,68.78655520993753,306860.0,Half Completed
598,500,Emergency Fund,167491.0,130837.0,2029-01-04,78.1158390600092,36654.0,Almost Complete
599,437,Emergency Fund,568017.0,106029.0,2029-01-07,18.666518783768797,461988.0,Started
600,80,Emergency Fund,445673.0,359164.0,2027-09-07,80.58913149326973,86509.0,Almost Complete
601,489,Car Purchase,263477.0,242372.0,2026-08-09,91.98981315257119,21105.0,Almost Complete
602,134,Vacation,140940.0,54306.0,2029-01-05,38.53128991060025,86634.0,Started
603,254,Vacation,372599.0,221302.0,2028-04-11,59.394147595672564,151297.0,Half Completed
604,272,House Down Payment,616221.0,31919.0,2027-12-18,5.179797507712331,584302.0,Started
605,226,Car Purchase,671359.0,310614.0,2027-11-14,46.266453566571684,360745.0,Started
606,409,Car Purchase,89198.0,11443.0,2028-07-09,12.828762976748356,77755.0,Started
607,278,Vacation,55321.0,25114.0,2027-02-15,45.39686556642143,30207.0,Started
608,161,House Down Payment,689525.0,432091.0,2028-11-17,62.665023023095614,257434.0,Half Completed
609,44,Vacation,126184.0,47991.0,2028-04-09,38.032555633043806,78193.0,Started
610,189,Vacation,583524.0,213578.0,2027-07-21,36.601407996929005,369946.0,Started
611,307,Emergency Fund,311836.0,119678.0,2027-06-17,38.3785066509319,192158.0,Started
612,167,Vacation,574614.0,233808.0,2026-11-17,40.68957595881757,340806.0,Started
613,416,Emergency Fund,949921.0,887394.0,2026-09-28,93.41766315304115,62527.0,Almost Complete
614,141,Car Purchase,895021.0,598690.0,2027-08-23,66.89116791673044,296331.0,Half Completed
615,83,Car Purchase,221903.0,153938.0,2028-08-31,69.37175252249857,67965.0,Half Completed
616,10,Car Purchase,180901.0,110201.0,2026-11-28,60.91785009480324,70700.0,Half Completed
617,221,House Down Payment,217630.0,55460.0,2026-08-19,25.483618986352987,162170.0,Started
618,487,Vacation,704049.0,510547.0,2027-10-04,72.51583341500378,193502.0,Half Completed
619,171,Emergency Fund,301066.0,271252.0,2028-11-26,90.09718799200176,29814.0,Almost Complete
620,323,Vacation,184915.0,14858.0,2027-08-23,8.035043127923641,170057.0,Started
621,378,Emergency Fund,722387.0,155228.0,2027-11-04,21.488205075672735,567159.0,Started
622,330,Vacation,105512.0,78254.0,2028-04-11,74.16597164303586,27258.0,Half Completed
623,103,Vacation,745874.0,695536.0,2027-02-12,93.25113893231295,50338.0,Almost Complete
624,291,Car Purchase,283175.0,103594.0,2026-09-25,36.58303169418205,179581.0,Started
625,348,Emergency Fund,216993.0,212468.0,2027-01-15,97.91467927536833,4525.0,Almost Complete
626,80,Emergency Fund,159727.0,14367.0,2027-01-25,8.99472224483024,145360.0,Started
627,391,Emergency Fund,681686.0,576553.0,2028-04-23,84.57750342533072,105133.0,Almost Complete
628,474,Emergency Fund,723461.0,185693.0,2027-09-24,25.667313096352117,537768.0,Started
629,431,Vacation,791477.0,560932.0,2029-06-04,70.8715477518614,230545.0,Half Completed
630,160,House Down Payment,506270.0,232101.0,2029-05-12,45.84529993876785,274169.0,Started
631,51,House Down Payment,766561.0,715585.0,2028-01-17,93.35003998377167,50976.0,Almost Complete
632,295,Emergency Fund,425080.0,417893.0,2029-06-26,98.30925943351839,7187.0,Almost Complete
633,149,Emergency Fund,923267.0,153113.0,2027-10-30,16.583826780335485,770154.0,Started
634,241,House Down Payment,945565.0,677641.0,2026-09-04,71.66519488348236,267924.0,Half Completed
635,33,House Down Payment,56096.0,36089.0,2029-07-12,64.3343553907587,20007.0,Half Completed
636,186,Vacation,62250.0,33584.0,2029-05-18,53.95020080321286,28666.0,Half Completed
637,373,Emergency Fund,244342.0,22344.0,2027-12-09,9.144559674554518,221998.0,Started
638,373,Car Purchase,676735.0,609936.0,2027-11-15,90.12922340354793,66799.0,Almost Complete
639,500,House Down Payment,97369.0,64101.0,2027-03-11,65.83306801959556,33268.0,Half Completed
640,205,Emergency Fund,57518.0,38477.0,2028-03-02,66.89558051392608,19041.0,Half Completed
641,131,Emergency Fund,163873.0,103168.0,2027-08-16,62.956069639293844,60705.0,Half Completed
642,359,Car Purchase,709936.0,529300.0,2028-12-04,74.55601631696378,180636.0,Half Completed
643,303,Car Purchase,791444.0,193191.0,2028-08-07,24.409939300822295,598253.0,Started
644,250,House Down Payment,614063.0,26864.0,2027-02-06,4.374795420013907,587199.0,Started
645,345,Emergency Fund,212582.0,182335.0,2028-08-14,85.77160813239126,30247.0,Almost Complete
646,295,House Down Payment,126497.0,87638.0,2028-11-16,69.28069440381985,38859.0,Half Completed
647,273,Car Purchase,559479.0,310171.0,2027-05-26,55.43925688006163,249308.0,Half Completed
648,473,Emergency Fund,220015.0,91494.0,2028-03-07,41.58534645365089,128521.0,Started
649,343,Car Purchase,251888.0,182119.0,2029-03-27,72.30157847932415,69769.0,Half Completed
650,242,Emergency Fund,234516.0,230396.0,2027-11-10,98.24319023009092,4120.0,Almost Complete
651,475,Emergency Fund,953422.0,369292.0,2027-02-05,38.733320607244224,584130.0,Started
652,359,Vacation,819746.0,265460.0,2029-02-21,32.38320162586948,554286.0,Started
653,93,House Down Payment,651199.0,119476.0,2029-03-03,18.347079771314146,531723.0,Started
654,335,House Down Payment,325714.0,30622.0,2027-06-25,9.40149947499954,295092.0,Started
655,180,Emergency Fund,752022.0,511453.0,2029-06-16,68.0103773559816,240569.0,Half Completed
656,393,Emergency Fund,842061.0,35730.0,2028-05-24,4.243160531125417,806331.0,Started
657,172,Car Purchase,965872.0,233966.0,2028-08-09,24.223292527374227,731906.0,Started
658,435,Vacation,162447.0,151531.0,2027-12-20,93.28026987263539,10916.0,Almost Complete
659,240,House Down Payment,570695.0,389380.0,2028-09-23,68.22908909312329,181315.0,Half Completed
660,70,Emergency Fund,244244.0,196968.0,2029-05-17,80.64394621771672,47276.0,Almost Complete
661,389,Vacation,433756.0,206950.0,2028-04-02,47.71115558055681,226806.0,Started
662,201,Emergency Fund,190624.0,21610.0,2027-09-30,11.336452912539869,169014.0,Started
663,385,Car Purchase,635707.0,502267.0,2028-06-01,79.00919763350097,133440.0,Almost Complete
664,259,House Down Payment,165226.0,158876.0,2028-06-28,96.15677919939961,6350.0,Almost Complete
665,257,House Down Payment,978940.0,426356.0,2028-05-19,43.552822440599016,552584.0,Started
666,263,House Down Payment,677106.0,514677.0,2028-12-15,76.01128922207158,162429.0,Almost Complete
667,202,Car Purchase,87807.0,48905.0,2028-11-28,55.69601512407895,38902.0,Half Completed
668,222,Emergency Fund,415609.0,25640.0,2027-08-01,6.169260049710185,389969.0,Started
669,476,Emergency Fund,226759.0,164869.0,2028-11-16,72.70670623878215,61890.0,Half Completed
670,60,House Down Payment,595094.0,367641.0,2027-01-16,61.778643373987975,227453.0,Half Completed
671,499,Emergency Fund,240062.0,80695.0,2026-11-29,33.614232989810965,159367.0,Started
672,174,Vacation,267361.0,243776.0,2027-01-03,91.17859373655844,23585.0,Almost Complete
673,407,Car Purchase,775881.0,136665.0,2028-02-23,17.614170214246773,639216.0,Started
674,80,Vacation,809665.0,778637.0,2026-12-25,96.16779779291436,31028.0,Almost Complete
675,146,Car Purchase,77463.0,17341.0,2029-02-10,22.38617146250468,60122.0,Started
676,486,Vacation,861574.0,337754.0,2028-04-23,39.20197220436086,523820.0,Started
677,378,Car Purchase,135155.0,99033.0,2027-02-14,73.27364877363027,36122.0,Half Completed
678,222,Vacation,426243.0,254946.0,2027-10-27,59.81236055489474,171297.0,Half Completed
679,317,Emergency Fund,114146.0,28441.0,2027-01-03,24.916335219806214,85705.0,Started
680,122,Vacation,77782.0,36029.0,2029-07-12,46.320485459360775,41753.0,Started
681,297,Emergency Fund,92072.0,10518.0,2026-07-28,11.423668433399946,81554.0,Started
682,433,Vacation,67328.0,53438.0,2028-10-13,79.36965304182509,13890.0,Almost Complete
683,484,Vacation,270553.0,53400.0,2029-02-14,19.7373527552827,217153.0,Started
684,311,Car Purchase,485396.0,209069.0,2026-09-18,43.07184237200142,276327.0,Started
685,410,Emergency Fund,773701.0,84925.0,2028-07-05,10.976462483569234,688776.0,Started
686,373,House Down Payment,56801.0,43072.0,2028-08-06,75.82965088642806,13729.0,Almost Complete
687,489,Emergency Fund,635714.0,195885.0,2027-09-20,30.813384635229053,439829.0,Started
688,329,Emergency Fund,771393.0,342354.0,2027-05-29,44.38126869183412,429039.0,Started
689,81,House Down Payment,805898.0,137756.0,2027-07-25,17.09347833100467,668142.0,Started
690,276,Vacation,515077.0,248562.0,2029-01-21,48.25725085763876,266515.0,Started
691,176,Vacation,877942.0,220960.0,2028-01-04,25.167949591203065,656982.0,Started
692,315,Car Purchase,62310.0,47061.0,2027-09-09,75.52720269619644,15249.0,Almost Complete
693,347,Emergency Fund,583219.0,12339.0,2028-11-01,2.1156718145327913,570880.0,Started
694,248,Emergency Fund,633407.0,441308.0,2028-05-16,69.67210656023694,192099.0,Half Completed
695,245,Car Purchase,966750.0,191442.0,2027-02-02,19.802637703646237,775308.0,Started
696,435,House Down Payment,879086.0,535082.0,2028-08-24,60.86799243759996,344004.0,Half Completed
697,67,House Down Payment,647785.0,573924.0,2029-06-22,88.59791443148576,73861.0,Almost Complete
698,495,House Down Payment,811576.0,409138.0,2027-06-30,50.41277711514387,402438.0,Half Completed
699,80,Vacation,771626.0,440433.0,2026-11-07,57.07855878365944,331193.0,Half Completed
700,211,Vacation,129074.0,119763.0,2027-02-15,92.78630862915847,9311.0,Almost Complete
701,15,Car Purchase,792328.0,652668.0,2027-09-29,82.37346149574418,139660.0,Almost Complete
702,481,Vacation,879453.0,376636.0,2029-05-15,42.826165809884095,502817.0,Started
703,7,House Down Payment,676341.0,429493.0,2027-09-16,63.50243442287249,246848.0,Half Completed
704,487,Vacation,175472.0,47989.0,2026-10-03,27.34852284125103,127483.0,Started
705,296,Vacation,252810.0,68680.0,2029-04-11,27.166646888968,184130.0,Started
706,442,Car Purchase,578379.0,459215.0,2029-03-15,79.3969006481909,119164.0,Almost Complete
707,174,Emergency Fund,201082.0,103649.0,2027-02-04,51.54563809789041,97433.0,Half Completed
708,452,Car Purchase,463513.0,203317.0,2026-12-13,43.86435763398222,260196.0,Started
709,400,Emergency Fund,788350.0,704652.0,2028-02-18,89.38314200545443,83698.0,Almost Complete
710,146,Car Purchase,150582.0,79859.0,2027-04-10,53.03356310847246,70723.0,Half Completed
711,76,Emergency Fund,748470.0,742622.0,2028-01-02,99.21867275909521,5848.0,Almost Complete
712,439,Emergency Fund,929397.0,686856.0,2028-01-27,73.90340188315649,242541.0,Half Completed
713,52,Car Purchase,119951.0,39504.0,2026-08-31,32.93344782452835,80447.0,Started
714,474,Emergency Fund,434759.0,205806.0,2027-06-04,47.33795045070948,228953.0,Started
715,206,House Down Payment,578739.0,516867.0,2028-11-08,89.3091704550756,61872.0,Almost Complete
716,219,Car Purchase,946982.0,548731.0,2027-12-09,57.94524077543185,398251.0,Half Completed
717,333,Emergency Fund,862932.0,455727.0,2027-03-03,52.81146138977347,407205.0,Half Completed
718,478,House Down Payment,894310.0,714912.0,2028-02-25,79.94006552537711,179398.0,Almost Complete
719,160,Car Purchase,453969.0,291243.0,2028-05-20,64.15482114417505,162726.0,Half Completed
720,178,House Down Payment,169631.0,57959.0,2029-01-15,34.16769340509694,111672.0,Started
721,266,Emergency Fund,467317.0,344673.0,2028-11-05,73.75571614129167,122644.0,Half Completed
722,489,Car Purchase,499187.0,211142.0,2029-05-07,42.29717520688639,288045.0,Started
723,285,Vacation,415983.0,365742.0,2029-04-27,87.92234298036217,50241.0,Almost Complete
724,280,Vacation,961223.0,404201.0,2026-09-04,42.050699993653915,557022.0,Started
725,185,House Down Payment,612214.0,605877.0,2027-12-16,98.96490442884351,6337.0,Almost Complete
726,341,Emergency Fund,645836.0,464767.0,2026-10-17,71.9636254405143,181069.0,Half Completed
727,19,Car Purchase,827795.0,268712.0,2027-12-01,32.46117698222386,559083.0,Started
728,133,Car Purchase,564026.0,470559.0,2027-06-07,83.42860080918256,93467.0,Almost Complete
729,135,Vacation,64440.0,37349.0,2028-12-05,57.95934202358784,27091.0,Half Completed
730,263,Car Purchase,734473.0,232312.0,2027-06-25,31.629753578416086,502161.0,Started
731,93,Emergency Fund,454042.0,67636.0,2028-12-05,14.896419273987869,386406.0,Started
732,146,House Down Payment,52870.0,29121.0,2027-08-24,55.08038585209003,23749.0,Half Completed
733,38,Emergency Fund,391218.0,349090.0,2028-01-15,89.23157932405972,42128.0,Almost Complete
734,408,Vacation,617901.0,74171.0,2029-04-18,12.003702858548538,543730.0,Started
735,353,Emergency Fund,208279.0,157571.0,2027-02-25,75.65381051378199,50708.0,Almost Complete
736,356,Emergency Fund,362862.0,19591.0,2028-12-02,5.399022217812832,343271.0,Started
737,230,House Down Payment,403099.0,306307.0,2029-04-12,75.98803271652869,96792.0,Almost Complete
738,286,Vacation,570466.0,66505.0,2028-02-24,11.658012922768403,503961.0,Started
739,438,House Down Payment,365610.0,196178.0,2027-11-02,53.65772270999152,169432.0,Half Completed
740,398,Emergency Fund,657044.0,321833.0,2027-02-22,48.981955546356104,335211.0,Started
741,106,House Down Payment,888427.0,584303.0,2028-09-30,65.76826233331495,304124.0,Half Completed
742,473,Car Purchase,530367.0,280052.0,2028-08-26,52.8034361112211,250315.0,Half Completed
743,440,Emergency Fund,145667.0,93679.0,2029-04-21,64.31037915245045,51988.0,Half Completed
744,259,Vacation,888927.0,268567.0,2026-11-10,30.212492139399522,620360.0,Started
745,214,Car Purchase,272483.0,267204.0,2028-11-28,98.06263143021766,5279.0,Almost Complete
746,37,House Down Payment,412188.0,70271.0,2027-06-12,17.048288644987238,341917.0,Started
747,97,Vacation,514862.0,378996.0,2027-06-04,73.61118124856758,135866.0,Half Completed
748,452,Emergency Fund,704517.0,494078.0,2026-09-26,70.13003234840323,210439.0,Half Completed
749,404,Vacation,473577.0,202878.0,2027-09-04,42.83949600592934,270699.0,Started
750,341,Vacation,427827.0,325169.0,2026-12-27,76.00478698165381,102658.0,Almost Complete
751,200,Car Purchase,263107.0,243233.0,2027-11-06,92.44641913746119,19874.0,Almost Complete
752,363,Vacation,445906.0,107429.0,2029-05-18,24.09229747973788,338477.0,Started
753,317,House Down Payment,484078.0,138251.0,2029-05-25,28.559653609542263,345827.0,Started
754,409,House Down Payment,466928.0,229967.0,2027-02-10,49.25106226227599,236961.0,Started
755,118,Car Purchase,109935.0,48585.0,2027-06-18,44.19429662982672,61350.0,Started
756,144,Car Purchase,118546.0,48323.0,2027-05-18,40.763079310984764,70223.0,Started
757,83,Emergency Fund,376299.0,88972.0,2027-08-27,23.643963975455687,287327.0,Started
758,278,Emergency Fund,940873.0,448202.0,2028-11-11,47.63682239792193,492671.0,Started
759,430,Vacation,143671.0,59900.0,2028-01-05,41.69247795310118,83771.0,Started
760,198,Car Purchase,476863.0,330240.0,2027-05-14,69.25259456070192,146623.0,Half Completed
761,53,Emergency Fund,172205.0,149539.0,2026-08-30,86.83778055224877,22666.0,Almost Complete
762,55,Emergency Fund,252829.0,226582.0,2028-03-08,89.61867507287535,26247.0,Almost Complete
763,228,House Down Payment,855906.0,618759.0,2026-08-16,72.29286860940337,237147.0,Half Completed
764,32,House Down Payment,880146.0,562774.0,2027-05-22,63.94098251880938,317372.0,Half Completed
765,231,Vacation,729219.0,323907.0,2028-11-16,44.418343460606486,405312.0,Started
766,25,Emergency Fund,848514.0,350113.0,2027-02-19,41.26190021614257,498401.0,Started
767,44,House Down Payment,576990.0,153167.0,2026-12-10,26.545867346054525,423823.0,Started
768,95,House Down Payment,240720.0,25880.0,2029-05-26,10.75108009305417,214840.0,Started
769,328,Vacation,154619.0,142016.0,2029-02-10,91.84899656575195,12603.0,Almost Complete
770,122,Vacation,325091.0,167957.0,2027-03-11,51.664610832043955,157134.0,Half Completed
771,334,House Down Payment,969687.0,404882.0,2027-11-25,41.75388553213563,564805.0,Started
772,283,Vacation,663985.0,645104.0,2026-10-23,97.15641166592619,18881.0,Almost Complete
773,455,House Down Payment,417863.0,386577.0,2026-12-23,92.5128570847383,31286.0,Almost Complete
774,381,Car Purchase,546919.0,256676.0,2027-09-13,46.931264044584296,290243.0,Started
775,86,Car Purchase,236101.0,161787.0,2027-01-26,68.52448740157814,74314.0,Half Completed
776,165,House Down Payment,324281.0,315079.0,2028-08-01,97.1623376022647,9202.0,Almost Complete
777,245,Car Purchase,415451.0,396657.0,2028-02-27,95.47624148214831,18794.0,Almost Complete
778,71,Vacation,296915.0,173866.0,2026-07-19,58.55749962110368,123049.0,Half Completed
779,22,Emergency Fund,719092.0,88541.0,2028-04-08,12.312889032279598,630551.0,Started
780,384,Car Purchase,633423.0,436871.0,2027-06-01,68.96986689779185,196552.0,Half Completed
781,12,Emergency Fund,334439.0,300705.0,2026-10-08,89.91325772412905,33734.0,Almost Complete
782,40,Emergency Fund,176006.0,88730.0,2027-09-03,50.41305410042839,87276.0,Half Completed
783,251,Vacation,591912.0,524616.0,2029-07-09,88.63074240765519,67296.0,Almost Complete
784,304,House Down Payment,435693.0,59527.0,2027-01-19,13.662601877927807,376166.0,Started
785,148,Vacation,766246.0,750621.0,2029-05-23,97.96083764221935,15625.0,Almost Complete
786,267,Car Purchase,426290.0,230418.0,2026-08-14,54.051936475169484,195872.0,Half Completed
787,3,House Down Payment,828787.0,210392.0,2027-03-21,25.385533315556348,618395.0,Started
788,338,Car Purchase,145302.0,103512.0,2026-10-06,71.23921212371475,41790.0,Half Completed
789,65,House Down Payment,411080.0,258438.0,2029-03-27,62.86805487982874,152642.0,Half Completed
790,347,Vacation,831771.0,118360.0,2029-06-24,14.229878175603622,713411.0,Started
791,147,Vacation,878488.0,408967.0,2029-06-01,46.55351012193678,469521.0,Started
792,354,House Down Payment,909737.0,742551.0,2026-11-14,81.62260081759894,167186.0,Almost Complete
793,384,House Down Payment,70342.0,40904.0,2029-07-03,58.15018054647295,29438.0,Half Completed
794,335,Car Purchase,261766.0,153253.0,2028-11-22,58.545800447728126,108513.0,Half Completed
795,253,Vacation,715612.0,342053.0,2027-10-21,47.79866743430798,373559.0,Started
796,441,Emergency Fund,167764.0,113738.0,2027-07-15,67.79642831596767,54026.0,Half Completed
797,380,House Down Payment,529246.0,494669.0,2028-09-16,93.46674325360985,34577.0,Almost Complete
798,384,House Down Payment,593682.0,174503.0,2026-07-18,29.393345258909655,419179.0,Started
799,202,Car Purchase,954453.0,541886.0,2026-07-19,56.774508540493876,412567.0,Half Completed
800,260,House Down Payment,773438.0,183881.0,2026-09-16,23.77449776194084,589557.0,Started
801,455,Vacation,79739.0,26573.0,2029-02-25,33.324972723510456,53166.0,Started
802,338,House Down Payment,150396.0,119395.0,2028-07-04,79.38708476289264,31001.0,Almost Complete
803,123,Emergency Fund,703887.0,266742.0,2028-07-24,37.89557130618977,437145.0,Started
804,288,Vacation,365158.0,344097.0,2027-11-30,94.23235969087354,21061.0,Almost Complete
805,63,Emergency Fund,450264.0,223141.0,2027-08-30,49.557814970772704,227123.0,Started
806,349,Emergency Fund,824699.0,374926.0,2028-08-24,45.462162558703234,449773.0,Started
807,247,Vacation,609091.0,378810.0,2028-05-06,62.192677284675035,230281.0,Half Completed
808,23,Emergency Fund,225250.0,62807.0,2026-11-05,27.883240843507213,162443.0,Started
809,281,Emergency Fund,440337.0,408431.0,2029-02-27,92.75418599845119,31906.0,Almost Complete
810,149,Emergency Fund,943018.0,521790.0,2029-04-19,55.331923674839715,421228.0,Half Completed
811,367,Emergency Fund,437022.0,405888.0,2027-04-29,92.87587352581792,31134.0,Almost Complete
812,13,Car Purchase,653225.0,439898.0,2028-03-30,67.34249301542347,213327.0,Half Completed
813,359,Emergency Fund,718210.0,662754.0,2027-01-02,92.27858147338523,55456.0,Almost Complete
814,56,Emergency Fund,919515.0,586984.0,2029-04-16,63.83626150742511,332531.0,Half Completed
815,307,Emergency Fund,716214.0,626520.0,2029-03-17,87.47664804094866,89694.0,Almost Complete
816,290,Emergency Fund,742931.0,233887.0,2027-11-11,31.481658458187905,509044.0,Started
817,77,Car Purchase,445210.0,302154.0,2026-12-23,67.8677478044069,143056.0,Half Completed
818,193,Vacation,410440.0,86320.0,2028-10-05,21.03108858785693,324120.0,Started
819,31,House Down Payment,224608.0,108741.0,2028-02-20,48.41368072374983,115867.0,Started
820,243,Car Purchase,468399.0,33443.0,2026-10-11,7.1398529885845194,434956.0,Started
821,417,House Down Payment,491328.0,53605.0,2029-04-16,10.9102269766836,437723.0,Started
822,386,Vacation,356586.0,132247.0,2028-03-01,37.08698602861582,224339.0,Started
823,125,Car Purchase,314757.0,183337.0,2027-12-04,58.24715574236633,131420.0,Half Completed
824,70,Vacation,364102.0,20281.0,2028-10-06,5.570142432615036,343821.0,Started
825,167,Car Purchase,431203.0,144945.0,2026-09-22,33.61409823215516,286258.0,Started
826,80,Car Purchase,498606.0,495532.0,2029-02-04,99.38348114543348,3074.0,Almost Complete
827,218,Car Purchase,473142.0,321162.0,2029-05-30,67.87856499740036,151980.0,Half Completed
828,290,House Down Payment,677814.0,10433.0,2028-09-13,1.5392128223967048,667381.0,Started
829,148,Car Purchase,515151.0,339844.0,2027-03-03,65.96978361684243,175307.0,Half Completed
830,100,Vacation,859497.0,683573.0,2027-11-21,79.53174938365115,175924.0,Almost Complete
831,29,Vacation,640386.0,80989.0,2027-04-14,12.646903586274528,559397.0,Started
832,144,Car Purchase,447188.0,25792.0,2026-12-20,5.767596626027531,421396.0,Started
833,382,Vacation,240149.0,48758.0,2029-01-20,20.30322841236066,191391.0,Started
834,130,Car Purchase,893742.0,590098.0,2029-05-24,66.02554204680993,303644.0,Half Completed
835,144,Car Purchase,566353.0,227561.0,2028-11-29,40.18006437681093,338792.0,Started
836,376,House Down Payment,459656.0,277449.0,2029-04-23,60.360138886471624,182207.0,Half Completed
837,150,Car Purchase,840234.0,204613.0,2028-10-12,24.351906730744055,635621.0,Started
838,432,Vacation,659779.0,646090.0,2028-07-21,97.9252143520785,13689.0,Almost Complete
839,233,Emergency Fund,765759.0,44119.0,2029-05-07,5.761473257251955,721640.0,Started
840,417,Car Purchase,657588.0,481191.0,2029-03-19,73.17514918155442,176397.0,Half Completed
841,174,Vacation,434241.0,144769.0,2028-04-03,33.338399644437075,289472.0,Started
842,102,Vacation,113272.0,92433.0,2026-09-05,81.60269086799914,20839.0,Almost Complete
843,388,Emergency Fund,619027.0,564682.0,2028-10-22,91.2208998961273,54345.0,Almost Complete
844,196,Car Purchase,839130.0,58373.0,2027-09-11,6.956371479985222,780757.0,Started
845,125,House Down Payment,404618.0,239969.0,2027-06-12,59.30754439990312,164649.0,Half Completed
846,9,Car Purchase,584196.0,400505.0,2028-11-03,68.55661456086656,183691.0,Half Completed
847,254,Vacation,350177.0,34396.0,2029-02-19,9.82246121247255,315781.0,Started
848,314,Car Purchase,146828.0,128924.0,2029-06-20,87.8061405181573,17904.0,Almost Complete
849,396,House Down Payment,435299.0,352462.0,2026-10-08,80.97009182194309,82837.0,Almost Complete
850,79,Vacation,449591.0,407306.0,2027-08-30,90.59478503795671,42285.0,Almost Complete
851,181,Car Purchase,556808.0,184486.0,2027-08-13,33.13278544848494,372322.0,Started
852,322,Vacation,84319.0,71786.0,2026-08-10,85.13620892088379,12533.0,Almost Complete
853,318,Vacation,819877.0,150009.0,2028-11-09,18.29652496654986,669868.0,Started
854,191,Car Purchase,479324.0,174408.0,2026-07-29,36.38624396024401,304916.0,Started
855,341,Emergency Fund,266418.0,104751.0,2027-02-14,39.318289304776705,161667.0,Started
856,480,Vacation,860477.0,434608.0,2028-02-12,50.507799743630564,425869.0,Half Completed
857,115,Vacation,568851.0,118713.0,2027-08-02,20.868909433225923,450138.0,Started
858,100,Emergency Fund,75056.0,39962.0,2029-07-08,53.24291195907056,35094.0,Half Completed
859,194,Emergency Fund,401824.0,72521.0,2028-01-17,18.04795134188102,329303.0,Started
860,481,House Down Payment,124757.0,82960.0,2029-01-05,66.49727069422958,41797.0,Half Completed
861,304,Emergency Fund,983364.0,125510.0,2028-05-11,12.763330770701389,857854.0,Started
862,358,Emergency Fund,402381.0,101774.0,2026-07-31,25.29294375231435,300607.0,Started
863,58,House Down Payment,570159.0,198239.0,2028-08-17,34.76907318835623,371920.0,Started
864,184,Vacation,909851.0,342146.0,2027-06-11,37.60461877823951,567705.0,Started
865,355,Emergency Fund,459394.0,316661.0,2027-03-31,68.93015581396361,142733.0,Half Completed
866,248,Vacation,565792.0,394842.0,2028-07-31,69.78571630563883,170950.0,Half Completed
867,112,Vacation,177997.0,35061.0,2027-10-03,19.69752299196054,142936.0,Started
868,83,House Down Payment,505492.0,141841.0,2029-07-10,28.059989079945876,363651.0,Started
869,464,Emergency Fund,519912.0,226330.0,2027-09-16,43.532367015956545,293582.0,Started
870,108,Vacation,315877.0,66370.0,2028-05-13,21.011343022758858,249507.0,Started
871,76,House Down Payment,128927.0,80337.0,2027-09-22,62.312006018909926,48590.0,Half Completed
872,108,Vacation,365476.0,73549.0,2028-06-30,20.124166839956658,291927.0,Started
873,299,Emergency Fund,327322.0,68084.0,2027-06-08,20.80031284178882,259238.0,Started
874,405,Car Purchase,336087.0,141696.0,2026-10-07,42.16051201028305,194391.0,Started
875,238,Emergency Fund,98925.0,18481.0,2028-11-17,18.681829668941116,80444.0,Started
876,248,Emergency Fund,855410.0,275534.0,2028-08-30,32.21075273845291,579876.0,Started
877,419,Vacation,703746.0,676521.0,2028-05-15,96.13141673274164,27225.0,Almost Complete
878,294,Vacation,536674.0,390058.0,2027-01-14,72.68062175547911,146616.0,Half Completed
879,397,Vacation,421910.0,57852.0,2027-02-10,13.711929084401886,364058.0,Started
880,7,House Down Payment,433374.0,416198.0,2028-09-22,96.03667963468044,17176.0,Almost Complete
881,264,Vacation,598555.0,439031.0,2029-01-30,73.34848092489412,159524.0,Half Completed
882,486,Car Purchase,138514.0,41725.0,2029-05-08,30.123308835207997,96789.0,Started
883,190,Vacation,296701.0,57971.0,2027-07-24,19.538525316733008,238730.0,Started
884,422,Emergency Fund,733335.0,539478.0,2026-11-25,73.56501462496676,193857.0,Half Completed
885,500,Emergency Fund,407619.0,239539.0,2028-11-26,58.765415743623336,168080.0,Half Completed
886,204,Car Purchase,209816.0,131579.0,2028-12-21,62.71161398558737,78237.0,Half Completed
887,458,House Down Payment,620817.0,194142.0,2029-02-20,31.272017357772096,426675.0,Started
888,268,Car Purchase,411930.0,222609.0,2027-02-13,54.040492316655744,189321.0,Half Completed
889,116,Vacation,547973.0,217062.0,2028-07-15,39.61180569115631,330911.0,Started
890,460,Emergency Fund,920249.0,350445.0,2028-06-22,38.08154097423632,569804.0,Started
891,422,House Down Payment,469391.0,173336.0,2026-12-08,36.92784906399995,296055.0,Started
892,267,Vacation,865705.0,709810.0,2028-07-21,81.99213357899053,155895.0,Almost Complete
893,242,Emergency Fund,860796.0,701542.0,2026-08-02,81.49921700379649,159254.0,Almost Complete
894,71,House Down Payment,829094.0,728162.0,2027-03-24,87.82622959519668,100932.0,Almost Complete
895,334,House Down Payment,527191.0,282618.0,2027-12-07,53.60827479983536,244573.0,Half Completed
896,182,Car Purchase,894259.0,569573.0,2028-04-24,63.692174191145966,324686.0,Half Completed
897,279,Car Purchase,818881.0,773610.0,2027-01-11,94.47160210091576,45271.0,Almost Complete
898,315,Emergency Fund,69621.0,47109.0,2026-10-01,67.66492868531047,22512.0,Half Completed
899,405,Car Purchase,730872.0,345833.0,2026-07-20,47.31786140391204,385039.0,Started
900,452,Emergency Fund,604329.0,264131.0,2028-02-28,43.70649100076283,340198.0,Started
901,214,Vacation,965955.0,251725.0,2028-06-29,26.05970257413648,714230.0,Started
902,357,Car Purchase,302647.0,150318.0,2027-02-05,49.66776475563941,152329.0,Started
903,411,Emergency Fund,682378.0,84282.0,2027-04-25,12.351218825929324,598096.0,Started
904,429,House Down Payment,268180.0,35490.0,2027-08-25,13.23364904168842,232690.0,Started
905,39,Vacation,543016.0,105795.0,2028-12-26,19.482851334030673,437221.0,Started
906,69,Car Purchase,810792.0,237865.0,2027-06-28,29.33736396017721,572927.0,Started
907,353,House Down Payment,504113.0,410252.0,2028-05-12,81.38096022122025,93861.0,Almost Complete
908,417,Vacation,765879.0,617033.0,2026-08-20,80.5653373444108,148846.0,Almost Complete
909,413,Emergency Fund,708529.0,550548.0,2028-08-08,77.70295922961516,157981.0,Almost Complete
910,131,Emergency Fund,909577.0,904395.0,2026-12-11,99.43028462681004,5182.0,Almost Complete
911,42,Car Purchase,756246.0,471930.0,2027-02-02,62.40429701446355,284316.0,Half Completed
912,74,House Down Payment,194862.0,42016.0,2028-12-17,21.561925875747963,152846.0,Started
913,57,Emergency Fund,941942.0,647523.0,2027-05-09,68.74340458329706,294419.0,Half Completed
914,99,Emergency Fund,266370.0,140890.0,2028-03-09,52.89259300972332,125480.0,Half Completed
915,19,Car Purchase,874123.0,841213.0,2029-02-02,96.23508362095494,32910.0,Almost Complete
916,111,Vacation,901956.0,443675.0,2027-08-21,49.190315270367954,458281.0,Started
917,248,Vacation,340874.0,261168.0,2027-11-30,76.61716646033432,79706.0,Almost Complete
918,338,Emergency Fund,273515.0,60386.0,2028-10-13,22.077765387638703,213129.0,Started
919,220,House Down Payment,683490.0,541487.0,2028-08-20,79.22383648626901,142003.0,Almost Complete
920,147,House Down Payment,257934.0,59439.0,2028-07-01,23.044267138105095,198495.0,Started
921,146,House Down Payment,359416.0,231934.0,2027-09-05,64.53079439980412,127482.0,Half Completed
922,161,Emergency Fund,295288.0,164517.0,2028-03-23,55.71408252282517,130771.0,Half Completed
923,164,Emergency Fund,468366.0,145831.0,2029-06-01,31.136120042872456,322535.0,Started
924,427,Vacation,805328.0,212303.0,2026-09-29,26.362302068225617,593025.0,Started
925,161,Car Purchase,902419.0,367105.0,2029-06-19,40.6801053612568,535314.0,Started
926,28,House Down Payment,785558.0,104306.0,2028-09-05,13.277950195911695,681252.0,Started
927,171,Car Purchase,435185.0,232599.0,2029-05-02,53.44830359502281,202586.0,Half Completed
928,333,Vacation,111198.0,39973.0,2027-11-21,35.94758898541341,71225.0,Started
929,253,Car Purchase,321100.0,69450.0,2028-05-22,21.628776082217378,251650.0,Started
930,135,House Down Payment,70172.0,70052.0,2028-06-12,99.82899162058942,120.0,Almost Complete
931,28,Emergency Fund,892648.0,494981.0,2027-01-10,55.45086080963605,397667.0,Half Completed
932,367,Vacation,791242.0,304172.0,2029-02-02,38.442347600354886,487070.0,Started
933,406,Car Purchase,930269.0,339696.0,2027-11-08,36.51588949002923,590573.0,Started
934,221,Vacation,715080.0,303280.0,2028-04-25,42.41203781395089,411800.0,Started
935,339,House Down Payment,247541.0,111778.0,2029-04-07,45.15534800295708,135763.0,Started
936,72,Vacation,82188.0,17798.0,2026-08-22,21.655229473889133,64390.0,Started
937,448,Car Purchase,661850.0,56138.0,2028-12-07,8.481982322278462,605712.0,Started
938,422,Emergency Fund,487845.0,462578.0,2026-12-25,94.8206909981654,25267.0,Almost Complete
939,388,House Down Payment,441241.0,293782.0,2027-03-15,66.58084810795008,147459.0,Half Completed
940,298,Emergency Fund,438718.0,308572.0,2028-12-16,70.33493041087897,130146.0,Half Completed
941,332,Vacation,198687.0,25148.0,2027-02-11,12.657093820934435,173539.0,Started
942,482,House Down Payment,75518.0,48287.0,2029-03-20,63.9410471675627,27231.0,Half Completed
943,255,House Down Payment,332492.0,241019.0,2027-09-27,72.48866138132647,91473.0,Half Completed
944,274,Emergency Fund,366450.0,289088.0,2026-09-03,78.8887979260472,77362.0,Almost Complete
945,310,House Down Payment,415014.0,296787.0,2027-03-04,71.51252728823606,118227.0,Half Completed
946,290,Car Purchase,700810.0,354105.0,2027-12-31,50.5279605028467,346705.0,Half Completed
947,294,Emergency Fund,151066.0,122406.0,2028-12-07,81.0281598771398,28660.0,Almost Complete
948,450,Car Purchase,889583.0,713254.0,2027-08-31,80.17846564064286,176329.0,Almost Complete
949,39,Vacation,273770.0,25017.0,2028-10-15,9.13796252328597,248753.0,Started
950,492,Vacation,706295.0,518429.0,2027-12-04,73.4011992156252,187866.0,Half Completed
951,191,House Down Payment,502790.0,125063.0,2028-12-16,24.873804172716245,377727.0,Started
952,75,Emergency Fund,436483.0,66206.0,2027-05-21,15.16805923712951,370277.0,Started
953,310,House Down Payment,794492.0,197837.0,2026-09-21,24.90106885909487,596655.0,Started
954,226,House Down Payment,205022.0,108332.0,2028-02-05,52.83920749968296,96690.0,Half Completed
955,340,House Down Payment,387672.0,325438.0,2026-11-07,83.94673847995212,62234.0,Almost Complete
956,160,Car Purchase,645229.0,172785.0,2027-07-30,26.77886455816462,472444.0,Started
957,214,Car Purchase,88602.0,19956.0,2026-11-07,22.52319360736778,68646.0,Started
958,372,Car Purchase,423102.0,316793.0,2026-12-02,74.87390747384791,106309.0,Half Completed
959,478,Car Purchase,764342.0,586927.0,2028-11-28,76.7885318352256,177415.0,Almost Complete
960,84,House Down Payment,468038.0,447227.0,2027-12-10,95.55356616343117,20811.0,Almost Complete
961,232,House Down Payment,416554.0,34903.0,2028-07-15,8.378985677727258,381651.0,Started
962,310,Vacation,722407.0,667306.0,2027-06-08,92.3725822147349,55101.0,Almost Complete
963,452,House Down Payment,86095.0,67807.0,2029-02-02,78.7583483361403,18288.0,Almost Complete
964,161,Car Purchase,660436.0,474281.0,2026-08-12,71.81331726314131,186155.0,Half Completed
965,102,Vacation,254825.0,235124.0,2028-08-04,92.26881192975571,19701.0,Almost Complete
966,232,House Down Payment,735486.0,222943.0,2027-03-24,30.3123376923558,512543.0,Started
967,44,Vacation,391295.0,285980.0,2029-02-19,73.08552370973307,105315.0,Half Completed
968,25,Emergency Fund,210061.0,88516.0,2028-03-30,42.13823603619901,121545.0,Started
969,399,Vacation,146776.0,60445.0,2027-09-08,41.18180083937428,86331.0,Started
970,336,Emergency Fund,632143.0,156176.0,2027-03-04,24.705802326372357,475967.0,Started
971,104,Emergency Fund,828077.0,666652.0,2026-12-06,80.50603989725593,161425.0,Almost Complete
972,62,Vacation,952283.0,756295.0,2028-10-11,79.41914325888418,195988.0,Almost Complete
973,440,Vacation,688890.0,289601.0,2029-04-13,42.03878703421446,399289.0,Started
974,341,Vacation,795365.0,672460.0,2027-02-21,84.54734618697076,122905.0,Almost Complete
975,253,Emergency Fund,880445.0,698793.0,2028-06-26,79.36816041887909,181652.0,Almost Complete
976,26,Emergency Fund,901997.0,203930.0,2027-07-21,22.608722645419,698067.0,Started
977,229,House Down Payment,884360.0,586647.0,2028-07-15,66.33576823917862,297713.0,Half Completed
978,231,Car Purchase,422424.0,314005.0,2028-07-04,74.33408139689033,108419.0,Half Completed
979,74,Vacation,914998.0,815696.0,2029-02-17,89.14729868262008,99302.0,Almost Complete
980,314,Vacation,396124.0,311997.0,2027-05-16,78.76245822015329,84127.0,Almost Complete
981,166,Car Purchase,951473.0,268079.0,2028-12-23,28.17515578476741,683394.0,Started
982,152,Emergency Fund,103561.0,15745.0,2029-01-03,15.203599810739565,87816.0,Started
983,259,Vacation,893683.0,415694.0,2027-05-09,46.51470375961051,477989.0,Started
984,320,House Down Payment,462167.0,393826.0,2028-04-06,85.2129208705944,68341.0,Almost Complete
985,189,Emergency Fund,407852.0,187742.0,2029-04-14,46.03189392230515,220110.0,Started
986,209,Emergency Fund,957523.0,704934.0,2028-07-19,73.62058143773048,252589.0,Half Completed
987,440,Vacation,647951.0,638382.0,2027-10-27,98.52319079683495,9569.0,Almost Complete
988,181,Vacation,814006.0,640495.0,2027-03-12,78.68430945226447,173511.0,Almost Complete
989,130,Car Purchase,677961.0,660072.0,2028-01-20,97.36135264417865,17889.0,Almost Complete
990,481,House Down Payment,393723.0,249390.0,2027-11-13,63.34148627334446,144333.0,Half Completed
991,106,Vacation,409329.0,297165.0,2027-01-06,72.59808125004581,112164.0,Half Completed
992,472,Car Purchase,746266.0,148016.0,2029-06-08,19.83421460980401,598250.0,Started
993,497,House Down Payment,114297.0,100839.0,2027-04-11,88.22541274049188,13458.0,Almost Complete
994,444,Car Purchase,180997.0,114010.0,2028-04-21,62.98999430929795,66987.0,Half Completed
995,288,House Down Payment,472859.0,73067.0,2028-09-13,15.452174961246376,399792.0,Started
996,314,Car Purchase,646525.0,62308.0,2029-03-12,9.637369011252465,584217.0,Started
997,446,Emergency Fund,317369.0,243342.0,2028-10-12,76.67478550204967,74027.0,Almost Complete
998,157,Vacation,953277.0,435118.0,2027-04-03,45.64444542352328,518159.0,Started
999,497,Emergency Fund,480104.0,225951.0,2028-07-16,47.06292803225968,254153.0,Started
1000,359,Car Purchase,232854.0,212726.0,2028-01-01,91.35595695156621,20128.0,Almost Complete
1001,497,Car Purchase,282918.0,169382.0,2027-12-25,59.86964420786235,113536.0,Half Completed
1002,129,Vacation,580583.0,265386.0,2028-11-05,45.71026020396739,315197.0,Started
1003,424,Emergency Fund,889778.0,760497.0,2029-07-14,85.47042071168313,129281.0,Almost Complete
1004,307,Car Purchase,457514.0,47010.0,2027-08-31,10.27509540691651,410504.0,Started
1005,302,Vacation,249127.0,53925.0,2027-07-02,21.64558638766573,195202.0,Started
1006,330,Vacation,857527.0,631111.0,2027-05-05,73.59663310892834,226416.0,Half Completed
1007,7,Emergency Fund,522918.0,16338.0,2027-03-28,3.124390439801269,506580.0,Started
1008,340,Vacation,346411.0,247007.0,2029-03-07,71.30460637797299,99404.0,Half Completed
1009,22,Car Purchase,109373.0,82691.0,2028-10-02,75.60458248379399,26682.0,Almost Complete
1010,61,House Down Payment,466580.0,66080.0,2028-11-30,14.162630202751938,400500.0,Started
1011,466,Emergency Fund,846562.0,625015.0,2027-09-29,73.82979628190257,221547.0,Half Completed
1012,223,Emergency Fund,556382.0,528356.0,2028-01-01,94.9628133189068,28026.0,Almost Complete
1013,499,House Down Payment,327363.0,116156.0,2027-07-30,35.48232390343441,211207.0,Started
1014,454,House Down Payment,691869.0,434345.0,2027-04-14,62.7785028668722,257524.0,Half Completed
1015,60,Emergency Fund,824527.0,549032.0,2028-06-03,66.5875101724989,275495.0,Half Completed
1016,461,Vacation,160765.0,62463.0,2029-03-01,38.85360619537835,98302.0,Started
1017,210,Emergency Fund,586067.0,542136.0,2028-03-13,92.5040993606533,43931.0,Almost Complete
1018,176,Emergency Fund,115702.0,47307.0,2028-04-21,40.886933674439504,68395.0,Started
1019,153,House Down Payment,812054.0,403746.0,2028-04-06,49.71910735000382,408308.0,Started
1020,72,House Down Payment,715730.0,274517.0,2029-06-04,38.354826540734635,441213.0,Started
1021,147,Emergency Fund,503136.0,477426.0,2027-10-02,94.89004960885327,25710.0,Almost Complete
1022,158,Emergency Fund,346112.0,286950.0,2027-01-05,82.90668916420118,59162.0,Almost Complete
1023,244,Emergency Fund,445795.0,25970.0,2026-12-17,5.825547617178299,419825.0,Started
1024,51,Vacation,250383.0,85007.0,2026-07-28,33.95078739371284,165376.0,Started
1025,69,House Down Payment,624443.0,215233.0,2029-04-07,34.467997879710396,409210.0,Started
1026,171,Vacation,761141.0,575527.0,2027-04-02,75.61371677520985,185614.0,Almost Complete
1027,314,Car Purchase,279063.0,252406.0,2027-01-13,90.44767668949305,26657.0,Almost Complete
1028,265,Vacation,704549.0,91794.0,2028-11-07,13.028760242367813,612755.0,Started
1029,167,House Down Payment,135343.0,32697.0,2027-12-08,24.15861921192821,102646.0,Started
1030,46,Vacation,807208.0,535121.0,2029-05-21,66.29282663204528,272087.0,Half Completed
1031,317,House Down Payment,412698.0,383522.0,2029-03-03,92.93042369965447,29176.0,Almost Complete
1032,300,Car Purchase,497858.0,92305.0,2027-09-30,18.540427190082312,405553.0,Started
1033,171,House Down Payment,195321.0,111109.0,2029-05-07,56.885332350336114,84212.0,Half Completed
1034,64,House Down Payment,261954.0,181910.0,2027-08-05,69.4434900784107,80044.0,Half Completed
1035,383,Vacation,592130.0,509261.0,2028-11-23,86.00493134953473,82869.0,Almost Complete
1036,197,Car Purchase,194623.0,45959.0,2027-08-18,23.61437240202854,148664.0,Started
1037,382,House Down Payment,412234.0,67279.0,2027-04-25,16.32058491051199,344955.0,Started
1038,304,House Down Payment,986224.0,456772.0,2028-12-12,46.315238728726946,529452.0,Started
1039,234,Emergency Fund,747578.0,118961.0,2027-02-25,15.912854578385133,628617.0,Started
1040,166,Car Purchase,886248.0,669176.0,2027-09-12,75.5066301983192,217072.0,Almost Complete
1041,81,Car Purchase,182597.0,72591.0,2028-06-06,39.754760483469056,110006.0,Started
1042,146,Car Purchase,616115.0,360688.0,2026-07-19,58.54231758681415,255427.0,Half Completed
1043,167,House Down Payment,555202.0,207375.0,2028-10-09,37.35127034844975,347827.0,Started
1044,284,House Down Payment,305084.0,67747.0,2028-04-19,22.20601539248207,237337.0,Started
1045,154,House Down Payment,99417.0,84379.0,2027-08-07,84.87381433758814,15038.0,Almost Complete
1046,153,Emergency Fund,333373.0,201255.0,2028-03-06,60.36931605138989,132118.0,Half Completed
1047,147,Car Purchase,613987.0,361579.0,2029-01-23,58.890334811649105,252408.0,Half Completed
1048,175,Vacation,916445.0,126375.0,2027-03-13,13.789698236118916,790070.0,Started
1049,142,Car Purchase,698619.0,376540.0,2029-01-30,53.89776115450625,322079.0,Half Completed
1050,444,Emergency Fund,557020.0,535180.0,2026-12-27,96.079135399088,21840.0,Almost Complete
1051,309,Vacation,416229.0,336740.0,2028-12-05,80.90258007010563,79489.0,Almost Complete
1052,145,Emergency Fund,365803.0,52536.0,2027-11-15,14.361828634538263,313267.0,Started
1053,405,Car Purchase,675198.0,604874.0,2026-08-21,89.58468478875827,70324.0,Almost Complete
1054,164,Vacation,857705.0,701549.0,2028-10-27,81.79374027200494,156156.0,Almost Complete
1055,189,House Down Payment,940551.0,338239.0,2026-09-18,35.961792608800586,602312.0,Started
1056,241,House Down Payment,930869.0,652915.0,2028-06-14,70.14037420947523,277954.0,Half Completed
1057,54,Emergency Fund,592687.0,408800.0,2026-12-24,68.97401157778052,183887.0,Half Completed
1058,289,Emergency Fund,458478.0,33649.0,2029-06-26,7.339283455258486,424829.0,Started
1059,452,Car Purchase,313318.0,15485.0,2028-02-20,4.9422631320256105,297833.0,Started
1060,361,Car Purchase,141417.0,96066.0,2028-12-24,67.93101253738942,45351.0,Half Completed
1061,61,Car Purchase,552389.0,394031.0,2028-02-28,71.33215904009674,158358.0,Half Completed
1062,84,Emergency Fund,322947.0,299806.0,2027-08-14,92.83442794018832,23141.0,Almost Complete
1063,280,Car Purchase,525439.0,137948.0,2029-04-09,26.25385629920885,387491.0,Started
1064,197,House Down Payment,635356.0,138589.0,2027-04-09,21.81281045587041,496767.0,Started
1065,376,Vacation,761188.0,360513.0,2028-09-13,47.361886945143645,400675.0,Started
1066,141,House Down Payment,778399.0,477493.0,2028-01-30,61.34296164306481,300906.0,Half Completed
1067,315,Car Purchase,892463.0,464793.0,2027-10-10,52.07980610960903,427670.0,Half Completed
1068,313,Vacation,455660.0,241802.0,2029-02-13,53.0663213799763,213858.0,Half Completed
1069,221,House Down Payment,452019.0,404330.0,2029-06-01,89.4497797658948,47689.0,Almost Complete
1070,368,Vacation,194281.0,53257.0,2026-07-24,27.41235632923446,141024.0,Started
1071,387,Car Purchase,356204.0,112148.0,2027-01-18,31.484205679891296,244056.0,Started
1072,140,Vacation,400134.0,234286.0,2026-10-31,58.5518851184853,165848.0,Half Completed
1073,116,Car Purchase,185698.0,54636.0,2028-09-14,29.421964695365592,131062.0,Started
1074,408,Emergency Fund,404896.0,105016.0,2026-10-30,25.93653678969414,299880.0,Started
1075,381,House Down Payment,881962.0,563965.0,2028-09-18,63.94436494996383,317997.0,Half Completed
1076,327,Car Purchase,650629.0,69426.0,2029-01-11,10.670597222072795,581203.0,Started
1077,408,Car Purchase,707045.0,205654.0,2026-08-30,29.086408927296,501391.0,Started
1078,182,Emergency Fund,592062.0,362887.0,2028-07-04,61.29206062878549,229175.0,Half Completed
1079,234,House Down Payment,901887.0,701420.0,2027-02-03,77.77249256281551,200467.0,Almost Complete
1080,16,Emergency Fund,100460.0,55125.0,2027-01-12,54.87258610392196,45335.0,Half Completed
1081,345,Emergency Fund,955527.0,300641.0,2028-05-20,31.463370475140945,654886.0,Started
1082,345,Car Purchase,726428.0,303201.0,2028-08-05,41.738616903533455,423227.0,Started
1083,27,Car Purchase,323184.0,191096.0,2027-07-07,59.12916481013911,132088.0,Half Completed
1084,437,Car Purchase,230111.0,146440.0,2026-08-27,63.638852553767535,83671.0,Half Completed
1085,386,House Down Payment,72623.0,29194.0,2026-09-28,40.199385869490385,43429.0,Started
1086,456,Vacation,944098.0,476532.0,2029-03-28,50.474844772470654,467566.0,Half Completed
1087,156,Car Purchase,985583.0,409430.0,2027-10-30,41.54190971232256,576153.0,Started
1088,68,Car Purchase,763366.0,113267.0,2029-03-25,14.837836634065441,650099.0,Started
1089,306,Emergency Fund,889446.0,570862.0,2027-05-16,64.18174908875862,318584.0,Half Completed
1090,252,House Down Payment,838869.0,181180.0,2027-03-18,21.59812795561643,657689.0,Started
1091,332,Emergency Fund,923692.0,266916.0,2028-03-02,28.896645202080347,656776.0,Started
1092,173,House Down Payment,870294.0,60402.0,2028-04-19,6.9404132396638385,809892.0,Started
1093,87,House Down Payment,243032.0,206280.0,2027-07-05,84.87771157707627,36752.0,Almost Complete
1094,209,Car Purchase,689909.0,244028.0,2028-09-05,35.37104168810669,445881.0,Started
1095,58,Vacation,634561.0,277669.0,2028-09-05,43.757652928560056,356892.0,Started
1096,191,House Down Payment,904968.0,757274.0,2028-05-05,83.67964392111102,147694.0,Almost Complete
1097,306,House Down Payment,965091.0,806398.0,2028-07-06,83.55668014726072,158693.0,Almost Complete
1098,384,Emergency Fund,813096.0,61893.0,2027-02-08,7.612016293279023,751203.0,Started
1099,331,Emergency Fund,678982.0,137689.0,2029-03-19,20.278740820817045,541293.0,Started
1100,208,Emergency Fund,609639.0,601376.0,2029-03-12,98.64460771046471,8263.0,Almost Complete
1101,91,Emergency Fund,727075.0,107458.0,2028-11-21,14.779493174706873,619617.0,Started
1102,170,House Down Payment,451894.0,28267.0,2028-02-17,6.255227995945951,423627.0,Started
1103,8,Emergency Fund,306703.0,240883.0,2026-09-16,78.53949912456024,65820.0,Almost Complete
1104,271,Vacation,66646.0,58006.0,2027-12-22,87.0359811541578,8640.0,Almost Complete
1105,277,Vacation,260721.0,232486.0,2027-01-17,89.17041588517995,28235.0,Almost Complete
1106,230,Car Purchase,479434.0,75799.0,2029-01-01,15.810101077520578,403635.0,Started
1107,79,Emergency Fund,683789.0,211416.0,2028-03-05,30.918309595503878,472373.0,Started
1108,444,Car Purchase,54696.0,45190.0,2029-05-30,82.62030130174053,9506.0,Almost Complete
1109,221,House Down Payment,856363.0,410846.0,2028-08-28,47.97568320910642,445517.0,Started
1110,59,Car Purchase,547837.0,85759.0,2026-09-10,15.65410879513432,462078.0,Started
1111,485,House Down Payment,943115.0,461408.0,2029-04-10,48.92383219437714,481707.0,Started
1112,357,House Down Payment,773260.0,658129.0,2028-02-03,85.11095879781703,115131.0,Almost Complete
1113,120,Vacation,349150.0,52829.0,2028-11-27,15.13074609766576,296321.0,Started
1114,286,House Down Payment,912089.0,689756.0,2028-10-12,75.62376040057495,222333.0,Almost Complete
1115,465,House Down Payment,914484.0,503066.0,2027-09-15,55.01091325818713,411418.0,Half Completed
1116,217,House Down Payment,592887.0,47939.0,2029-01-16,8.085689178544984,544948.0,Started
1117,356,Vacation,144246.0,86719.0,2027-02-05,60.11882478543599,57527.0,Half Completed
1118,495,Vacation,235918.0,38488.0,2027-03-11,16.31414304970371,197430.0,Started
1119,48,Car Purchase,333166.0,117410.0,2029-01-18,35.24069082679505,215756.0,Started
1120,171,Emergency Fund,235004.0,168904.0,2028-03-29,71.8728191860564,66100.0,Half Completed
1121,329,Emergency Fund,288906.0,232013.0,2028-05-13,80.30743563650461,56893.0,Almost Complete
1122,69,Vacation,899994.0,143398.0,2026-12-24,15.933217332559996,756596.0,Started
1123,386,House Down Payment,420690.0,394368.0,2026-09-11,93.74313627611781,26322.0,Almost Complete
1124,268,Vacation,400719.0,393715.0,2029-06-05,98.25214177515915,7004.0,Almost Complete
1125,169,House Down Payment,686453.0,98611.0,2028-04-09,14.36529522050308,587842.0,Started
1126,131,House Down Payment,348547.0,275055.0,2027-07-31,78.91475181252457,73492.0,Almost Complete
1127,73,House Down Payment,61315.0,51375.0,2029-01-13,83.78863247166272,9940.0,Almost Complete
1128,395,Emergency Fund,639073.0,212071.0,2029-01-19,33.18415893020046,427002.0,Started
1129,80,House Down Payment,258569.0,123837.0,2027-05-24,47.89321225668971,134732.0,Started
1130,299,Car Purchase,816569.0,416015.0,2027-08-06,50.946705054931066,400554.0,Half Completed
1131,19,Car Purchase,352111.0,75497.0,2028-02-04,21.441250060350285,276614.0,Started
1132,1,House Down Payment,204036.0,189971.0,2026-09-13,93.1066086376914,14065.0,Almost Complete
1133,81,House Down Payment,574521.0,212671.0,2028-02-02,37.01709772140618,361850.0,Started
1134,498,House Down Payment,395494.0,77212.0,2028-11-08,19.522925758671434,318282.0,Started
1135,360,Emergency Fund,575328.0,138259.0,2029-04-28,24.031335168808056,437069.0,Started
1136,49,House Down Payment,290526.0,117104.0,2027-02-07,40.30758004447107,173422.0,Started
1137,467,Emergency Fund,60300.0,23044.0,2027-07-22,38.21558872305141,37256.0,Started
1138,150,Car Purchase,978386.0,212914.0,2028-05-02,21.76175865149338,765472.0,Started
1139,67,Emergency Fund,902447.0,901568.0,2026-08-01,99.90259815811898,879.0,Almost Complete
1140,62,Car Purchase,807711.0,58185.0,2028-03-23,7.203690428878646,749526.0,Started
1141,185,Emergency Fund,532475.0,99740.0,2027-01-18,18.73139584018029,432735.0,Started
1142,444,Vacation,851738.0,553914.0,2027-08-07,65.03337880897647,297824.0,Half Completed
1143,107,Vacation,663741.0,657368.0,2027-08-05,99.03983632169778,6373.0,Almost Complete
1144,364,Car Purchase,312405.0,301152.0,2028-12-17,96.39794497527248,11253.0,Almost Complete
1145,321,Car Purchase,133490.0,54860.0,2027-09-09,41.096711364147126,78630.0,Started
1146,47,House Down Payment,335271.0,139999.0,2028-02-27,41.75696675226906,195272.0,Started
1147,321,Vacation,144698.0,17141.0,2029-02-08,11.846051776804103,127557.0,Started
1148,435,House Down Payment,985280.0,827418.0,2028-02-29,83.9779555050341,157862.0,Almost Complete
1149,5,Car Purchase,764980.0,190678.0,2028-09-01,24.925880415174255,574302.0,Started
1150,300,Emergency Fund,92609.0,92361.0,2028-09-07,99.73220745283936,248.0,Almost Complete
1151,119,Car Purchase,714333.0,113110.0,2029-03-16,15.834351765913096,601223.0,Started
1152,497,House Down Payment,956035.0,88001.0,2029-05-28,9.204788527616667,868034.0,Started
1153,293,Car Purchase,798363.0,747815.0,2028-12-08,93.66854425868935,50548.0,Almost Complete
1154,238,House Down Payment,660118.0,52841.0,2028-06-17,8.004780963403512,607277.0,Started
1155,59,Car Purchase,515472.0,157296.0,2027-12-05,30.51494552565416,358176.0,Started
1156,163,House Down Payment,329033.0,35689.0,2028-03-07,10.84663240465242,293344.0,Started
1157,54,Vacation,814361.0,157570.0,2028-03-22,19.34891282858585,656791.0,Started
1158,500,House Down Payment,598830.0,563405.0,2028-09-02,94.08429771387539,35425.0,Almost Complete
1159,384,Emergency Fund,964051.0,781159.0,2029-02-06,81.02880449270837,182892.0,Almost Complete
1160,270,House Down Payment,807154.0,659608.0,2028-04-27,81.72021695983666,147546.0,Almost Complete
1161,155,Vacation,231389.0,229851.0,2028-11-18,99.33531844642572,1538.0,Almost Complete
1162,357,Car Purchase,505188.0,424005.0,2028-04-24,83.93014085845269,81183.0,Almost Complete
1163,104,Car Purchase,586228.0,341153.0,2029-05-28,58.194593229937844,245075.0,Half Completed
1164,71,House Down Payment,860068.0,95437.0,2028-09-13,11.096448187817707,764631.0,Started
1165,403,Emergency Fund,544541.0,196810.0,2029-01-22,36.14236577227427,347731.0,Started
1166,278,Emergency Fund,448260.0,400213.0,2026-12-13,89.28144380493464,48047.0,Almost Complete
1167,110,House Down Payment,260225.0,252028.0,2027-04-07,96.85003362474781,8197.0,Almost Complete
1168,421,Emergency Fund,872143.0,550882.0,2029-01-26,63.16418293788977,321261.0,Half Completed
1169,190,Car Purchase,157867.0,142513.0,2027-07-24,90.27409148207035,15354.0,Almost Complete
1170,247,Vacation,242702.0,129306.0,2028-04-20,53.27768209573881,113396.0,Half Completed
1171,78,House Down Payment,237507.0,64397.0,2027-05-10,27.113727174356967,173110.0,Started
1172,229,House Down Payment,78173.0,76670.0,2028-02-29,98.07734128151664,1503.0,Almost Complete
1173,205,Vacation,565898.0,367352.0,2028-08-18,64.91487865304349,198546.0,Half Completed
1174,191,House Down Payment,848652.0,637283.0,2028-08-18,75.09356014008097,211369.0,Almost Complete
1175,281,Vacation,139630.0,95469.0,2026-09-01,68.37284251235408,44161.0,Half Completed
1176,130,Emergency Fund,939575.0,759942.0,2027-09-10,80.88146236330256,179633.0,Almost Complete
1177,300,Emergency Fund,75846.0,16056.0,2027-04-16,21.169211296574638,59790.0,Started
1178,338,Vacation,829080.0,648544.0,2028-01-29,78.22453804216723,180536.0,Almost Complete
1179,101,House Down Payment,734072.0,716941.0,2026-11-25,97.6663052125677,17131.0,Almost Complete
1180,131,House Down Payment,90306.0,62347.0,2026-09-28,69.03970943237438,27959.0,Half Completed
1181,253,Car Purchase,957903.0,33071.0,2028-09-29,3.4524372509533845,924832.0,Started
1182,234,House Down Payment,810264.0,432774.0,2028-01-07,53.41148070258582,377490.0,Half Completed
1183,451,Emergency Fund,167473.0,140803.0,2029-07-06,84.07504493261601,26670.0,Almost Complete
1184,27,Vacation,116232.0,53074.0,2026-11-12,45.662124027806456,63158.0,Started
1185,10,Emergency Fund,783813.0,433882.0,2028-05-14,55.35529520434083,349931.0,Half Completed
1186,270,Emergency Fund,751863.0,684242.0,2028-04-09,91.00620724786297,67621.0,Almost Complete
1187,199,Vacation,984319.0,544631.0,2026-09-09,55.330741355190746,439688.0,Half Completed
1188,80,Emergency Fund,625057.0,109468.0,2029-04-12,17.51328278860968,515589.0,Started
1189,494,Vacation,142434.0,78052.0,2027-10-07,54.79871379024671,64382.0,Half Completed
1190,456,Vacation,906858.0,595156.0,2028-07-04,65.62835636891332,311702.0,Half Completed
1191,465,Emergency Fund,278333.0,123905.0,2028-09-14,44.51681978062249,154428.0,Started
1192,465,Vacation,432214.0,148596.0,2028-10-17,34.38019129412744,283618.0,Started
1193,350,Car Purchase,85305.0,43568.0,2027-08-02,51.073207901060904,41737.0,Half Completed
1194,266,House Down Payment,867393.0,24232.0,2029-02-12,2.79365869911332,843161.0,Started
1195,46,Car Purchase,376413.0,129480.0,2027-06-21,34.39838687824278,246933.0,Started
1196,341,House Down Payment,239126.0,102686.0,2027-10-30,42.94221456470647,136440.0,Started
1197,21,House Down Payment,183360.0,100127.0,2027-03-10,54.60678446771379,83233.0,Half Completed
1198,461,House Down Payment,536925.0,16460.0,2027-01-21,3.0656050658844345,520465.0,Started
1199,153,Vacation,272968.0,264855.0,2029-06-08,97.02785674511298,8113.0,Almost Complete
1200,368,Car Purchase,987292.0,210488.0,2029-04-21,21.319731143369946,776804.0,Started
1201,77,Car Purchase,812083.0,243424.0,2029-05-28,29.97526114941453,568659.0,Started
1202,309,Vacation,200959.0,103499.0,2028-06-02,51.50254529530899,97460.0,Half Completed
1203,375,Emergency Fund,850352.0,269815.0,2027-05-15,31.729801305812185,580537.0,Started
1204,371,House Down Payment,771529.0,175038.0,2026-10-10,22.687157579300322,596491.0,Started
1205,394,Car Purchase,165354.0,126008.0,2027-02-15,76.2049905052191,39346.0,Almost Complete
1206,267,Vacation,932192.0,922567.0,2027-07-25,98.96748738457313,9625.0,Almost Complete
1207,84,Car Purchase,944988.0,254097.0,2029-02-16,26.888912875084124,690891.0,Started
1208,34,Vacation,797542.0,202265.0,2026-09-27,25.36104681634321,595277.0,Started
1209,11,Car Purchase,254290.0,128754.0,2027-05-26,50.632742144795316,125536.0,Half Completed
1210,329,Emergency Fund,582768.0,113030.0,2026-11-26,19.395368311231913,469738.0,Started
1211,433,Car Purchase,928260.0,912400.0,2027-07-22,98.29142697089178,15860.0,Almost Complete
1212,120,Vacation,806109.0,782835.0,2028-06-01,97.11279740084777,23274.0,Almost Complete
1213,274,Vacation,821884.0,753617.0,2029-01-29,91.69384000661894,68267.0,Almost Complete
1214,197,Car Purchase,523044.0,219937.0,2027-01-12,42.04942605211034,303107.0,Started
1215,179,House Down Payment,870916.0,723012.0,2026-08-24,83.01742073862462,147904.0,Almost Complete
1216,75,Emergency Fund,846384.0,287681.0,2028-09-16,33.989418514527685,558703.0,Started
1217,292,House Down Payment,741536.0,553549.0,2027-03-14,74.648971863807,187987.0,Half Completed
1218,28,Car Purchase,129018.0,41775.0,2028-12-26,32.379202901920664,87243.0,Started
1219,99,Emergency Fund,662256.0,33155.0,2027-10-19,5.0063721581986425,629101.0,Started
1220,42,Car Purchase,544481.0,329470.0,2029-04-29,60.510835088827704,215011.0,Half Completed
1221,225,Vacation,910673.0,147196.0,2028-02-07,16.16343078141111,763477.0,Started
1222,197,Vacation,99519.0,22098.0,2026-10-25,22.204805112591565,77421.0,Started
1223,21,Emergency Fund,807942.0,720388.0,2029-04-23,89.16333103118788,87554.0,Almost Complete
1224,284,Emergency Fund,733412.0,340457.0,2028-09-01,46.42097484088071,392955.0,Started
1225,259,Vacation,554171.0,273459.0,2028-01-03,49.34559910208221,280712.0,Started
1226,52,House Down Payment,655297.0,356405.0,2027-09-28,54.388315527157914,298892.0,Half Completed
1227,257,Emergency Fund,92588.0,71585.0,2027-07-12,77.31563485548884,21003.0,Almost Complete
1228,317,Emergency Fund,802935.0,105176.0,2026-09-19,13.098943251944428,697759.0,Started
1229,310,Vacation,557930.0,263597.0,2027-10-27,47.24553259369455,294333.0,Started
1230,459,Emergency Fund,269857.0,114325.0,2027-11-06,42.36503036793561,155532.0,Started
1231,220,House Down Payment,587563.0,417937.0,2028-07-10,71.13058514576309,169626.0,Half Completed
1232,160,Emergency Fund,256792.0,175639.0,2027-10-27,68.39737998068476,81153.0,Half Completed
1233,7,Emergency Fund,608301.0,156861.0,2028-10-26,25.78674044593055,451440.0,Started
1234,86,Car Purchase,756524.0,362570.0,2027-02-22,47.925776313771934,393954.0,Started
1235,245,House Down Payment,265071.0,11109.0,2027-05-20,4.190952612696221,253962.0,Started
1236,431,Car Purchase,215396.0,77218.0,2028-07-12,35.84931939311779,138178.0,Started
1237,200,Car Purchase,851057.0,600040.0,2027-03-26,70.50526580475808,251017.0,Half Completed
1238,382,Emergency Fund,739069.0,51527.0,2029-01-12,6.971879486218473,687542.0,Started
1239,493,House Down Payment,942790.0,486707.0,2027-11-23,51.624115656721,456083.0,Half Completed
1240,347,Car Purchase,259519.0,155822.0,2028-01-28,60.04261730355003,103697.0,Half Completed
1241,498,Car Purchase,137532.0,72523.0,2028-12-30,52.731727888782245,65009.0,Half Completed
1242,211,Vacation,637952.0,323680.0,2028-08-30,50.7373595505618,314272.0,Half Completed
1243,228,Vacation,795948.0,172759.0,2028-01-24,21.70480986195078,623189.0,Started
1244,358,Vacation,994656.0,485272.0,2027-06-28,48.787922658688025,509384.0,Started
1245,82,House Down Payment,659836.0,513495.0,2029-04-29,77.82161021829667,146341.0,Almost Complete
1246,388,House Down Payment,528286.0,170562.0,2027-11-17,32.28592088376372,357724.0,Started
1247,474,House Down Payment,353892.0,142027.0,2029-05-12,40.132865393962,211865.0,Started
1248,104,Car Purchase,61529.0,51978.0,2029-06-19,84.47723837540022,9551.0,Almost Complete
1249,81,Car Purchase,455297.0,407993.0,2027-10-26,89.61029833273665,47304.0,Almost Complete
1250,399,Vacation,999308.0,31516.0,2028-11-12,3.1537824174328635,967792.0,Started
1251,429,Car Purchase,956572.0,622641.0,2028-04-04,65.09086613448856,333931.0,Half Completed
1252,475,House Down Payment,500090.0,341503.0,2028-09-02,68.28830810454119,158587.0,Half Completed
1253,277,Car Purchase,916472.0,611075.0,2029-06-08,66.67688701891602,305397.0,Half Completed
1254,19,Vacation,592603.0,14135.0,2026-08-27,2.3852393592337537,578468.0,Started
1255,116,Emergency Fund,81178.0,70876.0,2027-11-08,87.30936953361748,10302.0,Almost Complete
1256,339,House Down Payment,938604.0,937106.0,2028-08-08,99.84040127678978,1498.0,Almost Complete
1257,188,Vacation,829574.0,712943.0,2027-12-18,85.94085639135267,116631.0,Almost Complete
1258,55,Vacation,621116.0,120159.0,2027-05-01,19.34566167994384,500957.0,Started
1259,349,House Down Payment,771486.0,513992.0,2027-01-19,66.62363283325945,257494.0,Half Completed
1260,432,Emergency Fund,165019.0,109973.0,2027-04-13,66.64262903059648,55046.0,Half Completed
1261,467,Car Purchase,660172.0,298513.0,2027-11-15,45.217458480517195,361659.0,Started
1262,368,Vacation,354423.0,108342.0,2026-12-05,30.568557909616473,246081.0,Started
1263,34,House Down Payment,202754.0,80053.0,2028-08-02,39.48282154729377,122701.0,Started
1264,420,Emergency Fund,423681.0,337210.0,2028-12-12,79.59054099664607,86471.0,Almost Complete
1265,19,Emergency Fund,473313.0,219574.0,2029-07-14,46.3908660865009,253739.0,Started
1266,444,Vacation,88696.0,53073.0,2026-11-09,59.836971227563815,35623.0,Half Completed
1267,296,Vacation,121974.0,29632.0,2028-10-19,24.293701936478264,92342.0,Started
1268,303,Emergency Fund,541733.0,37157.0,2028-04-06,6.858913893006334,504576.0,Started
1269,70,Car Purchase,418635.0,39453.0,2029-04-15,9.424200078827619,379182.0,Started
1270,130,Vacation,841046.0,571202.0,2029-03-15,67.9156669195264,269844.0,Half Completed
1271,429,Car Purchase,977016.0,903152.0,2027-03-10,92.43983721863306,73864.0,Almost Complete
1272,287,Emergency Fund,494409.0,225385.0,2028-05-16,45.58675105024383,269024.0,Started
1273,330,House Down Payment,488289.0,115055.0,2029-07-11,23.562890009809763,373234.0,Started
1274,159,Emergency Fund,124536.0,49615.0,2027-11-07,39.83988565555342,74921.0,Started
1275,349,House Down Payment,495047.0,250777.0,2028-06-12,50.65721032548425,244270.0,Half Completed
1276,142,House Down Payment,776908.0,13982.0,2027-06-23,1.7996982911747597,762926.0,Started
1277,52,Emergency Fund,807221.0,337492.0,2027-04-18,41.809120426748066,469729.0,Started
1278,496,House Down Payment,283874.0,138331.0,2026-11-29,48.729718114374684,145543.0,Started
1279,130,House Down Payment,56960.0,51823.0,2029-02-12,90.98139044943821,5137.0,Almost Complete
1280,16,Vacation,206010.0,186933.0,2028-10-12,90.73976991408183,19077.0,Almost Complete
1281,316,Car Purchase,607369.0,419080.0,2028-05-27,68.99924098859178,188289.0,Half Completed
1282,230,Emergency Fund,699999.0,545928.0,2028-09-19,77.98982569975101,154071.0,Almost Complete
1283,326,Vacation,747709.0,569822.0,2028-03-23,76.20905994176879,177887.0,Almost Complete
1284,92,Vacation,333815.0,263871.0,2026-08-24,79.0470769737729,69944.0,Almost Complete
1285,391,Car Purchase,351022.0,294325.0,2027-08-06,83.84802092176558,56697.0,Almost Complete
1286,228,Emergency Fund,61026.0,13361.0,2028-11-04,21.8939468423295,47665.0,Started
1287,135,Vacation,135967.0,39266.0,2029-01-13,28.87906624401509,96701.0,Started
1288,351,Car Purchase,893012.0,550935.0,2028-12-05,61.69401978920776,342077.0,Half Completed
1289,219,House Down Payment,804949.0,562154.0,2027-10-06,69.83721950086279,242795.0,Half Completed
1290,198,Vacation,699744.0,145195.0,2029-03-21,20.749731330315086,554549.0,Started
1291,255,Car Purchase,273334.0,114731.0,2027-10-12,41.974653720356784,158603.0,Started
1292,99,Emergency Fund,999643.0,430499.0,2027-07-06,43.06527430292614,569144.0,Started
1293,477,House Down Payment,710461.0,178239.0,2026-12-01,25.087795107683604,532222.0,Started
1294,141,Vacation,510548.0,97958.0,2028-11-24,19.18683453857424,412590.0,Started
1295,495,Car Purchase,129900.0,24183.0,2028-01-08,18.61662817551963,105717.0,Started
1296,39,Emergency Fund,217864.0,120301.0,2026-08-31,55.21839312598685,97563.0,Half Completed
1297,321,Emergency Fund,890497.0,604007.0,2029-03-22,67.82807802833698,286490.0,Half Completed
1298,287,Vacation,84291.0,63459.0,2026-10-20,75.28561768160303,20832.0,Almost Complete
1299,438,Car Purchase,206534.0,151364.0,2027-06-17,73.28769113075813,55170.0,Half Completed
1300,69,Emergency Fund,336810.0,330369.0,2026-09-09,98.08764585374543,6441.0,Almost Complete
1301,256,Car Purchase,135350.0,102113.0,2028-12-06,75.4436645733284,33237.0,Almost Complete
1302,26,Vacation,652094.0,563435.0,2028-11-14,86.40395403116729,88659.0,Almost Complete
1303,213,Vacation,125755.0,112425.0,2027-06-26,89.4000238559103,13330.0,Almost Complete
1304,240,Car Purchase,112069.0,83712.0,2026-12-26,74.6968385548189,28357.0,Half Completed
1305,212,Vacation,199030.0,37776.0,2029-05-27,18.980053258302767,161254.0,Started
1306,404,Emergency Fund,915581.0,472469.0,2028-01-01,51.60318966863664,443112.0,Half Completed
1307,256,House Down Payment,184028.0,19185.0,2028-04-13,10.42504401504119,164843.0,Started
1308,77,Car Purchase,673373.0,366627.0,2027-09-04,54.446346972628845,306746.0,Half Completed
1309,10,Emergency Fund,252686.0,155806.0,2029-03-22,61.65992575765971,96880.0,Half Completed
1310,281,Car Purchase,69329.0,61150.0,2026-09-17,88.20262804886843,8179.0,Almost Complete
1311,270,Vacation,843708.0,57482.0,2028-07-24,6.813020618507824,786226.0,Started
1312,214,Vacation,950778.0,180772.0,2027-07-05,19.013060882771793,770006.0,Started
1313,8,Vacation,165684.0,37586.0,2027-07-01,22.685352840346685,128098.0,Started
1314,493,Car Purchase,771927.0,693490.0,2028-10-18,89.83880600108559,78437.0,Almost Complete
1315,427,House Down Payment,728508.0,267731.0,2028-09-30,36.75059162013321,460777.0,Started
1316,63,Vacation,55854.0,14375.0,2027-09-29,25.736742220789914,41479.0,Started
1317,471,Emergency Fund,995638.0,290411.0,2028-05-03,29.16833226534142,705227.0,Started
1318,306,Vacation,393892.0,260840.0,2026-10-01,66.22119768870654,133052.0,Half Completed
1319,234,Car Purchase,869237.0,792780.0,2027-01-18,91.20412499698011,76457.0,Almost Complete
1320,371,Emergency Fund,209366.0,89417.0,2028-07-29,42.70846269212766,119949.0,Started
1321,245,Emergency Fund,766994.0,513067.0,2029-04-24,66.89322211125511,253927.0,Half Completed
1322,109,Emergency Fund,682860.0,474163.0,2028-09-01,69.43780569955774,208697.0,Half Completed
1323,277,Emergency Fund,800415.0,250293.0,2028-03-08,31.270403478195686,550122.0,Started
1324,202,Car Purchase,190835.0,142070.0,2027-08-20,74.44651138418004,48765.0,Half Completed
1325,345,Car Purchase,888815.0,88306.0,2026-11-07,9.93525086772838,800509.0,Started
1326,384,House Down Payment,126986.0,86751.0,2027-01-25,68.3154048477785,40235.0,Half Completed
1327,484,Car Purchase,538058.0,226026.0,2029-03-30,42.00773894264187,312032.0,Started
1328,160,Emergency Fund,369897.0,89412.0,2028-09-15,24.17213440498301,280485.0,Started
1329,109,Emergency Fund,255534.0,41118.0,2026-07-30,16.091009415576792,214416.0,Started
1330,55,Emergency Fund,50082.0,17803.0,2027-03-17,35.54770176909868,32279.0,Started
1331,367,Vacation,311049.0,58880.0,2029-03-26,18.929493423865694,252169.0,Started
1332,121,House Down Payment,955432.0,472287.0,2028-06-21,49.43177536444247,483145.0,Started
1333,269,Emergency Fund,636154.0,433879.0,2029-07-08,68.20345388066411,202275.0,Half Completed
1334,433,Vacation,851372.0,643106.0,2028-11-10,75.53760283401381,208266.0,Almost Complete
1335,424,Vacation,710582.0,14536.0,2029-02-14,2.045647089287373,696046.0,Started
1336,327,Car Purchase,139806.0,61108.0,2026-10-27,43.709139808019685,78698.0,Started
1337,139,House Down Payment,355493.0,233045.0,2026-11-23,65.5554399102092,122448.0,Half Completed
1338,20,House Down Payment,269713.0,47500.0,2026-08-31,17.611312765791787,222213.0,Started
1339,290,Car Purchase,750002.0,353693.0,2028-07-10,47.15894090949091,396309.0,Started
1340,255,Vacation,579085.0,58558.0,2028-02-01,10.112159700216722,520527.0,Started
1341,343,Car Purchase,243832.0,173809.0,2029-07-11,71.28227632140161,70023.0,Half Completed
1342,27,Vacation,801103.0,347686.0,2029-05-26,43.40091099396707,453417.0,Started
1343,371,House Down Payment,845532.0,54946.0,2028-09-06,6.4983939105793755,790586.0,Started
1344,443,Vacation,922147.0,147746.0,2027-10-03,16.021957453638088,774401.0,Started
1345,150,Emergency Fund,218560.0,168154.0,2027-09-26,76.93722547584187,50406.0,Almost Complete
1346,346,Car Purchase,609859.0,237324.0,2029-02-03,38.914568777373134,372535.0,Started
1347,263,Vacation,107536.0,27508.0,2027-11-18,25.580270793036753,80028.0,Started
1348,131,Emergency Fund,762684.0,704309.0,2028-12-15,92.34610926674743,58375.0,Almost Complete
1349,103,Emergency Fund,705627.0,451054.0,2028-01-09,63.92244060955717,254573.0,Half Completed
1350,255,Car Purchase,607072.0,186060.0,2026-07-31,30.648753360392178,421012.0,Started
1351,182,Vacation,534931.0,326931.0,2028-06-30,61.116480443272124,208000.0,Half Completed
1352,381,Car Purchase,455133.0,322201.0,2029-06-27,70.79271333873834,132932.0,Half Completed
1353,403,House Down Payment,563653.0,162193.0,2029-06-27,28.775328083058195,401460.0,Started
1354,396,Vacation,573457.0,316691.0,2027-10-13,55.224890445142364,256766.0,Half Completed
1355,94,House Down Payment,182028.0,63044.0,2026-09-03,34.634232096161035,118984.0,Started
1356,221,Car Purchase,190202.0,64457.0,2027-05-17,33.88870779487071,125745.0,Started
1357,157,Emergency Fund,684048.0,519228.0,2027-12-02,75.90519963511333,164820.0,Almost Complete
1358,147,House Down Payment,552066.0,428951.0,2028-10-19,77.69922436810091,123115.0,Almost Complete
1359,460,Vacation,999133.0,995308.0,2028-10-27,99.61716808472946,3825.0,Almost Complete
1360,421,Car Purchase,316531.0,308490.0,2028-03-30,97.45964850204246,8041.0,Almost Complete
1361,425,Car Purchase,85608.0,37711.0,2027-04-11,44.05078964582749,47897.0,Started
1362,221,House Down Payment,461259.0,95231.0,2028-06-09,20.64588441634743,366028.0,Started
1363,159,Car Purchase,362263.0,168653.0,2028-09-24,46.55540311872866,193610.0,Started
1364,38,Vacation,154319.0,149941.0,2026-08-17,97.16301945969063,4378.0,Almost Complete
1365,403,Emergency Fund,218938.0,210712.0,2029-03-13,96.24277192629876,8226.0,Almost Complete
1366,79,Emergency Fund,276570.0,268532.0,2028-12-31,97.0936833351412,8038.0,Almost Complete
1367,494,Vacation,67237.0,30766.0,2027-09-26,45.75754420928953,36471.0,Started
1368,485,Car Purchase,210369.0,20758.0,2027-01-27,9.867423432159681,189611.0,Started
1369,382,Vacation,757718.0,324264.0,2028-10-12,42.794812845940044,433454.0,Started
1370,150,Emergency Fund,286796.0,13414.0,2029-07-11,4.677192150518138,273382.0,Started
1371,433,Vacation,125377.0,57558.0,2026-10-30,45.90794164798967,67819.0,Started
1372,28,Emergency Fund,591052.0,290712.0,2027-08-29,49.185520055764975,300340.0,Started
1373,140,Car Purchase,767898.0,33023.0,2029-05-21,4.300440943979539,734875.0,Started
1374,499,House Down Payment,867322.0,291047.0,2028-04-14,33.55697192046322,576275.0,Started
1375,240,Vacation,246513.0,30031.0,2026-12-16,12.182318985205647,216482.0,Started
1376,230,House Down Payment,286148.0,240169.0,2028-11-28,83.93174161622656,45979.0,Almost Complete
1377,198,House Down Payment,903669.0,344267.0,2028-09-25,38.09658182365446,559402.0,Started
1378,497,Emergency Fund,594467.0,136688.0,2026-08-13,22.993370531921872,457779.0,Started
1379,283,Emergency Fund,619105.0,89514.0,2028-05-23,14.458613643889162,529591.0,Started
1380,324,Emergency Fund,426484.0,198558.0,2028-01-25,46.556963449977026,227926.0,Started
1381,123,Vacation,751958.0,408799.0,2027-05-11,54.36460546998636,343159.0,Half Completed
1382,499,Emergency Fund,620038.0,493393.0,2027-04-06,79.57463897374032,126645.0,Almost Complete
1383,495,Car Purchase,756602.0,327721.0,2027-08-12,43.31484717196095,428881.0,Started
1384,466,Emergency Fund,931974.0,381998.0,2027-11-06,40.98805331479205,549976.0,Started
1385,208,Car Purchase,250441.0,94740.0,2028-10-07,37.82926916918556,155701.0,Started
1386,223,Vacation,790851.0,653759.0,2027-04-07,82.66525552853825,137092.0,Almost Complete
1387,442,Car Purchase,119560.0,36898.0,2027-12-11,30.86149213783874,82662.0,Started
1388,184,Vacation,661805.0,88384.0,2028-10-30,13.354991273864659,573421.0,Started
1389,43,House Down Payment,360422.0,335294.0,2028-04-25,93.02817253108856,25128.0,Almost Complete
1390,214,Emergency Fund,424478.0,396600.0,2028-12-22,93.43240403507367,27878.0,Almost Complete
1391,220,Car Purchase,668037.0,524637.0,2027-10-13,78.5341231099475,143400.0,Almost Complete
1392,168,House Down Payment,710706.0,313383.0,2028-08-18,44.094604520012496,397323.0,Started
1393,287,Car Purchase,765400.0,433884.0,2029-04-13,56.6872223673896,331516.0,Half Completed
1394,315,House Down Payment,249004.0,242826.0,2026-09-16,97.51891535878941,6178.0,Almost Complete
1395,400,Emergency Fund,885174.0,695440.0,2028-12-27,78.56534421480974,189734.0,Almost Complete
1396,418,House Down Payment,184667.0,165601.0,2027-02-17,89.67546989987383,19066.0,Almost Complete
1397,176,Emergency Fund,199848.0,97828.0,2027-07-08,48.951202914214804,102020.0,Started
1398,328,Car Purchase,992653.0,452789.0,2028-11-22,45.61402625086511,539864.0,Started
1399,431,Vacation,988183.0,112551.0,2026-10-23,11.38969199024877,875632.0,Started
1400,366,Emergency Fund,109487.0,10567.0,2029-01-20,9.651374135742143,98920.0,Started
1401,416,Car Purchase,53614.0,20022.0,2029-01-14,37.34472339314358,33592.0,Started
1402,222,Car Purchase,89605.0,34534.0,2026-09-27,38.540260030132245,55071.0,Started
1403,60,House Down Payment,815822.0,221582.0,2029-04-23,27.160581597456307,594240.0,Started
1404,265,House Down Payment,421736.0,12376.0,2028-03-23,2.9345372460496613,409360.0,Started
1405,206,House Down Payment,425111.0,176606.0,2029-07-07,41.54350275575085,248505.0,Started
1406,218,Car Purchase,971764.0,639184.0,2028-09-13,65.77564099925496,332580.0,Half Completed
1407,288,Vacation,713108.0,649920.0,2027-03-13,91.13907009877886,63188.0,Almost Complete
1408,215,Car Purchase,653952.0,109930.0,2027-11-17,16.810102270503034,544022.0,Started
1409,107,Vacation,580204.0,568518.0,2028-04-29,97.98588082812252,11686.0,Almost Complete
1410,252,Emergency Fund,259547.0,218398.0,2029-07-12,84.14583871129314,41149.0,Almost Complete
1411,108,House Down Payment,104272.0,10118.0,2028-08-12,9.703467853306737,94154.0,Started
1412,317,Vacation,860494.0,156043.0,2028-04-22,18.134118308785418,704451.0,Started
1413,452,Car Purchase,226785.0,148852.0,2027-07-14,65.63573428577727,77933.0,Half Completed
1414,220,Emergency Fund,477143.0,271612.0,2028-11-16,56.92465361537317,205531.0,Half Completed
1415,137,House Down Payment,629908.0,610615.0,2029-01-12,96.93717177746592,19293.0,Almost Complete
1416,363,Vacation,470209.0,196954.0,2028-04-13,41.8864802672854,273255.0,Started
1417,1,Vacation,72869.0,56861.0,2027-12-09,78.03181050927006,16008.0,Almost Complete
1418,72,Car Purchase,532473.0,247451.0,2027-02-05,46.472027689666895,285022.0,Started
1419,171,Car Purchase,563706.0,315388.0,2028-12-19,55.949023072310744,248318.0,Half Completed
1420,328,Emergency Fund,167388.0,111024.0,2026-12-19,66.32733529285252,56364.0,Half Completed
1421,169,House Down Payment,483298.0,344434.0,2029-06-26,71.26741679046881,138864.0,Half Completed
1422,126,Car Purchase,380348.0,156060.0,2027-04-04,41.030845436284665,224288.0,Started
1423,467,Vacation,699318.0,457489.0,2029-04-25,65.41930852630706,241829.0,Half Completed
1424,197,Emergency Fund,153373.0,18987.0,2029-04-05,12.379623532173198,134386.0,Started
1425,393,Emergency Fund,487396.0,170546.0,2027-10-11,34.99125967385863,316850.0,Started
1426,22,Vacation,55824.0,50191.0,2026-09-07,89.90935798222986,5633.0,Almost Complete
1427,435,Vacation,959282.0,837657.0,2028-02-21,87.32124651562314,121625.0,Almost Complete
1428,287,Emergency Fund,769304.0,216508.0,2028-09-12,28.143360752056406,552796.0,Started
1429,412,Vacation,782970.0,371088.0,2027-07-17,47.394919345568795,411882.0,Started
1430,340,Vacation,744170.0,681751.0,2027-01-24,91.61226601448593,62419.0,Almost Complete
1431,178,Vacation,106010.0,69154.0,2028-02-22,65.23346854070371,36856.0,Half Completed
1432,479,Vacation,856755.0,363030.0,2028-06-27,42.372673634819755,493725.0,Started
1433,437,Vacation,537817.0,52923.0,2028-06-18,9.840336025079162,484894.0,Started
1434,283,Car Purchase,89798.0,88020.0,2028-03-31,98.02000044544423,1778.0,Almost Complete
1435,347,Emergency Fund,862607.0,591349.0,2026-12-06,68.55369826583832,271258.0,Half Completed
1436,279,House Down Payment,782201.0,219562.0,2027-03-03,28.06976723374171,562639.0,Started
1437,421,Car Purchase,724838.0,316239.0,2028-01-02,43.62892122101766,408599.0,Started
1438,120,Car Purchase,820690.0,67887.0,2028-01-25,8.27194190254542,752803.0,Started
1439,151,House Down Payment,991312.0,622659.0,2027-04-26,62.81160724373356,368653.0,Half Completed
1440,15,Emergency Fund,143730.0,53091.0,2027-11-07,36.93800876643707,90639.0,Started
1441,228,House Down Payment,967689.0,613008.0,2026-08-09,63.3476251150938,354681.0,Half Completed
1442,198,Car Purchase,884076.0,106099.0,2027-12-17,12.00111755097978,777977.0,Started
1443,140,Emergency Fund,939136.0,298004.0,2028-09-16,31.731719367588934,641132.0,Started
1444,61,Emergency Fund,208545.0,76554.0,2027-05-22,36.708624037977415,131991.0,Started
1445,66,Car Purchase,780201.0,268510.0,2029-02-22,34.41549036722588,511691.0,Started
1446,449,Emergency Fund,727192.0,289796.0,2028-06-08,39.85137350245878,437396.0,Started
1447,63,Vacation,72460.0,69882.0,2028-05-31,96.44217499309964,2578.0,Almost Complete
1448,228,Vacation,766260.0,274295.0,2027-05-31,35.79659645551118,491965.0,Started
1449,68,Emergency Fund,772463.0,70791.0,2028-05-24,9.164322433566397,701672.0,Started
1450,241,Car Purchase,794023.0,751654.0,2028-05-15,94.6640084733062,42369.0,Almost Complete
1451,363,Vacation,518880.0,300908.0,2028-10-25,57.9918285538082,217972.0,Half Completed
1452,28,Emergency Fund,71580.0,38625.0,2027-01-04,53.960603520536466,32955.0,Half Completed
1453,465,Car Purchase,228830.0,228128.0,2029-02-10,99.69322204256434,702.0,Almost Complete
1454,27,House Down Payment,301117.0,203638.0,2029-04-29,67.62753348366249,97479.0,Half Completed
1455,214,Vacation,175677.0,155792.0,2029-04-21,88.68093148220882,19885.0,Almost Complete
1456,65,Emergency Fund,974731.0,829929.0,2026-07-26,85.14441420248254,144802.0,Almost Complete
1457,6,Emergency Fund,489632.0,448266.0,2028-12-19,91.55161427357689,41366.0,Almost Complete
1458,305,House Down Payment,234950.0,106050.0,2027-11-24,45.13726324749947,128900.0,Started
1459,215,Vacation,876933.0,445928.0,2027-11-21,50.850863178828945,431005.0,Half Completed
1460,322,House Down Payment,788096.0,589038.0,2027-11-03,74.74190961507227,199058.0,Half Completed
1461,286,Car Purchase,549126.0,308940.0,2027-11-11,56.26031184099824,240186.0,Half Completed
1462,99,Car Purchase,368049.0,130170.0,2028-01-10,35.36757333941948,237879.0,Started
1463,230,Vacation,865051.0,690610.0,2028-01-17,79.83459934732173,174441.0,Almost Complete
1464,116,Vacation,961677.0,632753.0,2027-01-21,65.79683199244653,328924.0,Half Completed
1465,44,Emergency Fund,695521.0,458161.0,2029-06-18,65.87306493980772,237360.0,Half Completed
1466,100,Emergency Fund,109751.0,87357.0,2029-07-06,79.59563010815391,22394.0,Almost Complete
1467,199,Car Purchase,765621.0,629157.0,2026-11-10,82.17603749113465,136464.0,Almost Complete
1468,32,Vacation,127015.0,118442.0,2026-11-10,93.25040349565012,8573.0,Almost Complete
1469,342,House Down Payment,634936.0,310891.0,2027-12-08,48.964147567628864,324045.0,Started
1470,219,Emergency Fund,931030.0,723199.0,2027-03-01,77.67730363146192,207831.0,Almost Complete
1471,298,Vacation,117048.0,111291.0,2026-10-09,95.08150502358006,5757.0,Almost Complete
1472,172,Car Purchase,911856.0,737474.0,2029-05-10,80.87614711094734,174382.0,Almost Complete
1473,204,Emergency Fund,672303.0,670524.0,2028-11-23,99.73538716917818,1779.0,Almost Complete
1474,323,House Down Payment,321957.0,126976.0,2026-12-18,39.43880704566138,194981.0,Started
1475,113,Emergency Fund,194416.0,165949.0,2026-10-25,85.35768661015555,28467.0,Almost Complete
1476,6,Vacation,461566.0,457183.0,2029-06-25,99.05040665906935,4383.0,Almost Complete
1477,77,House Down Payment,336467.0,57794.0,2026-09-08,17.176721639863644,278673.0,Started
1478,367,Car Purchase,421480.0,71532.0,2027-07-20,16.971623801841133,349948.0,Started
1479,370,Emergency Fund,458735.0,339247.0,2027-04-07,73.95271780003706,119488.0,Half Completed
1480,148,House Down Payment,429113.0,75955.0,2028-10-07,17.700465844660965,353158.0,Started
1481,22,Emergency Fund,805153.0,204383.0,2026-09-18,25.384367940006435,600770.0,Started
1482,220,Vacation,277064.0,10014.0,2027-03-14,3.6143273756244043,267050.0,Started
1483,305,Car Purchase,947552.0,791436.0,2027-09-09,83.52428151700381,156116.0,Almost Complete
1484,116,Car Purchase,928497.0,561020.0,2027-09-05,60.422381547813295,367477.0,Half Completed
1485,182,Emergency Fund,815866.0,630269.0,2026-08-13,77.25153395287951,185597.0,Almost Complete
1486,225,Car Purchase,155711.0,144820.0,2027-10-16,93.00563222893695,10891.0,Almost Complete
1487,63,Emergency Fund,762564.0,460414.0,2027-06-17,60.37709621749781,302150.0,Half Completed
1488,101,Emergency Fund,109696.0,58220.0,2027-01-17,53.073949824970825,51476.0,Half Completed
1489,274,Vacation,241784.0,116673.0,2028-08-28,48.25505409787248,125111.0,Started
1490,61,Car Purchase,805488.0,138883.0,2027-09-02,17.242094233557793,666605.0,Started
1491,489,Emergency Fund,193982.0,108738.0,2028-06-14,56.055716509779266,85244.0,Half Completed
1492,237,Vacation,611193.0,381518.0,2026-10-26,62.42185365342863,229675.0,Half Completed
1493,324,Vacation,868194.0,94433.0,2027-08-30,10.87694685749959,773761.0,Started
1494,70,Car Purchase,618177.0,504442.0,2029-01-12,81.60154777676944,113735.0,Almost Complete
1495,421,Car Purchase,964407.0,386183.0,2028-10-29,40.043570816055876,578224.0,Started
1496,85,Car Purchase,382951.0,40414.0,2026-07-19,10.553308386712661,342537.0,Started
1497,357,Vacation,202423.0,158480.0,2027-11-12,78.2914984957243,43943.0,Almost Complete
1498,482,Emergency Fund,873559.0,198370.0,2028-12-22,22.7082543938074,675189.0,Started
1499,3,Car Purchase,112625.0,106365.0,2029-06-06,94.44173140954494,6260.0,Almost Complete
1500,294,Emergency Fund,385049.0,374686.0,2029-05-28,97.30865422322873,10363.0,Almost Complete
